t,r,y,u,e
0.0,0.0,0.0,0.0,0.0
0.002,0.0,0.0,0.0,0.0
0.004,0.0,0.0,0.0,0.0
0.006,0.0,0.0,0.0,0.0
0.008,0.0,0.0,0.0,0.0
0.01,0.0,0.0,0.0,0.0
0.012,0.0,0.0,0.0,0.0
0.014,0.0,0.0,0.0,0.0
0.016,0.0,0.0,0.0,0.0
0.018000000000000002,0.0,0.0,0.0,0.0
0.02,0.0,0.0,0.0,0.0
0.022,0.0,0.0,0.0,0.0
0.024,0.0,0.0,0.0,0.0
0.026000000000000002,0.0,0.0,0.0,0.0
0.028,0.0,0.0,0.0,0.0
0.03,0.0,0.0,0.0,0.0
0.032,0.0,0.0,0.0,0.0
0.034,0.0,0.0,0.0,0.0
0.036000000000000004,0.0,0.0,0.0,0.0
0.038,0.0,0.0,0.0,0.0
0.04,0.0,0.0,0.0,0.0
0.042,0.0,0.0,0.0,0.0
0.044,0.0,0.0,0.0,0.0
0.046,0.0,0.0,0.0,0.0
0.048,0.0,0.0,0.0,0.0
0.05,0.0,0.0,0.0,0.0
0.052000000000000005,0.0,0.0,0.0,0.0
0.054,0.0,0.0,0.0,0.0
0.056,0.0,0.0,0.0,0.0
0.058,0.0,0.0,0.0,0.0
0.06,0.0,0.0,0.0,0.0
0.062,0.0,0.0,0.0,0.0
0.064,0.0,0.0,0.0,0.0
0.066,0.0,0.0,0.0,0.0
0.068,0.0,0.0,0.0,0.0
0.07,0.0,0.0,0.0,0.0
0.07200000000000001,0.0,0.0,0.0,0.0
0.074,0.0,0.0,0.0,0.0
0.076,0.0,0.0,0.0,0.0
0.078,0.0,0.0,0.0,0.0
0.08,0.0,0.0,0.0,0.0
0.082,0.0,0.0,0.0,0.0
0.084,0.0,0.0,0.0,0.0
0.08600000000000001,0.0,0.0,0.0,0.0
0.088,0.0,0.0,0.0,0.0
0.09,0.0,0.0,0.0,0.0
0.092,0.0,0.0,0.0,0.0
0.094,0.0,0.0,0.0,0.0
0.096,0.0,0.0,0.0,0.0
0.098,0.0,0.0,0.0,0.0
0.1,0.0,0.0,0.0,0.0
0.10200000000000001,0.0,0.0,0.0,0.0
0.10400000000000001,0.0,0.0,0.0,0.0
0.106,0.0,0.0,0.0,0.0
0.108,0.0,0.0,0.0,0.0
0.11,0.0,0.0,0.0,0.0
0.112,0.0,0.0,0.0,0.0
0.114,0.0,0.0,0.0,0.0
0.116,0.0,0.0,0.0,0.0
0.11800000000000001,0.0,0.0,0.0,0.0
0.12,0.0,0.0,0.0,0.0
0.122,0.0,0.0,0.0,0.0
0.124,0.0,0.0,0.0,0.0
0.126,0.0,0.0,0.0,0.0
0.128,0.0,0.0,0.0,0.0
0.13,0.0,0.0,0.0,0.0
0.132,0.0,0.0,0.0,0.0
0.134,0.0,0.0,0.0,0.0
0.136,0.0,0.0,0.0,0.0
0.138,0.0,0.0,0.0,0.0
0.14,0.0,0.0,0.0,0.0
0.14200000000000002,0.0,0.0,0.0,0.0
0.14400000000000002,0.0,0.0,0.0,0.0
0.146,0.0,0.0,0.0,0.0
0.148,0.0,0.0,0.0,0.0
0.15,0.0,0.0,0.0,0.0
0.152,0.0,0.0,0.0,0.0
0.154,0.0,0.0,0.0,0.0
0.156,0.0,0.0,0.0,0.0
0.158,0.0,0.0,0.0,0.0
0.16,0.0,0.0,0.0,0.0
0.162,0.0,0.0,0.0,0.0
0.164,0.0,0.0,0.0,0.0
0.166,0.0,0.0,0.0,0.0
0.168,0.0,0.0,0.0,0.0
0.17,0.0,0.0,0.0,0.0
0.17200000000000001,0.0,0.0,0.0,0.0
0.17400000000000002,0.0,0.0,0.0,0.0
0.176,0.0,0.0,0.0,0.0
0.178,0.0,0.0,0.0,0.0
0.18,0.0,0.0,0.0,0.0
0.182,0.0,0.0,0.0,0.0
0.184,0.0,0.0,0.0,0.0
0.186,0.0,0.0,0.0,0.0
0.188,0.0,0.0,0.0,0.0
0.19,0.0,0.0,0.0,0.0
0.192,0.0,0.0,0.0,0.0
0.194,0.0,0.0,0.0,0.0
0.196,0.0,0.0,0.0,0.0
0.198,0.0,0.0,0.0,0.0
0.2,1.0,4e-05,10.0,1.0
0.202,1.0,5.410144661157053e-05,-6.458598347107369,0.99996
0.20400000000000001,1.0,2.8163898096989648e-05,-10.0,0.9999458985533884
0.20600000000000002,1.0,-3.77541288853897e-05,-10.0,0.999971836101903
0.20800000000000002,1.0,-0.00014357734851777387,-10.0,1.0000377541288854
0.21,1.0,-0.0002892132778002217,-10.0,1.0001435773485177
0.212,1.0,-0.00047455181753774337,-10.0,1.0002892132778003
0.214,1.0,-0.0006994648428496739,-10.0,1.0004745518175377
0.216,1.0,-0.0009638058037191189,-10.0,1.0006994648428498
0.218,1.0,-0.0012674093361050992,-10.0,1.0009638058037191
0.22,1.0,-0.00161009088414433,-10.0,1.0012674093361051
0.222,1.0,-0.001991646333973354,-10.0,1.0016100908841443
0.224,1.0,-0.0024118516597049625,-10.0,1.0019916463339733
0.226,1.0,-0.0028704625820955066,-10.0,1.002411851659705
0.228,1.0,-0.0033672142404417467,-10.0,1.0028704625820954
0.23,1.0,-0.003901820878247368,-10.0,1.0033672142404417
0.232,1.0,-0.004473975543200116,-10.0,1.0039018208782473
0.234,1.0,-0.005083349802000703,-10.0,1.0044739755432002
0.23600000000000002,1.0,-0.005729593470584184,-10.0,1.0050833498020006
0.23800000000000002,1.0,-0.006412334360273368,-10.0,1.005729593470584
0.24,1.0,-0.0071311780404019936,-10.0,1.0064123343602733
0.242,1.0,-0.007885707617942909,-10.0,1.007131178040402
0.244,1.0,-0.00867548353467322,-10.0,1.0078857076179428
0.246,1.0,-0.009500043382404396,-10.0,1.0086754835346732
0.248,1.0,-0.01035890173680062,-10.0,1.0095000433824044
0.25,1.0,-0.01125155001030317,-10.0,1.0103589017368007
0.252,1.0,-0.012177456324672325,-10.0,1.0112515500103032
0.254,1.0,-0.013136065403651302,-10.0,1.0121774563246724
0.256,1.0,-0.014126798486248836,-10.0,1.0131360654036512
0.258,1.0,-0.015149053261128347,-10.0,1.0141267984862488
0.26,1.0,-0.016202203822582216,-10.0,1.0151490532611283
0.262,1.0,-0.01728560064855931,-10.0,1.0162022038225822
0.264,1.0,-0.01839857060120279,-10.0,1.0172856006485593
0.266,1.0,-0.019540416950343257,-10.0,1.0183985706012029
0.268,1.0,-0.02071041942037937,-10.0,1.0195404169503433
0.27,1.0,-0.02190783426096444,-10.0,1.0207104194203793
0.272,1.0,-0.02313189434190284,-10.0,1.0219078342609644
0.274,1.0,-0.02438180927264475,-10.0,1.0231318943419028
0.276,1.0,-0.025656765546751274,-10.0,1.0243818092726447
0.278,1.0,-0.026955926711684872,-10.0,1.0256567655467512
0.28,1.0,-0.028278433564262007,-10.0,1.0269559267116848
0.28200000000000003,1.0,-0.029623404372085806,-10.0,1.028278433564262
0.28400000000000003,1.0,-0.030989935121256872,-10.0,1.0296234043720858
0.28600000000000003,1.0,-0.032377099790639574,-10.0,1.0309899351212568
0.28800000000000003,1.0,-0.033783950652939605,-10.0,1.0323770997906396
0.29,1.0,-0.03520951860282617,-10.0,1.0337839506529396
0.292,1.0,-0.03665281351230883,-10.0,1.035209518602826
0.294,1.0,-0.03811277271118034,-9.987024406368036,1.0366528135123088
0.296,1.0,-0.03958823992519305,-9.955681906216096,1.0381127727111803
0.298,1.0,-0.04107797326395552,-9.907819100497623,1.039588239925193
0.3,1.0,-0.042580652705549706,-9.845141699149895,1.0410779732639555
0.302,1.0,-0.04409488712158665,-9.769226001707372,1.0425806527055497
0.304,1.0,-0.045619220882572635,-9.681529404552048,1.0440948871215867
0.306,1.0,-0.04715214007992984,-9.583400016135538,1.0456192208825725
0.308,1.0,-0.04869207839777998,-9.476085454749025,1.0471521400799297
0.31,1.0,-0.05023742266463097,-9.360740897223357,1.04869207839778
0.312,1.0,-0.05178651811238405,-9.238436441260129,1.050237422664631
0.314,1.0,-0.05333767336758081,-9.110163838890147,1.051786518112384
0.316,1.0,-0.05488916519751815,-8.976842653783574,1.0533376733675808
0.318,1.0,-0.05643924303175699,-8.83932589075985,1.054889165197518
0.32,1.0,-0.05798613327762177,-8.698405141836597,1.056439243031757
0.322,1.0,-0.05952804344651864,-8.554815289480139,1.0579861332776217
0.324,1.0,-0.061063166106276885,-8.40923880434913,1.0595280434465186
0.326,1.0,-0.06258968267322908,-8.262309671735867,1.0610631661062768
0.328,1.0,-0.06410576705637958,-8.114616978074913,1.062589682673229
0.33,1.0,-0.06560958916475827,-7.9667081862947615,1.0641057670563796
0.332,1.0,-0.06709931828790713,-7.819092126406721,1.0656095891647583
0.334,1.0,-0.06857312635839408,-7.6722417255438655,1.0670993182879072
0.336,1.0,-0.07002919110428224,-7.526596499662157,1.0685731263583942
0.338,1.0,-0.07146569909859797,-7.382564827282323,1.0700291911042823
0.34,1.0,-0.07288084871202935,-7.2405260239683145,1.071465699098598
0.342,1.0,-0.07427285297434438,-7.1008322346982995,1.0728808487120294
0.34400000000000003,1.0,-0.07563994234933775,-6.96381015986884,1.0742728529743444
0.34600000000000003,1.0,-0.07698036742749291,-6.82976262937741,1.0756399423493377
0.34800000000000003,1.0,-0.0782924015399769,-6.698970038039905,1.076980367427493
0.35000000000000003,1.0,-0.07957434329706596,-6.571691654509417,1.0782924015399769
0.352,1.0,-0.08082451905362484,-6.448166814862437,1.079574343297066
0.354,1.0,-0.08204128530383029,-6.32861601110298,1.0808245190536248
0.356,1.0,-0.08322303100693512,-6.213241883992246,1.0820412853038304
0.358,1.0,-0.08436817984551064,-6.102230128841719,1.083223031006935
0.36,1.0,-0.08547519241727988,-5.995750322197437,1.0843681798455107
0.362,1.0,-0.08654256836135968,-5.893956676696454,1.0854751924172799
0.364,1.0,-0.08756884841946262,-5.7969887307770795,1.0865425683613597
0.366,1.0,-0.08855261643237032,-5.704971979380341,1.0875688484194626
0.368,1.0,-0.0894925012717734,-5.618018451275409,1.0885526164323702
0.37,1.0,-0.09038717870738082,-5.536227238182082,1.0894925012717733
0.372,1.0,-0.09123537320902897,-5.459684980438942,1.0903871787073809
0.374,1.0,-0.0920358596833691,-5.388466313577053,1.091235373209029
0.376,1.0,-0.09278746514457732,-5.32263427980103,1.092035859683369
0.378,1.0,-0.09348907031841501,-5.262240708051543,1.0927874651445773
0.38,1.0,-0.09413961117886617,-5.207326566020421,1.093489070318415
0.382,1.0,-0.09473808041649298,-5.157922287211544,1.0941396111788662
0.384,1.0,-0.09528352883757832,-5.114048075885546,1.094738080416493
0.386,1.0,-0.09577506669306571,-5.0757141924909295,1.0952835288375784
0.388,1.0,-0.09621186493626056,-5.042921221966934,1.0957750666930657
0.39,1.0,-0.09659315640822172,-5.015660327104066,1.0962118649362607
0.392,1.0,-0.09691823694974834,-4.993913488965198,1.0965931564082216
0.394,1.0,-0.09718646643885351,-4.977653736197811,1.0969182369497483
0.396,1.0,-0.09739726975261184,-4.966845364914768,1.0971864664388535
0.398,1.0,-0.09755013765227329,-4.961444150672942,1.0973972697526118
0.4,1.0,-0.09764462759054911,-4.961397553947657,1.0975501376522734
0.402,1.0,-0.0976803644399977,-4.966644920376915,1.0976446275905491
0.404,1.0,-0.09765704114146716,-4.977117676933153,1.0976803644399977
0.406,1.0,-0.0975744192715883,-4.992739525077237,1.0976570411414672
0.40800000000000003,1.0,-0.09743232952835508,-5.013426631848762,1.0975744192715884
0.41000000000000003,1.0,-0.09723067213387951,-5.039087819756515,1.097432329528355
0.41200000000000003,1.0,-0.09696941715346398,-5.069624756248119,1.0972306721338796
0.41400000000000003,1.0,-0.09664860473019572,-5.1049321434599495,1.096969417153464
0.41600000000000004,1.0,-0.09626834523433536,-5.144897908873021,1.0966486047301958
0.418,1.0,-0.09582881932684387,-5.189403397435019,1.0962683452343354
0.42,1.0,-0.09533027793646938,-5.238323565643019,1.095828819326844
0.422,1.0,-0.09477304214989705,-5.291527178022896,1.0953302779364693
0.424,1.0,-0.09415750301455104,-5.348877006385086,1.0947730421498971
0.426,1.0,-0.0934841212537278,-5.41023003218621,1.094157503014551
0.428,1.0,-0.09275342689383345,-5.47543765227419,1.0934841212537278
0.43,1.0,-0.09196601880359528,-5.544345888253018,1.0927534268938335
0.432,1.0,-0.09112256414521773,-5.616795599655998,1.0919660188035953
0.434,1.0,-0.0902237977375565,-5.692622701079883,1.0911225641452178
0.436,1.0,-0.08927052133149087,-5.771658383391865,1.0902237977375564
0.438,1.0,-0.08826360279778249,-5.853729339086556,1.0892705213314908
0.44,1.0,-0.08720397522781986,-5.938657991837336,1.0882636027977826
0.442,1.0,-0.0860926359477608,-6.026262730252805,1.08720397522782
0.444,1.0,-0.08493064544669948,-6.116358145820735,1.0860926359477607
0.446,1.0,-0.08371912621960095,-6.208755274993117,1.0849306454466996
0.448,1.0,-0.08245926152586354,-6.303261845339708,1.0837191262196009
0.45,1.0,-0.08115229406448801,-6.399682525670139,1.0824592615258635
0.452,1.0,-0.07979952456695186,-6.497819180004578,1.081152294064488
0.454,1.0,-0.07840231030900695,-6.597471125246246,1.0797995245669518
0.456,1.0,-0.07696206354273931,-6.698435392390653,1.078402310309007
0.458,1.0,-0.07548024985035039,-6.800506991085339,1.0769620635427393
0.46,1.0,-0.07395838642123935,-6.903479177333932,1.0754802498503504
0.462,1.0,-0.07239804025408651,-7.007143724122658,1.0739583864212394
0.464,1.0,-0.07080082628575737,-7.111291194727667,1.0723980402540865
0.466,1.0,-0.0691684054489657,-7.215711218447803,1.0708008262857573
0.468,1.0,-0.0675024826607519,-7.320192768491731,1.0691684054489656
0.47000000000000003,1.0,-0.06580480474394979,-7.424524441733801,1.067502482660752
0.47200000000000003,1.0,-0.06407715828392971,-7.528494740040797,1.0658048047439497
0.47400000000000003,1.0,-0.06232136742301993,-7.631892352858172,1.0640771582839297
0.47600000000000003,1.0,-0.06053929159511946,-7.734506440735196,1.0623213674230199
0.47800000000000004,1.0,-0.05873282320312537,-7.836126919454683,1.0605392915951195
0.48,1.0,-0.056903885241904366,-7.936544744426776,1.0587328232031255
0.482,1.0,-0.05505442886964361,-8.035552194994207,1.0569038852419044
0.484,1.0,-0.05318643093051692,-8.132943158290846,1.0550544288696435
0.486,1.0,-0.051301891431701864,-8.22851341228656,1.053186430930517
0.488,1.0,-0.04940283097787863,-8.32206090764597,1.0513018914317018
0.49,1.0,-0.04749128816643374,-8.413386048021309,1.0494028309778787
0.492,1.0,-0.04556931694668041,-8.502291968397799,1.0474912881664338
0.494,1.0,-0.04363898394649188,-8.588584811102164,1.0455693169466804
0.496,1.0,-0.04170236576982499,-8.672073999084562,1.043638983946492
0.498,1.0,-0.03976154626868767,-8.75257250608023,1.041702365769825
0.5,1.0,-0.037818613793176054,-8.829897123255446,1.0397615462686878
0.502,1.0,-0.03587565842327447,-8.90386872194238,1.037818613793176
0.504,1.0,-0.03393476918617437,-8.974312512065438,1.0358756584232744
0.506,1.0,-0.031998031262925844,-9.041058295864952,1.0339347691861744
0.508,1.0,-0.030067523188288172,-9.103940716522354,1.0319980312629258
0.51,1.0,-0.02814531404769319,-9.1627995012952,1.030067523188288
0.512,1.0,-0.026233460675277178,-9.21747969877313,1.0281453140476933
0.514,1.0,-0.024334004856973353,-9.26783190986842,1.0262334606752772
0.516,1.0,-0.022448970542687734,-9.31371251215964,1.0243340048569733
0.518,1.0,-0.020580361071605886,-9.354983877213067,1.0224489705426878
0.52,1.0,-0.01873015641469691,-9.391514580511018,1.020580361071606
0.522,1.0,-0.016900310438493778,-9.423179603623403,1.0187301564146969
0.524,1.0,-0.015092748194235612,-9.4498605282664,1.0169003104384937
0.526,1.0,-0.013309363236457821,-9.471445721900414,1.0150927481942356
0.528,1.0,-0.011552014975109775,-9.487830514527476,1.0133093632364578
0.53,1.0,-0.009822526065267163,-9.498917366358523,1.0115520149751098
0.532,1.0,-0.008122679838487043,-9.504616026031098,1.0098225260652671
0.534,1.0,-0.006454217779827829,-9.50484367906859,1.008122679838487
0.536,1.0,-0.0048188370545241685,-9.499525086284441,1.006454217779828
0.538,1.0,-0.003218188088267588,-9.488592711846021,1.0048188370545241
0.54,1.0,-0.001653872204998092,-9.471986840726407,1.0032181880882676
0.542,1.0,-0.00012743932605944704,-9.449655685286357,1.0016538722049981
0.544,1.0,0.0013596142654882584,-9.421555480741436,1.0001274393260595
0.546,1.0,0.0028058480916710515,-9.387650569285483,0.9986403857345117
0.548,1.0,0.00420987957386333,-9.34791347265612,0.9971941519083289
0.55,1.0,0.00557038605093395,-9.302324952944376,0.9957901204261367
0.552,1.0,0.006886106717785988,-9.250874061466401,0.994429613949066
0.554,1.0,0.008155844480892366,-9.193558175532644,0.993113893282214
0.556,1.0,0.009378467727528397,-9.130383022967273,0.9918441555191077
0.558,1.0,0.010552912005507549,-9.061362694248237,0.9906215322724716
0.56,1.0,0.01167818161033833,-8.986519642156976,0.9894470879944924
0.562,1.0,0.01275335107683791,-8.905884668845518,0.9883218183896617
0.5640000000000001,1.0,0.013777566572362027,-8.819496900248012,0.987246648923162
0.5660000000000001,1.0,0.014750047188940471,-8.727403747782503,0.9862224334276379
0.5680000000000001,1.0,0.015670086131743144,-8.62966085731004,0.9852499528110595
0.5700000000000001,1.0,0.01653705180144292,-8.52633204533686,0.9843299138682569
0.5720000000000001,1.0,0.017350388768188337,-8.417489222466635,0.9834629481985571
0.5740000000000001,1.0,0.01810961863505126,-8.30321230413033,0.9826496112318117
0.5760000000000001,1.0,0.0188143407889718,-8.183589108642092,0.9818903813649488
0.578,1.0,0.019464233037384985,-8.058715242650013,0.9811856592110282
0.58,1.0,0.020059052128880414,-7.92869397407282,0.980535766962615
0.582,1.0,0.020598634156417495,-7.793636092634028,0.9799409478711196
0.584,1.0,0.02108289484179433,-7.653659758126418,0.9794013658435825
0.586,1.0,0.021511829700247887,-7.508890336561367,0.9789171051582056
0.588,1.0,0.021885514084246292,-7.359460224378794,0.9784881702997521
0.59,1.0,0.02220410310572083,-7.205508660914575,0.9781144859157537
0.592,1.0,0.02246783143617505,-7.04718152934349,0.9777958968942791
0.594,1.0,0.022677012984301203,-6.8846311463370515,0.977532168563825
0.596,1.0,0.02283204045092953,-6.71801604069612,0.9773229870156988
0.598,1.0,0.02293338476133364,-6.547500721238952,0.9771679595490704
0.6,1.0,0.022981594375114676,-6.373255434246122,0.9770666152386663
0.602,1.0,0.022977294474088406,-6.195455910783205,0.9770184056248853
0.604,1.0,0.0229211860288017,-6.014283104242386,0.9770227055259116
0.606,1.0,0.022814044744508575,-5.829922918463736,0.9770788139711983
0.608,1.0,0.02265671988764002,-5.642565926815123,0.9771859552554915
0.61,1.0,0.022450132994006264,-5.452407082629483,0.9773432801123599
0.612,1.0,0.022195276460174548,-5.259645421415044,0.9775498670059938
0.614,1.0,0.021893212019669244,-5.064483755272845,0.9778047235398255
0.616,1.0,0.021545069105844427,-4.867128359971582,0.9781067879803308
0.618,1.0,0.021152043103480785,-4.667788655147623,0.9784549308941556
0.62,1.0,0.020715393491359212,-4.466676878112612,0.9788479568965193
0.622,1.0,0.020236441878261867,-4.264007751767022,0.9792846065086408
0.624,1.0,0.01971656993504764,-4.059998147131649,0.9797635581217381
0.626,1.0,0.0191572172256425,-3.854866741023394,0.9802834300649523
0.628,1.0,0.01855987893997558,-3.6488336694140147,0.9808427827743575
0.63,1.0,0.017926103532079,-3.442120177022777,0.9814401210600244
0.632,1.0,0.01725749026675253,-3.2349482637048914,0.982073896467921
0.634,1.0,0.016555686678373375,-3.0275403282085276,0.9827425097332475
0.636,1.0,0.01582238594560586,-2.8201188098817944,0.9834443133216266
0.638,1.0,0.01505932418593539,-2.612905828919994,0.9841776140543942
0.64,1.0,0.014268277674115521,-2.4061228257512424,0.9849406758140646
0.642,1.0,0.013451059988775617,-2.1999902001641507,0.9857317223258845
0.644,1.0,0.012609519091589425,-1.9947269507878782,0.9865489400112244
0.646,1.0,0.01174553434355137,-1.7905503155384919,0.9873904809084105
0.648,1.0,0.01086101346304712,-1.5876754136492488,0.9882544656564486
0.65,1.0,0.009957889430537895,-1.386314889905091,0.9891389865369529
0.652,1.0,0.00903811734480345,-1.1866785617021434,0.9900421105694621
0.654,1.0,0.008103671235806667,-0.9889730695539092,0.9909618826551966
0.656,1.0,0.007156540839352646,-0.7934015316643479,0.9918963287641933
0.658,1.0,0.006198728338817037,-0.600163203186169,0.9928434591606473
0.66,1.0,0.005232245079311714,-0.40945314077924144,0.9938012716611829
0.662,1.0,0.004259108259740471,-0.22146187307977305,0.9947677549206883
0.664,1.0,0.003281337608273037,-0.03637507768508641,0.9957408917402595
0.666,1.0,0.0023009520468321356,0.1456267347476592,0.996718662391727
0.668,1.0,0.0013199663502451884,0.32436852869830757,0.9976990479531679
0.67,1.0,0.0003403878057595981,0.4996810436952759,0.9986800336497548
0.672,1.0,-0.0006357871213420694,0.6714010853702588,0.9996596121942404
0.674,1.0,-0.0016065761102632596,0.8393718070965117,1.000635787121342
0.676,1.0,-0.0025700142895700136,1.0034429816637895,1.0016065761102633
0.678,1.0,-0.0035241575186351188,1.1634712624558987,1.00257001428957
0.68,1.0,-0.004467085639865552,1.31932043361261,1.003524157518635
0.682,1.0,-0.005396905695943043,1.4708616486722177,1.0044670856398656
0.684,1.0,-0.006311755106332353,1.617973657209563,1.005396905695943
0.686,1.0,-0.007209804797347303,1.7605430190011946,1.0063117551063323
0.6880000000000001,1.0,-0.008089262280110811,1.8984643052685488,1.0072098047973472
0.6900000000000001,1.0,-0.008948374670802168,2.031640286570573,1.0080892622801108
0.6920000000000001,1.0,-0.009785431647652552,2.1599821069380964,1.0089483746708021
0.6940000000000001,1.0,-0.010598768339228317,2.283409443864076,1.0097854316476524
0.6960000000000001,1.0,-0.011386768138630836,2.401850653787174,1.0105987683392283
0.6980000000000001,1.0,-0.012147865438341628,2.5152429027294128,1.0113867681386308
0.7000000000000001,1.0,-0.012880548280551988,2.62353228177461,1.0121478654383416
0.7020000000000001,1.0,-0.01358336091793741,2.7266739070981405,1.012880548280552
0.704,1.0,-0.014254906279968367,2.824632004286257,1.0135833609179374
0.706,1.0,-0.014893848339990731,2.9173799767103397,1.0142549062799684
0.708,1.0,-0.01549891437846065,3.004900457747773,1.0148938483399907
0.71,1.0,-0.016068897137880307,3.0871853466715593,1.0154989143784607
0.712,1.0,-0.016602656865152082,3.164235828058212,1.0160688971378804
0.714,1.0,-0.017099123237249318,3.2360623745942725,1.016602656865152
0.716,1.0,-0.017557297166291532,3.302684733190982,1.0170991232372493
0.718,1.0,-0.01797625248031071,3.364131894347683,1.0175572971662916
0.72,1.0,-0.018355137476202477,3.420442044735326,1.0179762524803107
0.722,1.0,-0.018693176341571523,3.4716625030034223,1.0183551374762025
0.724,1.0,-0.01898967044240416,3.517849638843244,1.0186931763415714
0.726,1.0,-0.019243999473731923,3.559068775375415,1.0189896704424042
0.728,1.0,-0.019455622470688508,3.5953940749576305,1.019243999473732
0.73,1.0,-0.019624078677607362,3.6269084085446934,1.0194556224706885
0.732,1.0,-0.019748988273058852,3.653703208761305,1.0196240786776074
0.734,1.0,-0.019830052948983417,3.6758783068829057,1.0197489882730588
0.736,1.0,-0.019867056342340168,3.693541753950177,1.0198300529489834
0.738,1.0,-0.019859864317958498,3.706809626275122,1.0198670563423402
0.74,1.0,-0.019808425101552993,3.7158058156286033,1.0198598643179584
0.742,1.0,-0.01971276926213875,3.720661804429949,1.019808425101553
0.744,1.0,-0.01957300954336458,3.721516426290078,1.0197127692621388
0.746,1.0,-0.019389340543565076,3.7185156122907896,1.0195730095433646
0.748,1.0,-0.01916203824461851,3.7118121234127504,1.019389340543565
0.75,1.0,-0.018891459389985536,3.7015652695531656,1.0191620382446185
0.752,1.0,-0.01857804071259317,3.6879406156042553,1.0188914593899856
0.754,1.0,-0.018222298013518715,3.6711096750914978,1.018578040712593
0.756,1.0,-0.01782482509271912,3.6512495918979035,1.0182222980135187
0.758,1.0,-0.017386292533341414,3.628542810626287,1.017824825092719
0.76,1.0,-0.016907446341439564,3.6031767361798313,1.0173862925333415
0.762,1.0,-0.01638910644321099,3.5753433831628856,1.0169074463414396
0.764,1.0,-0.01583216504215214,3.5452390157302394,1.016389106443211
0.766,1.0,-0.01523758483881585,3.513063778534685,1.0158321650421522
0.768,1.0,-0.014606397116133365,3.4790213194441817,1.0152375848388158
0.77,1.0,-0.013939699693540364,3.443318404722305,1.0146063971161334
0.772,1.0,-0.013238654753418122,3.4061645273812813,1.0139396996935404
0.774,1.0,-0.012504486543627976,3.3677715094398026,1.013238654753418
0.776,1.0,-0.01173847896017855,3.328353098829786,1.012504486543628
0.778,1.0,-0.010941973014320365,3.2881245617147647,1.0117384789601787
0.78,1.0,-0.01011636418861089,3.2473022709951977,1.0109419730143203
0.782,1.0,-0.009263099686734123,3.2061032917891223,1.0101163641886108
0.784,1.0,-0.008383675582092064,3.1647449646860966,1.0092630996867342
0.786,1.0,-0.007479633870410191,3.123444487583754,1.008383675582092
0.788,1.0,-0.006552559431814878,3.0824184969233093,1.0074796338704102
0.79,1.0,-0.005604076908047028,3.041882649145633,1.006552559431815
0.792,1.0,-0.00463584750067257,3.0020512031957813,1.005604076908047
0.794,1.0,-0.0036495656963362677,2.963136604906288,1.0046358475006725
0.796,1.0,-0.0026469559252802434,2.925349074089805,1.0036495656963362
0.798,1.0,-0.001629769159512048,2.8888961951727516,1.0026469559252802
0.8,1.0,-0.0005997794571587591,2.8539825121990177,1.001629769159512
0.802,1.0,0.00044121954031710125,2.8208091290281887,1.0005997794571588
0.804,1.0,0.0014914181512373532,2.7895733155480724,0.9995587804596829
0.806,1.0,0.002548994230247563,2.760468120714168,0.9985085818487627
0.808,1.0,0.0036121167712597534,2.733681993218304,0.9974510057697524
0.81,1.0,0.004678949529695607,2.7093984105795794,0.9963878832287403
0.812,1.0,0.005747654656854859,2.6877955174368937,0.9953210504703044
0.8140000000000001,1.0,0.006816396339175397,2.6690457738090325,0.9942523453431451
0.8160000000000001,1.0,0.007883344435107902,2.653315614071645,0.9931836036608246
0.8180000000000001,1.0,0.008946678102298983,2.6407651173831117,0.9921166555648921
0.8200000000000001,1.0,0.010004589407762754,2.6315476902721198,0.991053321897701
0.8220000000000001,1.0,0.01105528691372192,2.625809762078621,0.9899954105922373
0.8240000000000001,1.0,0.012096999231815791,2.62369049391701,0.9889447130862781
0.8260000000000001,1.0,0.013127978538404217,2.6253215018070177,0.9879030007681842
0.8280000000000001,1.0,0.014146504043743504,2.630826594591226,0.9868720214615958
0.8300000000000001,1.0,0.015150885407872695,2.6403215272313014,0.9858534959562565
0.8320000000000001,1.0,0.016139466096126417,2.6539137700469055,0.9848491145921273
0.834,1.0,0.017110626667283618,2.6717022944299105,0.9838605339038736
0.836,1.0,0.018062787987469877,2.6937773755365733,0.9828893733327164
0.838,1.0,0.01899441436305462,2.7202204124265266,0.9819372120125301
0.84,1.0,0.019904016585923064,2.7511037660841025,0.9810055856369454
0.842,1.0,0.02079015488465626,2.7864906157219433,0.9800959834140769
0.844,1.0,0.0216514417753206,2.8264348337311396,0.9792098451153437
0.846,1.0,0.022486544805750717,2.8709808796039877,0.9783485582246794
0.848,1.0,0.02329418918740624,2.9201637131182774,0.9775134551942493
0.85,1.0,0.02407316030909331,2.974008727031799,0.9767058108125938
0.852,1.0,0.02482230612706565,3.0325316994964675,0.9759268396909067
0.854,1.0,0.025540539426256833,3.0957387663605553,0.9751776938729344
0.856,1.0,0.02622683994764518,3.1636264134856105,0.9744594605737432
0.858,1.0,0.026880256377014355,3.2361814891638927,0.9737731600523548
0.86,1.0,0.027499908190646537,3.3133812366782456,0.9731197436229857
0.862,1.0,0.028084987353769703,3.3951933470044153,0.9725000918093535
0.864,1.0,0.02863475986787626,3.481576031612736,0.9719150126462303
0.866,1.0,0.029148567163335852,3.572478115281961,0.9713652401321238
0.868,1.0,0.029625827334040525,3.6678391487952338,0.9708514328366642
0.87,1.0,0.0300660362111445,3.7675895413446545,0.9703741726659595
0.872,1.0,0.03046876827329342,3.87165071242708,0.9699339637888555
0.874,1.0,0.03083367739107793,3.979935262970703,0.9695312317267066
0.876,1.0,0.031160497403793487,4.092347165389336,0.9691663226089221
0.878,1.0,0.0314490425269416,4.208781972218171,0.9688395025962065
0.88,1.0,0.03169920758926628,4.329127042942931,0.9685509574730584
0.882,1.0,0.03191096809848308,4.453261788592787,0.9683007924107337
0.884,1.0,0.03208438013522521,4.581057933626337,0.968089031901517
0.886,1.0,0.032219580075102026,4.712379794599955,0.9679156198647748
0.888,1.0,0.03231678413913788,4.847084575068414,0.9677804199248979
0.89,1.0,0.03237628777323375,4.985022676129445,0.9676832158608621
0.892,1.0,0.0323984648576692,5.126038021986346,0.9676237122267662
0.894,1.0,0.032383766748037286,5.269968399867346,0.9676015351423308
0.896,1.0,0.032332721149378865,5.4166458136043065,0.9676162332519627
0.898,1.0,0.03224593082565511,5.565896850141231,0.9676672788506211
0.9,1.0,0.03212407214706649,5.717543058209383,0.9677540691743449
0.902,1.0,0.03196789347809237,5.871401338376497,0.9678759278529335
0.904,1.0,0.031778213409487215,6.027284343647673,0.9680321065219076
0.906,1.0,0.03155591883782547,6.185000889768201,0.9682217865905128
0.908,1.0,0.031301962896537645,6.344356374353116,0.9684440811621745
0.91,1.0,0.03101736274272344,6.505153203944454,0.9686980371034624
0.912,1.0,0.030703197204363385,6.667191228074621,0.9689826372572765
0.914,1.0,0.030360604292877368,6.830268179395199,0.9692968027956366
0.916,1.0,0.029990778586296226,6.994180118911283,0.9696393957071227
0.918,1.0,0.02959496848861993,7.158721885346618,0.9700092214137038
0.92,1.0,0.02917447337123238,7.323687547650201,0.97040503151138
0.922,1.0,0.02873064060252772,7.48887085964364,0.9708255266287676
0.924,1.0,0.02826486247217523,7.654065715798643,0.9712693593974723
0.926,1.0,0.027778573016709208,7.819066607127967,0.9717351375278248
0.928,1.0,0.027273244753375395,7.9836690761664,0.9722214269832908
0.93,1.0,0.026750385329396376,8.147670170017618,0.9727267552466246
0.932,1.0,0.026211534094033904,8.310868890441194,0.9732496146706037
0.934,1.0,0.025658258601026034,8.473066639956384,0.9737884659059661
0.936,1.0,0.025092151049160433,8.63406766294467,0.974341741398974
0.9380000000000001,1.0,0.0245148246689118,8.79367948073841,0.9749078489508396
0.9400000000000001,1.0,0.023927910063220682,8.9517133196935,0.9754851753310883
0.9420000000000001,1.0,0.023333051510622305,9.107984531254688,0.9760720899367793
0.9440000000000001,1.0,0.02273190323904714,9.262313003037113,0.9766669484893777
0.9460000000000001,1.0,0.02212612567870944,9.414523559962497,0.9772680967609528
0.9480000000000001,1.0,0.021517381702575347,9.564446354509332,0.9778738743212906
0.9500000000000001,1.0,0.020907332862958344,9.711917245154856,0.9784826182974247
0.9520000000000001,1.0,0.020297635632826258,9.856778162112368,0.9790926671370417
0.9540000000000001,1.0,0.01968993766042086,9.998877459490984,0.9797023643671737
0.9560000000000001,1.0,0.019085321764775627,10.0,0.9803100623395792
0.9580000000000001,1.0,0.018484863931703857,10.0,0.9809146782352244
0.96,1.0,0.0178896357092829,10.0,0.9815151360682961
0.962,1.0,0.01730070210162419,10.0,0.9821103642907171
0.964,1.0,0.016719119460642737,10.0,0.9826992978983758
0.966,1.0,0.0161459333800325,10.0,0.9832808805393572
0.968,1.0,0.015582176595695253,10.0,0.9838540666199675
0.97,1.0,0.015028866896903562,10.0,0.9844178234043047
0.972,1.0,0.01448700505250284,10.0,0.9849711331030965
0.974,1.0,0.013957572756473123,10.0,0.9855129949474971
0.976,1.0,0.013441530597178007,10.0,0.9860424272435269
0.978,1.0,0.012939816054625965,10.0,0.986558469402822
0.98,1.0,0.012453341530057917,10.0,0.987060183945374
0.982,1.0,0.011982992412154319,10.0,0.987546658469942
0.984,1.0,0.011529625184125085,10.0,0.9880170075878457
0.986,1.0,0.01109406557590639,10.0,0.988470374815875
0.988,1.0,0.010677106765639568,10.0,0.9889059344240936
0.99,1.0,0.0102795076345491,10.0,0.9893228932343604
0.992,1.0,0.009901991079268993,10.0,0.9897204923654509
0.994,1.0,0.009545242385589637,10.0,0.990098008920731
0.996,1.0,0.009209907667510602,10.0,0.9904547576144104
0.998,1.0,0.008896592375388911,10.0,0.9907900923324894
1.0,1.0,0.008605859876866987,10.0,0.9911034076246111
1.002,1.0,0.008338230114150049,10.0,0.991394140123133
1.004,1.0,0.008094178341079157,10.0,0.99166176988585
1.006,1.0,0.007874133943313698,10.0,0.9919058216589208
1.008,1.0,0.007678479344795838,10.0,0.9921258660566863
1.01,1.0,0.007507549003519712,10.0,0.9923215206552042
1.012,1.0,0.007361628499469993,10.0,0.9924924509964803
1.014,1.0,0.007240953717428209,10.0,0.99263837150053
1.016,1.0,0.0071457101271710614,10.0,0.9927590462825718
1.018,1.0,0.007076032163403302,10.0,0.992854289872829
1.02,1.0,0.00703200270757872,10.0,0.9929239678365966
1.022,1.0,0.007013652673566838,10.0,0.9929679972924212
1.024,1.0,0.007020960698920305,10.0,0.9929863473264332
1.026,1.0,0.007053852943289163,10.0,0.9929790393010797
1.028,1.0,0.007112202995313376,10.0,0.9929461470567108
1.03,1.0,0.007195831889104814,10.0,0.9928877970046867
1.032,1.0,0.0073045082312045906,10.0,0.9928041681108952
1.034,1.0,0.007437948438671716,10.0,0.9926954917687955
1.036,1.0,0.007595817088724953,10.0,0.9925620515613283
1.038,1.0,0.007777727380121933,10.0,0.9924041829112751
1.04,1.0,0.007983241706218584,10.0,0.992222272619878
1.042,1.0,0.008211872339408158,10.0,0.9920167582937814
1.044,1.0,0.00846308222639322,10.0,0.9917881276605919
1.046,1.0,0.008736285893496287,10.0,0.9915369177736068
1.048,1.0,0.009030850460966062,10.0,0.9912637141065037
1.05,1.0,0.009346096764986845,10.0,0.9909691495390339
1.052,1.0,0.009681300585849269,10.0,0.9906539032350131
1.054,1.0,0.010035693980491688,10.0,0.9903186994141507
1.056,1.0,0.010408466717373738,10.0,0.9899643060195084
1.058,1.0,0.010798767811397568,10.0,0.9895915332826263
1.06,1.0,0.011205707156348405,10.0,0.9892012321886025
1.062,1.0,0.011628357252085218,10.0,0.9887942928436516
1.064,1.0,0.01206575502347471,10.0,0.9883716427479148
1.066,1.0,0.012516903727828484,10.0,0.9879342449765253
1.068,1.0,0.012980774947374393,10.0,0.9874830962721716
1.07,1.0,0.013456310663069466,10.0,0.9870192250526256
1.072,1.0,0.013942425405844085,10.0,0.9865436893369305
1.074,1.0,0.014438008481155621,10.0,0.9860575745941559
1.076,1.0,0.014941926262525336,10.0,0.9855619915188444
1.078,1.0,0.015453024549535403,10.0,0.9850580737374747
1.08,1.0,0.01597013098557406,10.0,0.9845469754504645
1.082,1.0,0.01649205753043669,10.0,0.9840298690144259
1.084,1.0,0.017017602982719496,10.0,0.9835079424695633
1.086,1.0,0.017545555546781097,10.0,0.9829823970172805
1.088,1.0,0.01807469543889603,10.0,0.982454444453219
1.09,1.0,0.01860379752708363,10.0,0.9819253045611039
1.092,1.0,0.019131633998966252,10.0,0.9813962024729164
1.094,1.0,0.019656977051892878,10.0,0.9808683660010338
1.096,1.0,0.020178601599458244,10.0,0.9803430229481072
1.098,1.0,0.02069528798845412,10.0,0.9798213984005417
1.1,1.0,0.021205824720208603,10.0,0.9793047120115459
1.102,1.0,0.02170901117020164,10.0,0.9787941752797914
1.104,1.0,0.022203660299790883,10.0,0.9782909888297984
1.106,1.0,0.02268860135384148,10.0,0.9777963397002091
1.108,1.0,0.023162682538027102,10.0,0.9773113986461586
1.11,1.0,0.023624773669557283,10.0,0.9768373174619729
1.112,1.0,0.024073768795088532,10.0,0.9763752263304427
1.114,1.0,0.024508588769593685,10.0,0.9759262312049115
1.116,1.0,0.0249281837899957,10.0,0.9754914112304063
1.118,1.0,0.025331535877418803,10.0,0.9750718162100043
1.12,1.0,0.02571766130197158,10.0,0.9746684641225812
1.122,1.0,0.026085612944053267,10.0,0.9742823386980284
1.124,1.0,0.026434482586266225,10.0,0.9739143870559467
1.1260000000000001,1.0,0.026763403130124257,10.0,0.9735655174137338
1.1280000000000001,1.0,0.027071550731868097,10.0,0.9732365968698757
1.1300000000000001,1.0,0.027358146851835824,10.0,0.9729284492681319
1.1320000000000001,1.0,0.027622460211987034,10.0,0.9726418531481642
1.1340000000000001,1.0,0.027863808656345274,10.0,0.972377539788013
1.1360000000000001,1.0,0.02808156090930307,10.0,0.9721361913436547
1.1380000000000001,1.0,0.028275138226927742,10.0,0.971918439090697
1.1400000000000001,1.0,0.02844401593661387,10.0,0.9717248617730723
1.1420000000000001,1.0,0.028587724860649148,10.0,0.9715559840633862
1.1440000000000001,1.0,0.028705852619494418,10.0,0.9714122751393508
1.1460000000000001,1.0,0.028798044810825194,10.0,0.9712941473805056
1.1480000000000001,1.0,0.028864006060640716,10.0,0.9712019551891748
1.1500000000000001,1.0,0.028903500943016986,10.0,0.9711359939393592
1.1520000000000001,1.0,0.028916354765361696,10.0,0.971096499056983
1.154,1.0,0.028902454216321136,10.0,0.9710836452346383
1.156,1.0,0.02886174787379129,10.0,0.9710975457836789
1.158,1.0,0.028794246570796777,10.0,0.9711382521262087
1.16,1.0,0.028700023617321612,10.0,0.9712057534292032
1.162,1.0,0.028579214876503962,10.0,0.9712999763826784
1.164,1.0,0.028432018693942792,10.0,0.9714207851234961
1.166,1.0,0.02825869567920642,10.0,0.9715679813060573
1.168,1.0,0.028059568338981107,10.0,0.9717413043207935
1.17,1.0,0.027835020561650846,10.0,0.9719404316610188
1.172,1.0,0.027585496953456873,10.0,0.9721649794383491
1.174,1.0,0.027311502026746017,10.0,0.9724145030465431
1.176,1.0,0.027013599241180304,10.0,0.972688497973254
1.178,1.0,0.02669240989914505,10.0,0.9729864007588197
1.18,1.0,0.02634861189695826,10.0,0.973307590100855
1.182,1.0,0.02598293833384968,10.0,0.9736513881030417
1.184,1.0,0.025596175981042277,10.0,0.9740170616661503
1.186,1.0,0.02518916361363121,10.0,0.9744038240189578
1.188,1.0,0.024762790208315046,10.0,0.9748108363863688
1.19,1.0,0.024317993010389474,10.0,0.9752372097916849
1.192,1.0,0.023855755473764645,10.0,0.9756820069896105
1.194,1.0,0.023377105078112415,10.0,0.9761442445262354
1.196,1.0,0.02288311102758812,10.0,0.9766228949218876
1.198,1.0,0.022374881835902357,10.0,0.9771168889724119
1.2,1.0,0.02185356280284045,10.0,0.9776251181640977
1.202,1.0,0.021320333387640188,10.0,0.9781464371971595
1.204,1.0,0.020776404484940728,10.0,0.9786796666123598
1.206,1.0,0.02022301560930683,10.0,0.9792235955150592
1.208,1.0,0.01966143199461161,10.0,0.9797769843906932
1.21,1.0,0.019092941614827063,10.0,0.9803385680053884
1.212,1.0,0.018518852133023917,10.0,0.9809070583851729
1.214,1.0,0.017940487785619953,10.0,0.981481147866976
1.216,1.0,0.017359186209138244,10.0,0.98205951221438
1.218,1.0,0.016776295216942853,10.0,0.9826408137908618
1.22,1.0,0.016193169533608755,10.0,0.9832237047830571
1.222,1.0,0.015611167494754519,10.0,0.9838068304663913
1.224,1.0,0.01503164772031975,10.0,0.9843888325052454
1.226,1.0,0.014455965769404078,10.0,0.9849683522796803
1.228,1.0,0.013885470784899849,10.0,0.9855440342305959
1.23,1.0,0.013321502136246171,10.0,0.9861145292151001
1.232,1.0,0.012765386068707167,10.0,0.9866784978637538
1.234,1.0,0.01221843236763164,10.0,0.9872346139312929
1.236,1.0,0.011681931046184618,10.0,0.9877815676323684
1.238,1.0,0.01115714906505298,10.0,0.9883180689538154
1.24,1.0,0.010645327092617368,10.0,0.9888428509349471
1.242,1.0,0.010147676314050618,10.0,0.9893546729073827
1.244,1.0,0.009665375297748791,10.0,0.9898523236859493
1.246,1.0,0.009199566927424536,10.0,0.9903346247022512
1.248,1.0,0.008751355408093818,10.0,0.9908004330725755
1.25,1.0,0.008321803354066062,10.0,0.9912486445919062
1.252,1.0,0.007911928966904559,10.0,0.9916781966459339
1.254,1.0,0.007522703311158651,10.0,0.9920880710330955
1.256,1.0,0.007155047695482009,10.0,0.9924772966888413
1.258,1.0,0.006809831166542346,10.0,0.992844952304518
1.26,1.0,0.006487868122897723,10.0,0.9931901688334577
1.262,1.0,0.0061899160557632804,10.0,0.9935121318771023
1.264,1.0,0.00591667342332043,10.0,0.9938100839442368
1.266,1.0,0.005668777664928663,10.0,0.9940833265766795
1.268,1.0,0.005446803361288707,10.0,0.9943312223350713
1.27,1.0,0.0052512605462754465,10.0,0.9945531966387113
1.272,1.0,0.005082593175810477,10.0,0.9947487394537246
1.274,1.0,0.0049411777587781,10.0,0.9949174068241895
1.276,1.0,0.00482732215460576,10.0,0.9950588222412219
1.278,1.0,0.004741264541731255,10.0,0.9951726778453942
1.28,1.0,0.004683172560765367,10.0,0.9952587354582687
1.282,1.0,0.004653142635730835,10.0,0.9953168274392347
1.284,1.0,0.004651199476317788,10.0,0.9953468573642692
1.286,1.0,0.004677295763642948,10.0,0.9953488005236822
1.288,1.0,0.0047313120215361736,10.0,0.995322704236357
1.29,1.0,0.004813056674904364,10.0,0.9952686879784638
1.292,1.0,0.004922266296240559,10.0,0.9951869433250956
1.294,1.0,0.00505860604085648,10.0,0.9950777337037594
1.296,1.0,0.005221670270920962,10.0,0.9949413939591435
1.298,1.0,0.005410983367886056,10.0,0.9947783297290791
1.3,1.0,0.005626000732378288,10.0,0.994589016632114
1.302,1.0,0.005866109970126016,10.0,0.9943739992676217
1.304,1.0,0.006130632261986359,10.0,0.994133890029874
1.306,1.0,0.006418823915628161,10.0,0.9938693677380136
1.308,1.0,0.006729878095922309,10.0,0.9935811760843718
1.31,1.0,0.007062926730588788,10.0,0.9932701219040777
1.312,1.0,0.007417042587152602,10.0,0.9929370732694112
1.314,1.0,0.007791241516769503,10.0,0.9925829574128474
1.316,1.0,0.008184484859998726,10.0,0.9922087584832305
1.318,1.0,0.008595682009125116,10.0,0.9918155151400013
1.32,1.0,0.009023693121168465,10.0,0.9914043179908749
1.322,1.0,0.009467331975264993,10.0,0.9909763068788315
1.324,1.0,0.009925368967666102,10.0,0.990532668024735
1.326,1.0,0.010396534237174081,10.0,0.990074631032334
1.328,1.0,0.010879520913424716,10.0,0.9896034657628259
1.33,1.0,0.01137298848003414,10.0,0.9891204790865753
1.332,1.0,0.011875566244252822,10.0,0.9886270115199659
1.334,1.0,0.012385856904414775,10.0,0.9881244337557472
1.336,1.0,0.012902440206135938,10.0,0.9876141430955853
1.338,1.0,0.013423876677903415,10.0,0.987097559793864
1.34,1.0,0.01394871143640799,10.0,0.9865761233220965
1.342,1.0,0.014475478051707041,10.0,0.986051288563592
1.344,1.0,0.015002702462064744,10.0,0.985524521948293
1.346,1.0,0.015528906928102139,10.0,0.9849972975379353
1.348,1.0,0.016052614015702127,10.0,0.9844710930718978
1.35,1.0,0.0165723505969546,10.0,0.9839473859842979
1.352,1.0,0.017086651858295405,10.0,0.9834276494030454
1.354,1.0,0.017594065304890334,10.0,0.9829133481417046
1.356,1.0,0.018093154750242486,10.0,0.9824059346951096
1.358,1.0,0.01858250427995856,10.0,0.9819068452497575
1.36,1.0,0.019060722178597486,10.0,0.9814174957200414
1.362,1.0,0.019526444808543545,10.0,0.9809392778214026
1.364,1.0,0.019978340429895963,10.0,0.9804735551914564
1.366,1.0,0.02041511295044828,10.0,0.980021659570104
1.368,1.0,0.020835505594943512,10.0,0.9795848870495517
1.37,1.0,0.021238304482935202,10.0,0.9791644944050565
1.372,1.0,0.021622342104760127,10.0,0.9787616955170648
1.374,1.0,0.021986500685334982,10.0,0.9783776578952399
1.3760000000000001,1.0,0.022329715425727106,10.0,0.978013499314665
1.3780000000000001,1.0,0.022650977612717456,10.0,0.9776702845742729
1.3800000000000001,1.0,0.022949337586872315,10.0,0.9773490223872825
1.3820000000000001,1.0,0.023223907559968074,10.0,0.9770506624131277
1.3840000000000001,1.0,0.023473864272970126,10.0,0.9767760924400319
1.3860000000000001,1.0,0.023698451486151902,10.0,0.9765261357270298
1.3880000000000001,1.0,0.023896982293352305,10.0,0.9763015485138481
1.3900000000000001,1.0,0.024068841252808545,10.0,0.9761030177066476
1.3920000000000001,1.0,0.02421348632746562,10.0,0.9759311587471915
1.3940000000000001,1.0,0.02433045062815213,10.0,0.9757865136725343
1.3960000000000001,1.0,0.02441934395352402,10.0,0.9756695493718479
1.3980000000000001,1.0,0.024479854121211408,10.0,0.9755806560464759
1.4000000000000001,1.0,0.02451174808515818,10.0,0.9755201458787885
1.4020000000000001,1.0,0.02451487283471743,10.0,0.9754882519148418
1.4040000000000001,1.0,0.024489156071657324,10.0,0.9754851271652826
1.4060000000000001,1.0,0.02443460666183939,10.0,0.9755108439283426
1.408,1.0,0.024351314858953498,10.0,0.9755653933381606
1.41,1.0,0.024239452298328818,10.0,0.9756486851410465
1.412,1.0,0.02409927175948641,10.0,0.9757605477016712
1.414,1.0,0.023931106696754783,10.0,0.9759007282405135
1.416,1.0,0.023735370537933224,10.0,0.9760688933032452
1.418,1.0,0.023512555751656675,10.0,0.9762646294620668
1.42,1.0,0.023263232684788953,10.0,0.9764874442483433
1.422,1.0,0.02298804817184593,10.0,0.9767367673152111
1.424,1.0,0.022687723919125023,10.0,0.977011951828154
1.426,1.0,0.022363054666890037,10.0,0.977312276080875
1.428,1.0,0.022014906133629095,10.0,0.97763694533311
1.43,1.0,0.021644212747065888,10.0,0.9779850938663709
1.432,1.0,0.02125197516725896,10.0,0.9783557872529342
1.434,1.0,0.0208392576077681,10.0,0.978748024832741
1.436,1.0,0.020407184961499118,10.0,0.9791607423922319
1.438,1.0,0.01995693973845639,10.0,0.9795928150385009
1.44,1.0,0.019489758823234556,10.0,0.9800430602615436
1.442,1.0,0.01900693006066478,10.0,0.9805102411767654
1.444,1.0,0.018509788678594888,10.0,0.9809930699393352
1.446,1.0,0.017999713557324985,10.0,0.9814902113214051
1.448,1.0,0.017478123355738593,10.0,0.982000286442675
1.45,1.0,0.016946472504662462,10.0,0.9825218766442614
1.452,1.0,0.016406247078454082,10.0,0.9830535274953376
1.454,1.0,0.015858960556253007,10.0,0.9835937529215459
1.456,1.0,0.015306149484738766,10.0,0.984141039443747
1.458,1.0,0.014749369054612844,10.0,0.9846938505152613
1.46,1.0,0.014190188603363603,10.0,0.9852506309453871
1.462,1.0,0.013630187057179626,10.0,0.9858098113966364
1.464,1.0,0.013070948325147647,10.0,0.9863698129428203
1.466,1.0,0.012514056659104775,10.0,0.9869290516748523
1.468,1.0,0.011961091992710022,10.0,0.9874859433408952
1.47,1.0,0.011413625273456376,10.0,0.98803890800729
1.472,1.0,0.010873213801460778,10.0,0.9885863747265436
1.474,1.0,0.010341396588944868,10.0,0.9891267861985392
1.476,1.0,0.009819689754353413,10.0,0.9896586034110552
1.478,1.0,0.009309581965049598,10.0,0.9901803102456466
1.48,1.0,0.008812529942476402,10.0,0.9906904180349504
1.482,1.0,0.008329954043580792,10.0,0.9911874700575236
1.484,1.0,0.007863233932162511,10.0,0.9916700459564192
1.486,1.0,0.007413704353631544,10.0,0.9921367660678375
1.488,1.0,0.006982651026438407,10.0,0.9925862956463685
1.49,1.0,0.006571306663179116,10.0,0.9930173489735616
1.492,1.0,0.006180847134072808,10.0,0.9934286933368209
1.494,1.0,0.005812387785164819,10.0,0.9938191528659271
1.496,1.0,0.005466979923222306,10.0,0.9941876122148352
1.498,1.0,0.0051456074788641505,10.0,0.9945330200767777
1.5,1.0,0.004849183859002632,10.0,0.9948543925211358
1.502,1.0,0.004578548999172503,10.0,0.9951508161409973
1.504,1.0,0.00433446662578466,10.0,0.9954214510008275
1.506,1.0,0.004117621737768019,10.0,0.9956655333742154
1.508,1.0,0.003928618316455889,10.0,0.995882378262232
1.51,1.0,0.0037679772719336375,10.0,0.9960713816835441
1.512,1.0,0.003636134633394485,10.0,0.9962320227280663
1.514,1.0,0.0035334399903516607,10.0,0.9963638653666055
1.516,1.0,0.0034601551908297417,10.0,0.9964665600096484
1.518,1.0,0.00341645330190789,10.0,0.9965398448091702
1.52,1.0,0.0034024178372149445,10.0,0.9965835466980921
1.522,1.0,0.003418042255183148,10.0,0.996597582162785
1.524,1.0,0.0034632297310559917,10.0,0.9965819577448168
1.526,1.0,0.0035377932048186052,10.0,0.996536770268944
1.528,1.0,0.003641455706378778,10.0,0.9964622067951814
1.53,1.0,0.0037738509584755594,10.0,0.9963585442936213
1.532,1.0,0.003934524256933056,10.0,0.9962261490415244
1.534,1.0,0.004122933627012132,10.0,0.9960654757430669
1.536,1.0,0.004338451253744932,10.0,0.9958770663729879
1.538,1.0,0.004580365183269134,10.0,0.9956615487462551
1.54,1.0,0.004847881291313437,10.0,0.9954196348167309
1.542,1.0,0.005140125514125677,10.0,0.9951521187086866
1.544,1.0,0.005456146336282922,10.0,0.9948598744858743
1.546,1.0,0.005794917528981792,10.0,0.9945438536637171
1.548,1.0,0.006155341131579695,10.0,0.9942050824710182
1.55,1.0,0.006536250668346583,10.0,0.9938446588684203
1.552,1.0,0.006936414591594804,10.0,0.9934637493316534
1.554,1.0,0.0073545399415844495,10.0,0.9930635854084052
1.556,1.0,0.007789276212855897,10.0,0.9926454600584156
1.558,1.0,0.008239219415922561,10.0,0.9922107237871441
1.56,1.0,0.008702916322567866,10.0,0.9917607805840775
1.562,1.0,0.009178868882333494,10.0,0.9912970836774322
1.564,1.0,0.009665538797163465,10.0,0.9908211311176665
1.566,1.0,0.010161352240582924,10.0,0.9903344612028365
1.568,1.0,0.010664704707243811,10.0,0.9898386477594171
1.57,1.0,0.011173965978163959,10.0,0.9893352952927562
1.572,1.0,0.011687485186523655,10.0,0.988826034021836
1.574,1.0,0.012203595968466143,10.0,0.9883125148134764
1.576,1.0,0.012720621682977697,10.0,0.9877964040315339
1.578,1.0,0.013236880684600357,10.0,0.9872793783170223
1.58,1.0,0.013750691632457733,10.0,0.9867631193153996
1.582,1.0,0.014260378818852584,10.0,0.9862493083675423
1.584,1.0,0.014764277500525636,10.0,0.9857396211811474
1.586,1.0,0.015260739215549013,10.0,0.9852357224994743
1.588,1.0,0.01574813706876578,10.0,0.984739260784451
1.59,1.0,0.01622487096868001,10.0,0.9842518629312342
1.592,1.0,0.016689372798750067,10.0,0.98377512903132
1.594,1.0,0.017140111506141625,10.0,0.98331062720125
1.596,1.0,0.01757559809115671,10.0,0.9828598884938584
1.598,1.0,0.017994390480770436,10.0,0.9824244019088433
1.6,1.0,0.018395098269978163,10.0,0.9820056095192295
1.602,1.0,0.01877638731498183,10.0,0.9816049017300218
1.604,1.0,0.01913698416262503,10.0,0.9812236126850181
1.606,1.0,0.019475680300920707,10.0,0.980863015837375
1.608,1.0,0.01979133621600267,10.0,0.9805243196990793
1.61,1.0,0.020082885241371005,10.0,0.9802086637839973
1.612,1.0,0.020349337185890718,10.0,0.979917114758629
1.614,1.0,0.020589781727640952,10.0,0.9796506628141093
1.616,1.0,0.02080339156139735,10.0,0.9794102182723591
1.618,1.0,0.020989425288260557,10.0,0.9791966084386027
1.62,1.0,0.021147230036717566,10.0,0.9790105747117395
1.622,1.0,0.021276243805237315,10.0,0.9788527699632824
1.624,1.0,0.021375997517355427,10.0,0.9787237561947627
1.6260000000000001,1.0,0.02144611678109256,10.0,0.9786240024826446
1.6280000000000001,1.0,0.02148632334547397,10.0,0.9785538832189075
1.6300000000000001,1.0,0.021496436247871877,10.0,0.978513676654526
1.6320000000000001,1.0,0.021476372646873854,10.0,0.9785035637521281
1.6340000000000001,1.0,0.021426148336387042,10.0,0.9785236273531261
1.6360000000000001,1.0,0.021345877937716157,10.0,0.978573851663613
1.6380000000000001,1.0,0.02123577476739972,10.0,0.9786541220622839
1.6400000000000001,1.0,0.02109615037965059,10.0,0.9787642252326003
1.6420000000000001,1.0,0.020927413783319988,10.0,0.9789038496203494
1.6440000000000001,1.0,0.020730070334385425,10.0,0.97907258621668
1.6460000000000001,1.0,0.020504720306048788,10.0,0.9792699296656145
1.6480000000000001,1.0,0.02025205713961742,10.0,0.9794952796939512
1.6500000000000001,1.0,0.019972865380425028,10.0,0.9797479428603826
1.6520000000000001,1.0,0.019668018304126744,10.0,0.980027134619575
1.6540000000000001,1.0,0.01933847523976997,10.0,0.9803319816958732
1.6560000000000001,1.0,0.0189852785970963,10.0,0.98066152476023
1.6580000000000001,1.0,0.018609550606565873,10.0,0.9810147214029037
1.6600000000000001,1.0,0.018212489781610282,10.0,0.9813904493934341
1.6620000000000001,1.0,0.017795367113610565,10.0,0.9817875102183897
1.6640000000000001,1.0,0.01735952201105835,10.0,0.9822046328863895
1.666,1.0,0.016906357995288352,10.0,0.9826404779889416
1.668,1.0,0.016437338166064998,10.0,0.9830936420047116
1.67,1.0,0.01595398045116205,10.0,0.983562661833935
1.672,1.0,0.015457852654888304,10.0,0.984046019548838
1.674,1.0,0.01495056732128152,10.0,0.9845421473451117
1.676,1.0,0.014433776428414128,10.0,0.9850494326787185
1.678,1.0,0.013909165930924419,10.0,0.9855662235715859
1.68,1.0,0.01337845016850379,10.0,0.9860908340690756
1.682,1.0,0.012843366158631221,10.0,0.9866215498314962
1.684,1.0,0.01230566779234823,10.0,0.9871566338413688
1.686,1.0,0.01176711995230898,10.0,0.9876943322076518
1.688,1.0,0.011229492572718781,10.0,0.988232880047691
1.69,1.0,0.0106945546610883,10.0,0.9887705074272812
1.692,1.0,0.010164068301978654,10.0,0.9893054453389117
1.694,1.0,0.009639782663092835,10.0,0.9898359316980213
1.696,1.0,0.00912342802418047,10.0,0.9903602173369072
1.698,1.0,0.008616709849264681,10.0,0.9908765719758196
1.7,1.0,0.008121302922671292,10.0,0.9913832901507353
1.702,1.0,0.0076388455692410415,10.0,0.9918786970773287
1.704,1.0,0.007170933978934934,10.0,0.992361154430759
1.706,1.0,0.006719116655801068,10.0,0.992829066021065
1.708,1.0,0.006284889010958746,10.0,0.993280883344199
1.71,1.0,0.005869688118872756,10.0,0.9937151109890413
1.712,1.0,0.005474887655738249,10.0,0.9941303118811272
1.714,1.0,0.005101793038275632,10.0,0.9945251123442618
1.716,1.0,0.004751636780646609,10.0,0.9948982069617244
1.718,1.0,0.004425574086548438,10.0,0.9952483632193534
1.72,1.0,0.004124678692825459,10.0,0.9955744259134516
1.722,1.0,0.0038499389801568565,10.0,0.9958753213071745
1.724,1.0,0.0036022543655398753,10.0,0.9961500610198432
1.726,1.0,0.003382431990390591,10.0,0.9963977456344602
1.728,1.0,0.0031911837171326963,10.0,0.9966175680096094
1.73,1.0,0.003029123446141432,10.0,0.9968088162828673
1.732,1.0,0.0028967647638579227,10.0,0.9969708765538585
1.734,1.0,0.0027945189317920946,10.0,0.9971032352361421
1.736,1.0,0.0027226932249935633,10.0,0.9972054810682079
1.738,1.0,0.0026814896273931127,10.0,0.9972773067750065
1.74,1.0,0.0026710038902064545,10.0,0.9973185103726069
1.742,1.0,0.002691224958350941,10.0,0.9973289961097935
1.744,1.0,0.002742034768558926,10.0,0.997308775041649
1.746,1.0,0.002823208421582854,10.0,0.9972579652314411
1.748,1.0,0.0029344147295812992,10.0,0.9971767915784171
1.75,1.0,0.003075217138456612,10.0,0.9970655852704187
1.752,1.0,0.0032450750235881224,10.0,0.9969247828615434
1.754,1.0,0.003443345356074728,10.0,0.9967549249764118
1.756,1.0,0.003669284735271815,10.0,0.9965566546439253
1.758,1.0,0.00392205178208465,10.0,0.9963307152647282
1.76,1.0,0.004200709886168372,10.0,0.9960779482179154
1.762,1.0,0.004504230298888336,10.0,0.9957992901138316
1.764,1.0,0.0048314955626185575,10.0,0.9954957697011116
1.766,1.0,0.005181303265705134,10.0,0.9951685044373815
1.768,1.0,0.005552370111200473,10.0,0.9948186967342949
1.77,1.0,0.005943336286287569,10.0,0.9944476298887995
1.772,1.0,0.006352770118165957,10.0,0.9940566637137125
1.774,1.0,0.006779173001066838,10.0,0.9936472298818341
1.776,1.0,0.007220984578008448,10.0,0.9932208269989332
1.778,1.0,0.0076765881598983305,10.0,0.9927790154219915
1.78,1.0,0.008144316363640706,10.0,0.9923234118401016
1.782,1.0,0.008622456950018577,10.0,0.9918556836363593
1.784,1.0,0.009109258841295128,10.0,0.9913775430499814
1.786,1.0,0.00960293829772104,10.0,0.9908907411587049
1.788,1.0,0.010101685231446592,10.0,0.9903970617022789
1.79,1.0,0.010603669635723094,10.0,0.9898983147685534
1.792,1.0,0.011107048106740031,10.0,0.9893963303642769
1.794,1.0,0.011609970434984766,10.0,0.98889295189326
1.796,1.0,0.01211058624263314,10.0,0.9883900295650152
1.798,1.0,0.012607051643183828,10.0,0.9878894137573668
1.8,1.0,0.013097535899338394,10.0,0.9873929483568161
1.802,1.0,0.013580228055004358,10.0,0.9869024641006616
1.804,1.0,0.014053343517261068,10.0,0.9864197719449956
1.806,1.0,0.014515130564178724,10.0,0.9859466564827389
1.808,1.0,0.014963876754520008,10.0,0.9854848694358213
1.81,1.0,0.01539791521558152,10.0,0.98503612324548
1.812,1.0,0.01581563078574849,10.0,0.9846020847844185
1.814,1.0,0.016215465988740567,10.0,0.9841843692142516
1.816,1.0,0.016595926817017947,10.0,0.9837845340112594
1.818,1.0,0.016955588302394714,10.0,0.9834040731829821
1.82,1.0,0.017293099852568314,10.0,0.9830444116976053
1.822,1.0,0.017607190333018947,10.0,0.9827069001474317
1.824,1.0,0.017896672874558185,10.0,0.9823928096669811
1.826,1.0,0.01816044938770969,10.0,0.9821033271254418
1.828,1.0,0.018397514766083947,10.0,0.9818395506122903
1.83,1.0,0.018606960761960285,10.0,0.981602485233916
1.832,1.0,0.018787979518409752,10.0,0.9813930392380397
1.834,1.0,0.018939866743477952,10.0,0.9812120204815903
1.836,1.0,0.01906202451319402,10.0,0.9810601332565221
1.838,1.0,0.019153963691475925,10.0,0.980937975486806
1.84,1.0,0.01921530595635926,10.0,0.9808460363085241
1.842,1.0,0.01924578542338151,10.0,0.9807846940436408
1.844,1.0,0.0192452498584019,10.0,0.9807542145766185
1.846,1.0,0.019213661473623047,10.0,0.9807547501415981
1.848,1.0,0.019151097302099417,10.0,0.980786338526377
1.85,1.0,0.01905774914756385,10.0,0.9808489026979006
1.852,1.0,0.018933923107971148,10.0,0.9809422508524361
1.854,1.0,0.0187800386727416,10.0,0.9810660768920288
1.856,1.0,0.01859662739528111,10.0,0.9812199613272584
1.858,1.0,0.018384331143952708,10.0,0.9814033726047189
1.86,1.0,0.018143899936270396,10.0,0.9816156688560473
1.862,1.0,0.01787618936267463,10.0,0.9818561000637296
1.864,1.0,0.01758215760782313,10.0,0.9821238106373253
1.866,1.0,0.017262862078885055,10.0,0.9824178423921769
1.868,1.0,0.016919455651854994,10.0,0.982737137921115
1.87,1.0,0.01655318254839943,10.0,0.983080544348145
1.872,1.0,0.016165373857206806,10.0,0.9834468174516006
1.874,1.0,0.0157574427152268,10.0,0.9838346261427932
1.8760000000000001,1.0,0.01533087916554964,10.0,0.9842425572847732
1.8780000000000001,1.0,0.014887244709986288,10.0,0.9846691208344504
1.8800000000000001,1.0,0.014428166575660062,10.0,0.9851127552900137
1.8820000000000001,1.0,0.013955331716104245,10.0,0.98557183342434
1.8840000000000001,1.0,0.013470480568473614,10.0,0.9860446682838958
1.8860000000000001,1.0,0.012975400589515856,10.0,0.9865295194315263
1.8880000000000001,1.0,0.012471919593906837,10.0,0.9870245994104841
1.8900000000000001,1.0,0.01196189891942758,10.0,0.9875280804060932
1.8920000000000001,1.0,0.011447226444246584,10.0,0.9880381010805724
1.8940000000000001,1.0,0.010929809482265,10.0,0.9885527735557534
1.8960000000000001,1.0,0.010411567583081044,10.0,0.989070190517735
1.8980000000000001,1.0,0.009894425263630734,10.0,0.989588432416919
1.9000000000000001,1.0,0.009380304698961967,10.0,0.9901055747363693
1.9020000000000001,1.0,0.008871118399895952,10.0,0.990619695301038
1.9040000000000001,1.0,0.008368761905522012,10.0,0.991128881600104
1.9060000000000001,1.0,0.007875106518557471,10.0,0.991631238094478
1.9080000000000001,1.0,0.007391992111582472,10.0,0.9921248934814425
1.9100000000000001,1.0,0.006921220032029597,10.0,0.9926080078884175
1.9120000000000001,1.0,0.0064645461335697055,10.0,0.9930787799679704
1.9140000000000001,1.0,0.00602367396118866,10.0,0.9935354538664303
1.9160000000000001,1.0,0.005600248116795197,10.0,0.9939763260388114
1.9180000000000001,1.0,0.00519584783163898,10.0,0.9943997518832048
1.92,1.0,0.0048119807711514565,10.0,0.994804152168361
1.922,1.0,0.004450077097052212,10.0,0.9951880192288486
1.924,1.0,0.00411148381069243,10.0,0.9955499229029477
1.926,1.0,0.0037974594006374924,10.0,0.9958885161893075
1.928,1.0,0.0035091688164257625,10.0,0.9962025405993625
1.93,1.0,0.0032476787892836835,10.0,0.9964908311835743
1.932,1.0,0.0030139535193323824,10.0,0.9967523212107163
1.934,1.0,0.0028088507474922455,10.0,0.9969860464806676
1.936,1.0,0.0026331182288840266,10.0,0.9971911492525077
1.938,1.0,0.002487390623042983,10.0,0.997366881771116
1.94,1.0,0.0023721868147115422,10.0,0.9975126093769571
1.942,1.0,0.0022879076773617596,10.0,0.9976278131852885
1.944,1.0,0.002234834289927214,10.0,0.9977120923226382
1.946,1.0,0.002213126615501193,10.0,0.9977651657100728
1.948,1.0,0.002222822648990491,10.0,0.9977868733844988
1.95,1.0,0.0022638380389085385,10.0,0.9977771773510095
1.952,1.0,0.0023359661866547855,10.0,0.9977361619610915
1.954,1.0,0.00243887882476629,10.0,0.9976640338133452
1.956,1.0,0.0025721270737495755,10.0,0.9975611211752337
1.958,1.0,0.002735142975213277,10.0,0.9974278729262505
1.96,1.0,0.0029272414971323866,10.0,0.9972648570247867
1.962,1.0,0.0031476230051904457,10.0,0.9970727585028676
1.964,1.0,0.003395376192274447,10.0,0.9968523769948096
1.966,1.0,0.003669481456345924,10.0,0.9966046238077255
1.968,1.0,0.0039688147150883386,10.0,0.9963305185436541
1.97,1.0,0.004292151643942813,10.0,0.9960311852849116
1.972,1.0,0.0046381723223989525,10.0,0.9957078483560572
1.974,1.0,0.005005466271712113,10.0,0.9953618276776011
1.976,1.0,0.005392537865580292,10.0,0.9949945337282878
1.978,1.0,0.005797812093739593,10.0,0.9946074621344198
1.98,1.0,0.006219640656933894,10.0,0.9942021879062604
1.982,1.0,0.006656308370288276,10.0,0.9937803593430661
1.984,1.0,0.007106039850773329,10.0,0.9933436916297117
1.986,1.0,0.007567006463194528,10.0,0.9928939601492267
1.988,1.0,0.00803733349798316,10.0,0.9924329935368055
1.99,1.0,0.008515107553008074,10.0,0.9919626665020168
1.992,1.0,0.008998384090675774,10.0,0.9914848924469919
1.994,1.0,0.009485195140744657,10.0,0.9910016159093242
1.996,1.0,0.009973557118551605,10.0,0.9905148048592554
1.998,1.0,0.010461478727739452,10.0,0.9900264428814484
2.0,1.0,0.010946968916085315,10.0,0.9895385212722605
2.0020000000000002,1.0,0.011428044852665157,10.0,0.9890530310839147
2.004,1.0,0.011902739894351623,10.0,0.9885719551473349
2.0060000000000002,1.0,0.012369111509531926,10.0,0.9880972601056484
2.008,1.0,0.012825249126951732,10.0,0.9876308884904681
2.0100000000000002,1.0,0.01326928187774029,10.0,0.9871747508730483
2.012,1.0,0.013699386198951873,10.0,0.9867307181222598
2.0140000000000002,1.0,0.014113793267368625,10.0,0.9863006138010482
2.016,1.0,0.014510796232849246,10.0,0.9858862067326314
2.0180000000000002,1.0,0.014888757221175511,10.0,0.9854892037671508
2.02,1.0,0.015246114077142235,10.0,0.9851112427788244
2.0220000000000002,1.0,0.015581386819553835,10.0,0.9847538859228577
2.024,1.0,0.01589318378082899,10.0,0.9844186131804462
2.0260000000000002,1.0,0.016180207405070694,10.0,0.9841068162191711
2.028,1.0,0.016441259679728343,10.0,0.9838197925949294
2.0300000000000002,1.0,0.016675247177356703,10.0,0.9835587403202717
2.032,1.0,0.01688118568545913,10.0,0.9833247528226433
2.0340000000000003,1.0,0.01705820440398339,10.0,0.9831188143145408
2.036,1.0,0.017205549691712396,10.0,0.9829417955960166
2.0380000000000003,1.0,0.01732258834455271,10.0,0.9827944503082876
2.04,1.0,0.01740881039056384,10.0,0.9826774116554473
2.0420000000000003,1.0,0.017463831388484695,10.0,0.9825911896094361
2.044,1.0,0.01748739421849192,10.0,0.9825361686115153
2.0460000000000003,1.0,0.017479370355961067,10.0,0.9825126057815081
2.048,1.0,0.017439760621087236,10.0,0.982520629644039
2.05,1.0,0.017368695399348794,10.0,0.9825602393789128
2.052,1.0,0.01726643432995751,10.0,0.9826313046006512
2.054,1.0,0.01713336546162203,10.0,0.9827335656700424
2.056,1.0,0.016970003877150364,10.0,0.982866634538378
2.058,1.0,0.016776989790621713,10.0,0.9830299961228497
2.06,1.0,0.016555086123059535,10.0,0.9832230102093783
2.062,1.0,0.016305175564726933,10.0,0.9834449138769404
2.064,1.0,0.01602825713433314,10.0,0.9836948244352731
2.066,1.0,0.015725442247576753,10.0,0.9839717428656669
2.068,1.0,0.015397950309548497,10.0,0.9842745577524232
2.07,1.0,0.015047103847564343,10.0,0.9846020496904515
2.072,1.0,0.014674323202990263,10.0,0.9849528961524356
2.074,1.0,0.01428112080254367,10.0,0.9853256767970098
2.076,1.0,0.01386909503140545,10.0,0.9857188791974564
2.078,1.0,0.013439923732242077,10.0,0.9861309049685946
2.08,1.0,0.012995357355911572,10.0,0.9865600762677579
2.082,1.0,0.012537211791202648,10.0,0.9870046426440884
2.084,1.0,0.012067360902425642,10.0,0.9874627882087974
2.086,1.0,0.011587728805030248,10.0,0.9879326390975743
2.088,1.0,0.011100281910661921,10.0,0.9884122711949698
2.09,1.0,0.01060702077418027,10.0,0.9888997180893381
2.092,1.0,0.010109971776143227,10.0,0.9893929792258197
2.094,1.0,0.009611178675105341,10.0,0.9898900282238567
2.096,1.0,0.00911269406478266,10.0,0.9903888213248947
2.098,1.0,0.008616570771696537,10.0,0.9908873059352173
2.1,1.0,0.008124853229320992,10.0,0.9913834292283035
2.102,1.0,0.007639568865020232,10.0,0.991875146770679
2.104,1.0,0.007162719536172628,10.0,0.9923604311349797
2.106,1.0,0.006696273051833282,10.0,0.9928372804638274
2.108,1.0,0.006242154816088613,10.0,0.9933037269481667
2.11,1.0,0.005802239628902944,10.0,0.9937578451839114
2.112,1.0,0.005378343679749413,10.0,0.9941977603710971
2.114,1.0,0.0049722167686568845,10.0,0.9946216563202506
2.116,1.0,0.004585534788492712,10.0,0.9950277832313431
2.118,1.0,0.004219892501340681,10.0,0.9954144652115073
2.12,1.0,0.003876796640727548,10.0,0.9957801074986593
2.122,1.0,0.003557659370203903,10.0,0.9961232033592724
2.124,1.0,0.00326379212740026,10.0,0.9964423406297961
2.126,1.0,0.002996399881162276,10.0,0.9967362078725998
2.128,1.0,0.0027565758277255503,10.0,0.9970036001188377
2.13,1.0,0.002545296550126838,10.0,0.9972434241722744
2.132,1.0,0.0023634176631715034,10.0,0.9974547034498732
2.134,1.0,0.0022116699642940993,10.0,0.9976365823368285
2.136,1.0,0.0020906561085678836,10.0,0.9977883300357059
2.138,1.0,0.0020008478239483033,10.0,0.9979093438914322
2.14,1.0,0.0019425836805837676,10.0,0.9979991521760517
2.142,1.0,0.0019160674257036484,10.0,0.9980574163194162
2.144,1.0,0.0019213668932079682,10.0,0.9980839325742964
2.146,1.0,0.0019584134946456343,10.0,0.998078633106792
2.148,1.0,0.0020270022957885776,10.0,0.9980415865053544
2.15,1.0,0.002126792680498258,10.0,0.9979729977042114
2.152,1.0,0.002257309601049423,10.0,0.9978732073195017
2.154,1.0,0.002417945411534605,10.0,0.9977426903989506
2.156,1.0,0.0026079622784326677,10.0,0.9975820545884654
2.158,1.0,0.0028264951598967374,10.0,0.9973920377215674
2.16,1.0,0.003072555342812296,10.0,0.9971735048401033
2.162,1.0,0.003345034524206036,10.0,0.9969274446571877
2.164,1.0,0.00364270942116134,10.0,0.996654965475794
2.166,1.0,0.0039642468910278264,10.0,0.9963572905788387
2.168,1.0,0.004308209541410976,10.0,0.9960357531089722
2.17,1.0,0.004673061807203943,10.0,0.995691790458589
2.172,1.0,0.005057176469787464,10.0,0.995326938192796
2.174,1.0,0.0054588415914852495,10.0,0.9949428235302126
2.176,1.0,0.0058762678364308535,10.0,0.9945411584085148
2.178,1.0,0.00630759614718703,10.0,0.9941237321635692
2.18,1.0,0.006750905744768563,10.0,0.993692403852813
2.182,1.0,0.007204222418162829,10.0,0.9932490942552314
2.184,1.0,0.007665527068026486,10.0,0.9927957775818371
2.186,1.0,0.008132764467968895,10.0,0.9923344729319735
2.188,1.0,0.00860385220571954,10.0,0.9918672355320312
2.19,1.0,0.009076689765523834,10.0,0.9913961477942804
2.192,1.0,0.009549167712324306,10.0,0.9909233102344762
2.194,1.0,0.010019176937666938,10.0,0.9904508322876757
2.196,1.0,0.010484617926828926,10.0,0.989980823062333
2.198,1.0,0.01094341000639758,10.0,0.989515382073171
2.2,1.0,0.0113935005314426,10.0,0.9890565899936025
2.202,1.0,0.011832873971517097,10.0,0.9886064994685574
2.204,1.0,0.012259560854997055,10.0,0.9881671260284829
2.206,1.0,0.01267164653172459,10.0,0.987740439145003
2.208,1.0,0.013067279714555955,10.0,0.9873283534682754
2.21,1.0,0.013444680761229587,10.0,0.9869327202854441
2.212,1.0,0.01380214965895953,10.0,0.9865553192387704
2.214,1.0,0.014138073675322325,10.0,0.9861978503410405
2.216,1.0,0.014450934640336456,10.0,0.9858619263246777
2.218,1.0,0.014739315826128037,10.0,0.9855490653596636
2.22,1.0,0.01500190839222866,10.0,0.9852606841738719
2.222,1.0,0.015237517366354899,10.0,0.9849980916077713
2.224,1.0,0.015445067132466638,10.0,0.9847624826336451
2.226,1.0,0.015623606399985302,10.0,0.9845549328675334
2.228,1.0,0.015772312630264608,10.0,0.9843763936000147
2.23,1.0,0.0158904958987366,10.0,0.9842276873697354
2.232,1.0,0.015977602173594466,10.0,0.9841095041012634
2.234,1.0,0.016033215994410883,10.0,0.9840223978264055
2.236,1.0,0.016057062536715315,10.0,0.9839667840055891
2.238,1.0,0.016049009051254642,10.0,0.9839429374632847
2.24,1.0,0.016009065669426902,10.0,0.9839509909487454
2.242,1.0,0.015937385569195644,10.0,0.983990934330573
2.244,1.0,0.015834264498650115,10.0,0.9840626144308043
2.246,1.0,0.015700139657261303,10.0,0.9841657355013499
2.248,1.0,0.015535587937783112,10.0,0.9842998603427386
2.25,1.0,0.01534132353464827,10.0,0.9844644120622169
2.2520000000000002,1.0,0.015118194927597134,10.0,0.9846586764653518
2.254,1.0,0.014867181252140852,10.0,0.9848818050724029
2.2560000000000002,1.0,0.014589388071285458,10.0,0.9851328187478592
2.258,1.0,0.014286042565717166,10.0,0.9854106119287145
2.2600000000000002,1.0,0.013958488162358514,10.0,0.9857139574342828
2.262,1.0,0.013608178623837381,10.0,0.9860415118376414
2.2640000000000002,1.0,0.01323667162395374,10.0,0.9863918213761627
2.266,1.0,0.0128456218366702,10.0,0.9867633283760463
2.2680000000000002,1.0,0.012436773568480265,10.0,0.9871543781633298
2.27,1.0,0.012011952966211256,10.0,0.9875632264315197
2.2720000000000002,1.0,0.011573059834386506,10.0,0.9879880470337887
2.274,1.0,0.011122059098193157,10.0,0.9884269401656135
2.2760000000000002,1.0,0.010660971949868264,10.0,0.9888779409018068
2.278,1.0,0.01019186671791776,10.0,0.9893390280501317
2.2800000000000002,1.0,0.009716849500011893,10.0,0.9898081332820823
2.282,1.0,0.009238054601649458,10.0,0.990283150499988
2.2840000000000003,1.0,0.008757634823744724,10.0,0.9907619453983505
2.286,1.0,0.008277751643159314,10.0,0.9912423651762553
2.2880000000000003,1.0,0.00780056533087151,10.0,0.9917222483568406
2.29,1.0,0.0073282250529430595,10.0,0.9921994346691285
2.2920000000000003,1.0,0.0068628589997054325,10.0,0.9926717749470569
2.294,1.0,0.006406564588641042,10.0,0.9931371410002946
2.2960000000000003,1.0,0.005961398786278889,10.0,0.9935934354113589
2.298,1.0,0.005529368594057833,10.0,0.9940386012137211
2.3000000000000003,1.0,0.0051124217425347765,10.0,0.9944706314059422
2.302,1.0,0.004712437637530917,10.0,0.9948875782574652
2.3040000000000003,1.0,0.00433121860081932,10.0,0.9952875623624691
2.306,1.0,0.003970481446764798,10.0,0.9956687813991807
2.308,1.0,0.0036318494349368755,10.0,0.9960295185532352
2.31,1.0,0.003316844637133738,10.0,0.9963681505650631
2.312,1.0,0.0030268807554858575,10.0,0.9966831553628662
2.314,1.0,0.002763256426359566,10.0,0.9969731192445141
2.316,1.0,0.0025271490426613287,10.0,0.9972367435736404
2.318,1.0,0.0023196091248617514,10.0,0.9974728509573386
2.32,1.0,0.002141555268624175,10.0,0.9976803908751383
2.322,1.0,0.0019937696943465926,10.0,0.9978584447313759
2.324,1.0,0.0018768944212188207,10.0,0.9980062303056534
2.326,1.0,0.0017914280855712923,10.0,0.9981231055787811
2.328,1.0,0.0017377234203601209,10.0,0.9982085719144287
2.33,1.0,0.0017159854096083249,10.0,0.9982622765796398
2.332,1.0,0.0017262701285190177,10.0,0.9982840145903916
2.334,1.0,0.001768484276807091,10.0,0.998273729871481
2.336,1.0,0.0018423854095759758,10.0,0.9982315157231929
2.338,1.0,0.0019475828668103607,10.0,0.9981576145904241
2.34,1.0,0.002083539399279392,10.0,0.9980524171331896
2.342,1.0,0.0022495734853632352,10.0,0.9979164606007206
2.344,1.0,0.0024448623300443954,10.0,0.9977504265146367
2.346,1.0,0.00266844553405937,10.0,0.9975551376699556
2.348,1.0,0.0029192294180015836,10.0,0.9973315544659407
2.35,1.0,0.003195991983018459,10.0,0.9970807705819984
2.352,1.0,0.0034973884866691955,10.0,0.9968040080169815
2.354,1.0,0.0038219576095203127,10.0,0.9965026115133307
2.356,1.0,0.004168128185167949,10.0,0.9961780423904797
2.358,1.0,0.004534226463603555,10.0,0.995831871814832
2.36,1.0,0.00491848387519683,10.0,0.9954657735363964
2.362,1.0,0.005319045260069764,10.0,0.9950815161248032
2.364,1.0,0.0057339775252912405,10.0,0.9946809547399302
2.366,1.0,0.006161278690144773,10.0,0.9942660224747087
2.368,1.0,0.006598887277723955,10.0,0.9938387213098552
2.37,1.0,0.007044692009301631,10.0,0.993401112722276
2.372,1.0,0.007496541756309287,10.0,0.9929553079906984
2.374,1.0,0.007952255703361577,10.0,0.9925034582436907
2.376,1.0,0.008409633674575031,10.0,0.9920477442966384
2.378,1.0,0.008866466574466748,10.0,0.991590366325425
2.38,1.0,0.009320546893984134,10.0,0.9911335334255332
2.382,1.0,0.009769679231715159,10.0,0.9906794531060159
2.384,1.0,0.010211690780064089,10.0,0.9902303207682849
2.386,1.0,0.010644441726152533,10.0,0.9897883092199359
2.388,1.0,0.011065835517421569,10.0,0.9893555582738475
2.39,1.0,0.011473828942367805,10.0,0.9889341644825784
2.392,1.0,0.011866441977543819,10.0,0.9885261710576322
2.394,1.0,0.01224176735288914,10.0,0.9881335580224562
2.396,1.0,0.012597979788629005,10.0,0.9877582326471108
2.398,1.0,0.012933344858379716,10.0,0.987402020211371
2.4,1.0,0.013246227434726502,10.0,0.9870666551416203
2.402,1.0,0.013535099675385248,10.0,0.9867537725652735
2.404,1.0,0.01379854851011595,10.0,0.9864649003246148
2.406,1.0,0.014035282590814298,10.0,0.986201451489884
2.408,1.0,0.014244138669658447,10.0,0.9859647174091857
2.41,1.0,0.014424087372820228,10.0,0.9857558613303415
2.412,1.0,0.014574238340051731,10.0,0.9855759126271798
2.414,1.0,0.014693844703416786,10.0,0.9854257616599482
2.416,1.0,0.014782306881538892,10.0,0.9853061552965832
2.418,1.0,0.01483917566896813,10.0,0.9852176931184611
2.42,1.0,0.014864154603614647,10.0,0.9851608243310319
2.422,1.0,0.014857101598639679,10.0,0.9851358453963853
2.424,1.0,0.014818029828720476,10.0,0.9851428984013603
2.426,1.0,0.014747107864196224,10.0,0.9851819701712795
2.428,1.0,0.014644659050240864,10.0,0.9852528921358038
2.43,1.0,0.01451116013187808,10.0,0.9853553409497592
2.432,1.0,0.014347239129335877,10.0,0.985488839868122
2.434,1.0,0.014153672471915117,10.0,0.9856527608706641
2.436,1.0,0.013931381402200092,10.0,0.9858463275280849
2.438,1.0,0.013681427666051597,10.0,0.9860686185977999
2.44,1.0,0.01340500850737615,10.0,0.9863185723339484
2.442,1.0,0.013103450990141086,10.0,0.9865949914926239
2.444,1.0,0.012778205673486896,10.0,0.9868965490098589
2.446,1.0,0.012430839669057992,10.0,0.9872217943265131
2.448,1.0,0.012063029112814695,10.0,0.987569160330942
2.45,1.0,0.011676551086586098,10.0,0.9879369708871854
2.452,1.0,0.011273275027460358,10.0,0.988323448913414
2.454,1.0,0.010855153665770792,10.0,0.9887267249725397
2.456,1.0,0.010424213534908989,10.0,0.9891448463342292
2.458,1.0,0.009982545098466605,10.0,0.989575786465091
2.46,1.0,0.009532292542263497,10.0,0.9900174549015334
2.462,1.0,0.009075643280649729,10.0,0.9904677074577365
2.464,1.0,0.008614817228062854,10.0,0.9909243567193503
2.466,1.0,0.008152055888170277,10.0,0.9913851827719371
2.468,1.0,0.007689611314021564,10.0,0.9918479441118297
2.47,1.0,0.007229734993470563,10.0,0.9923103886859784
2.472,1.0,0.006774666714696504,10.0,0.9927702650065294
2.474,1.0,0.006326623466952655,10.0,0.9932253332853035
2.476,1.0,0.00588778843169775,10.0,0.9936733765330473
2.478,1.0,0.005460300119017657,10.0,0.9941122115683022
2.48,1.0,0.005046241703722453,10.0,0.9945396998809823
2.482,1.0,0.004647630614708324,10.0,0.9949537582962775
2.484,1.0,0.004266408430107141,10.0,0.9953523693852917
2.486,1.0,0.003904431129412987,10.0,0.9957335915698928
2.488,1.0,0.003563459752179707,10.0,0.996095568870587
2.49,1.0,0.003245151511033252,10.0,0.9964365402478202
2.492,1.0,0.002951051404645183,10.0,0.9967548484889668
2.494,1.0,0.0026825843739784094,10.0,0.9970489485953549
2.496,1.0,0.0024410480425535357,10.0,0.9973174156260216
2.498,1.0,0.0022276060787057746,10.0,0.9975589519574465
2.5,1.0,0.002043282214821102,10.0,0.9977723939212942
2.5020000000000002,1.0,0.0018889549553701259,10.0,0.9979567177851789
2.504,1.0,0.0017653530022139975,10.0,0.9981110450446299
2.5060000000000002,1.0,0.00167305142215456,10.0,0.998234646997786
2.508,1.0,0.0016124685780576666,10.0,0.9983269485778454
2.5100000000000002,1.0,0.0015838638411118397,10.0,0.9983875314219424
2.512,1.0,0.001587336097912602,10.0,0.9984161361588881
2.5140000000000002,1.0,0.001622823062104899,10.0,0.9984126639020874
2.516,1.0,0.0016901013962916532,10.0,0.9983771769378951
2.5180000000000002,1.0,0.0017887876458456587,10.0,0.9983098986037083
2.52,1.0,0.0019183399821651372,10.0,0.9982112123541543
2.5220000000000002,1.0,0.0020780607488109916,10.0,0.9980816600178348
2.524,1.0,0.002267099799876873,10.0,0.997921939251189
2.5260000000000002,1.0,0.0024844586158924973,10.0,0.9977329002001232
2.528,1.0,0.0027289951785669504,10.0,0.9975155413841075
2.5300000000000002,1.0,0.0029994295817626455,10.0,0.997271004821433
2.532,1.0,0.0032943503522724596,10.0,0.9970005704182373
2.5340000000000003,1.0,0.003612221450272345,10.0,0.9967056496477276
2.536,1.0,0.003951389915758849,10.0,0.9963877785497277
2.5380000000000003,1.0,0.004310094123874378,10.0,0.9960486100842412
2.54,1.0,0.004686472608790886,10.0,0.9956899058761256
2.5420000000000003,1.0,0.005078573412782401,10.0,0.9953135273912092
2.544,1.0,0.00548436391428489,10.0,0.9949214265872176
2.5460000000000003,1.0,0.005901741086134037,10.0,0.9945156360857151
2.548,1.0,0.006328542132802026,10.0,0.9940982589138659
2.5500000000000003,1.0,0.006762555453336723,10.0,0.993671457867198
2.552,1.0,0.007201531874852948,10.0,0.9932374445466633
2.5540000000000003,1.0,0.007643196099846605,10.0,0.992798468125147
2.556,1.0,0.008085258309307853,10.0,0.9923568039001534
2.5580000000000003,1.0,0.008525425862607329,10.0,0.9919147416906922
2.56,1.0,0.008961415034426296,10.0,0.9914745741373927
2.562,1.0,0.00939096272860268,10.0,0.9910385849655737
2.564,1.0,0.009811838108673776,10.0,0.9906090372713974
2.566,1.0,0.010221854085115075,10.0,0.9901881618913262
2.568,1.0,0.010618878599803493,10.0,0.9897781459148849
2.57,1.0,0.011000845649071295,10.0,0.9893811214001965
2.572,1.0,0.011365765987861154,10.0,0.9889991543509287
2.574,1.0,0.011711737458938954,10.0,0.9886342340121388
2.576,1.0,0.012036954892863008,10.0,0.9882882625410611
2.578,1.0,0.012339719526438751,10.0,0.987963045107137
2.58,1.0,0.012618447889697779,10.0,0.9876602804735612
2.582,1.0,0.012871680114018498,10.0,0.9873815521103022
2.584,1.0,0.013098087616840783,10.0,0.9871283198859815
2.586,1.0,0.013296480121505382,10.0,0.9869019123831592
2.588,1.0,0.013465811974055471,10.0,0.9867035198784946
2.59,1.0,0.013605187722356893,10.0,0.9865341880259445
2.592,1.0,0.013713866926607655,10.0,0.9863948122776431
2.594,1.0,0.013791268174198075,10.0,0.9862861330733923
2.596,1.0,0.013836972275930951,10.0,0.9862087318258019
2.598,1.0,0.01385072462479601,10.0,0.986163027724069
2.6,1.0,0.013832436702793492,10.0,0.986149275375204
2.602,1.0,0.01378218672569604,10.0,0.9861675632972066
2.604,1.0,0.013700219420103679,10.0,0.9862178132743039
2.606,1.0,0.013586944931660449,10.0,0.9862997805798963
2.608,1.0,0.01344293686783981,10.0,0.9864130550683395
2.61,1.0,0.013268929483245631,10.0,0.9865570631321602
2.612,1.0,0.01306581401989249,10.0,0.9867310705167543
2.614,1.0,0.012834634219399376,10.0,0.9869341859801075
2.616,1.0,0.012576581028430955,10.0,0.9871653657806007
2.618,1.0,0.012292986523026832,10.0,0.987423418971569
2.62,1.0,0.011985317081648534,10.0,0.9877070134769732
2.622,1.0,0.011655165840823725,10.0,0.9880146829183515
2.624,1.0,0.011304244471155262,10.0,0.9883448341591763
2.626,1.0,0.010934374315167894,10.0,0.9886957555288447
2.628,1.0,0.010547476931967188,10.0,0.9890656256848321
2.63,1.0,0.010145564096964176,10.0,0.9894525230680328
2.632,1.0,0.009730727307956748,10.0,0.9898544359030358
2.634,1.0,0.009305126851637813,10.0,0.9902692726920432
2.636,1.0,0.008870980487104626,10.0,0.9906948731483622
2.638,1.0,0.008430551805158915,10.0,0.9911290195128953
2.64,1.0,0.007986138324100299,10.0,0.991569448194841
2.642,1.0,0.007540059384314408,10.0,0.9920138616758997
2.644,1.0,0.007094643905232006,10.0,0.9924599406156855
2.646,1.0,0.0066522180691780146,10.0,0.992905356094768
2.648,1.0,0.006215092997232921,10.0,0.993347781930822
2.65,1.0,0.005785552482488828,10.0,0.9937849070027671
2.652,1.0,0.005365840845995306,10.0,0.9942144475175112
2.654,1.0,0.004958150980255034,10.0,0.9946341591540047
2.656,1.0,0.004564612644346535,10.0,0.995041849019745
2.658,1.0,0.004187281073623781,10.0,0.9954353873556535
2.66,1.0,0.003828125965474215,10.0,0.9958127189263762
2.662,1.0,0.0034890209008142437,10.0,0.9961718740345258
2.664,1.0,0.0031717332588723263,10.0,0.9965109790991857
2.666,1.0,0.002877914680364432,10.0,0.9968282667411277
2.668,1.0,0.002609092131416322,10.0,0.9971220853196355
2.67,1.0,0.002366659617545187,10.0,0.9973909078685836
2.672,1.0,0.002151870593694536,10.0,0.9976333403824548
2.674,1.0,0.0019658311127374274,10.0,0.9978481294063055
2.676,1.0,0.0018094937510420965,10.0,0.9980341688872626
2.678,1.0,0.0016836523456502184,10.0,0.9981905062489579
2.68,1.0,0.0015889375733721255,10.0,0.9983163476543497
2.682,1.0,0.0015258133976771982,10.0,0.9984110624266279
2.684,1.0,0.0014945744046743737,10.0,0.9984741866023228
2.686,1.0,0.0014953440447612418,10.0,0.9985054255953256
2.688,1.0,0.0015280737916953692,10.0,0.9985046559552387
2.69,1.0,0.0015925432259338546,10.0,0.9984719262083046
2.692,1.0,0.0016883610441228258,10.0,0.9984074567740662
2.694,1.0,0.0018149669916242366,10.0,0.9983116389558772
2.696,1.0,0.0019716347099698077,10.0,0.9981850330083758
2.698,1.0,0.002157475486158367,10.0,0.9980283652900301
2.7,1.0,0.0023714428857902446,10.0,0.9978425245138416
2.702,1.0,0.002612338247187754,10.0,0.9976285571142097
2.704,1.0,0.0028788170089107945,10.0,0.9973876617528122
2.706,1.0,0.0031693958384675426,10.0,0.9971211829910892
2.708,1.0,0.0034824605255676824,10.0,0.9968306041615325
2.71,1.0,0.003816274598994725,10.0,0.9965175394744323
2.712,1.0,0.004168988622108708,10.0,0.9961837254010053
2.714,1.0,0.004538650118154148,10.0,0.9958310113778913
2.716,1.0,0.00492321407296252,10.0,0.9954613498818459
2.718,1.0,0.005320553959324498,10.0,0.9950767859270375
2.72,1.0,0.005728473224284116,10.0,0.9946794460406755
2.722,1.0,0.0061447171778927796,10.0,0.9942715267757158
2.724,1.0,0.0065669852195719535,10.0,0.9938552828221072
2.726,1.0,0.006992943336184006,10.0,0.993433014780428
2.728,1.0,0.007420236804213904,10.0,0.993007056663816
2.73,1.0,0.007846503027131158,10.0,0.9925797631957861
2.732,1.0,0.008269384438040667,10.0,0.9921534969728688
2.734,1.0,0.008686541397149878,10.0,0.9917306155619593
2.736,1.0,0.009095665013382954,10.0,0.9913134586028501
2.738,1.0,0.009494489819663264,10.0,0.990904334986617
2.74,1.0,0.009880806231964284,10.0,0.9905055101803367
2.742,1.0,0.01025247272319445,10.0,0.9901191937680357
2.744,1.0,0.01060742764433025,10.0,0.9897475272768056
2.746,1.0,0.010943700626938025,10.0,0.9893925723556698
2.748,1.0,0.011259423503321018,10.0,0.9890562993730619
2.75,1.0,0.011552840682984086,10.0,0.988740576496679
2.7520000000000002,1.0,0.011822318926912415,10.0,0.9884471593170159
2.754,1.0,0.012066356464298596,10.0,0.9881776810730876
2.7560000000000002,1.0,0.0122835913998087,10.0,0.9879336435357015
2.758,1.0,0.012472809363234846,10.0,0.9877164086001913
2.7600000000000002,1.0,0.012632950357419825,10.0,0.9875271906367652
2.762,1.0,0.012763114764637396,10.0,0.9873670496425802
2.7640000000000002,1.0,0.012862568476147388,10.0,0.9872368852353626
2.766,1.0,0.012930747114393522,10.0,0.9871374315238526
2.7680000000000002,1.0,0.012967259322248478,10.0,0.9870692528856064
2.77,1.0,0.012971889098808751,10.0,0.9870327406777515
2.7720000000000002,1.0,0.012944597166473356,10.0,0.9870281109011912
2.774,1.0,0.01288552135937717,10.0,0.9870554028335267
2.7760000000000002,1.0,0.012794976028662239,10.0,0.9871144786406228
2.778,1.0,0.012673450465528917,10.0,0.9872050239713378
2.7800000000000002,1.0,0.012521606348483014,10.0,0.9873265495344711
2.782,1.0,0.012340274226654607,10.0,0.987478393651517
2.7840000000000003,1.0,0.01213044905647838,10.0,0.9876597257733454
2.786,1.0,0.011893284814363669,10.0,0.9878695509435216
2.7880000000000003,1.0,0.011630088213214602,10.0,0.9881067151856363
2.79,1.0,0.011342311555757177,10.0,0.9883699117867853
2.7920000000000003,1.0,0.011031544762561353,10.0,0.9886576884442428
2.794,1.0,0.01069950661738417,10.0,0.9889684552374386
2.7960000000000003,1.0,0.010348035276976789,10.0,0.9893004933826158
2.798,1.0,0.009979078096767935,10.0,0.9896519647230232
2.8000000000000003,1.0,0.00959468082783343,10.0,0.9900209219032321
2.802,1.0,0.009196976244262467,10.0,0.9904053191721666
2.8040000000000003,1.0,0.008788172263413966,10.0,0.9908030237557375
2.806,1.0,0.008370539624600205,10.0,0.991211827736586
2.8080000000000003,1.0,0.007946399194421265,10.0,0.9916294603753998
2.81,1.0,0.007518108969285893,10.0,0.9920536008055787
2.8120000000000003,1.0,0.007088050847577418,10.0,0.9924818910307142
2.814,1.0,0.006658617245444828,10.0,0.9929119491524225
2.816,1.0,0.006232197631308452,10.0,0.9933413827545552
2.818,1.0,0.0058111650548589855,10.0,0.9937678023686916
2.82,1.0,0.005397862746591853,10.0,0.994188834945141
2.822,1.0,0.0049945908637528775,10.0,0.9946021372534082
2.824,1.0,0.004603593457974832,10.0,0.9950054091362471
2.826,1.0,0.004227045738859247,10.0,0.9953964065420252
2.828,1.0,0.003867041706307612,10.0,0.9957729542611408
2.83,1.0,0.003525582222537338,10.0,0.9961329582936924
2.832,1.0,0.003204563592439137,10.0,0.9964744177774627
2.834,1.0,0.0029057667182551088,10.0,0.9967954364075609
2.836,1.0,0.0026308468914941585,10.0,0.9970942332817448
2.838,1.0,0.0023813242815692004,10.0,0.9973691531085058
2.84,1.0,0.0021585751768568393,10.0,0.9976186757184308
2.842,1.0,0.001963824029764879,10.0,0.9978414248231432
2.844,1.0,0.001798136352968126,10.0,0.9980361759702351
2.846,1.0,0.0016624125092624346,10.0,0.9982018636470319
2.848,1.0,0.0015573824325164313,10.0,0.9983375874907375
2.85,1.0,0.0014836013119971794,10.0,0.9984426175674835
2.852,1.0,0.0014414462669389188,10.0,0.9985163986880028
2.854,1.0,0.0014311140326430407,10.0,0.9985585537330611
2.856,1.0,0.0014526196736738607,10.0,0.9985688859673569
2.858,1.0,0.0015057963338807239,10.0,0.9985473803263262
2.86,1.0,0.0015902960270655412,10.0,0.9984942036661193
2.862,1.0,0.0017055914661596135,10.0,0.9984097039729345
2.864,1.0,0.0018509789228086106,10.0,0.9982944085338404
2.866,1.0,0.00202558210332409,10.0,0.9981490210771914
2.868,1.0,0.002228357021078284,10.0,0.997974417896676
2.87,1.0,0.0024580978396301833,10.0,0.9977716429789217
2.872,1.0,0.0027134436552089846,10.0,0.9975419021603699
2.874,1.0,0.0029928861816789503,10.0,0.997286556344791
2.876,1.0,0.0032947782958001348,10.0,0.9970071138183211
2.878,1.0,0.003617343395513748,10.0,0.9967052217041998
2.88,1.0,0.003958685519149545,10.0,0.9963826566044862
2.882,1.0,0.004316800168904602,10.0,0.9960413144808504
2.884,1.0,0.004689585777705711,10.0,0.9956831998310954
2.886,1.0,0.005074855754667341,10.0,0.9953104142222943
2.888,1.0,0.005470351040817659,10.0,0.9949251442453326
2.89,1.0,0.005873753103608671,10.0,0.9945296489591824
2.892,1.0,0.006282697295973061,10.0,0.9941262468963913
2.894,1.0,0.006694786503357521,10.0,0.9937173027040269
2.896,1.0,0.007107605000265673,10.0,0.9933052134966425
2.898,1.0,0.007518732436395996,10.0,0.9928923949997344
2.9,1.0,0.007925757871471865,10.0,0.992481267563604
2.902,1.0,0.008326293777339622,10.0,0.9920742421285281
2.904,1.0,0.008717989925861548,10.0,0.9916737062226604
2.906,1.0,0.00909854708155614,10.0,0.9912820100741384
2.908,1.0,0.009465730418837569,10.0,0.9909014529184439
2.91,1.0,0.009817382585076626,10.0,0.9905342695811624
2.912,1.0,0.010151436332540708,10.0,0.9901826174149234
2.914,1.0,0.010465926644561786,10.0,0.9898485636674593
2.916,1.0,0.010759002284017355,10.0,0.9895340733554382
2.918,1.0,0.011028936695376051,10.0,0.9892409977159826
2.92,1.0,0.011274138195140122,10.0,0.9889710633046239
2.922,1.0,0.011493159389492077,10.0,0.9887258618048599
2.924,1.0,0.01168470576230106,10.0,0.988506840610508
2.926,1.0,0.011847643381341685,10.0,0.9883152942376989
2.928,1.0,0.011981005675598325,10.0,0.9881523566186583
2.93,1.0,0.012083999241842851,10.0,0.9880189943244017
2.932,1.0,0.012156008644253717,10.0,0.9879160007581571
2.934,1.0,0.01219660017665721,10.0,0.9878439913557463
2.936,1.0,0.012205524562984488,10.0,0.9878033998233428
2.938,1.0,0.012182718577716075,10.0,0.9877944754370155
2.94,1.0,0.012128305574393015,10.0,0.987817281422284
2.942,1.0,0.012042594916674212,10.0,0.987871694425607
2.944,1.0,0.011926080312875295,10.0,0.9879574050833257
2.946,1.0,0.011779437061397476,10.0,0.9880739196871247
2.948,1.0,0.01160351822090743,10.0,0.9882205629386025
2.95,1.0,0.011399349725522619,10.0,0.9883964817790926
2.952,1.0,0.011168124471552784,10.0,0.9886006502744774
2.954,1.0,0.01091119540850978,10.0,0.9888318755284472
2.956,1.0,0.010630067673087317,10.0,0.9890888045914902
2.958,1.0,0.010326389810593375,10.0,0.9893699323269127
2.96,1.0,0.010001944133855715,10.0,0.9896736101894066
2.962,1.0,0.009658636274881179,10.0,0.9899980558661443
2.964,1.0,0.009298483989499916,10.0,0.9903413637251188
2.966,1.0,0.008923605279835397,10.0,0.9907015160105
2.968,1.0,0.008536205903681373,10.0,0.9910763947201646
2.97,1.0,0.008138566343710865,10.0,0.9914637940963186
2.972,1.0,0.007733028312865305,10.0,0.9918614336562891
2.974,1.0,0.007321980875251837,10.0,0.9922669716871347
2.976,1.0,0.006907846264394005,10.0,0.9926780191247482
2.978,1.0,0.006493065482718473,10.0,0.993092153735606
2.98,1.0,0.006080083767703949,10.0,0.9935069345172816
2.982,1.0,0.005671336011156857,10.0,0.993919916232296
2.984,1.0,0.005269232218603036,10.0,0.9943286639888431
2.986,1.0,0.004876143095790783,10.0,0.994730767781397
2.988,1.0,0.004494385848785459,10.0,0.9951238569042092
2.99,1.0,0.004126210283100804,10.0,0.9955056141512145
2.992,1.0,0.003773785285760896,10.0,0.9958737897168992
2.994,1.0,0.003439185772126659,10.0,0.9962262147142391
2.996,1.0,0.0031243801767622003,10.0,0.9965608142278733
2.998,1.0,0.002831218564572313,10.0,0.9968756198232378
3.0,1.0,0.0025614214349296196,10.0,0.9971687814354276
3.0020000000000002,1.0,0.00231656928754718,10.0,0.9974385785650703
3.004,1.0,0.002098093014462016,10.0,0.9976834307124528
3.0060000000000002,1.0,0.0019072651777016084,10.0,0.9979019069855379
3.008,1.0,0.0017451922270362605,10.0,0.9980927348222984
3.0100000000000002,1.0,0.0016128077067049528,10.0,0.9982548077729637
3.012,1.0,0.001510866494172852,10.0,0.9983871922932951
3.0140000000000002,1.0,0.0014399401078689156,10.0,0.9984891335058271
3.016,1.0,0.0014004131144978787,10.0,0.998560059892131
3.0180000000000002,1.0,0.001392480659959778,10.0,0.9985995868855021
3.02,1.0,0.0014161471411809658,10.0,0.9986075193400402
3.0220000000000002,1.0,0.0014712260293033904,10.0,0.998583852858819
3.024,1.0,0.0015573408477348412,10.0,0.9985287739706966
3.0260000000000002,1.0,0.001673927301573683,10.0,0.9984426591522652
3.028,1.0,0.0018202365479295882,10.0,0.9983260726984263
3.0300000000000002,1.0,0.001995339589709413,10.0,0.9981797634520704
3.032,1.0,0.002198132768567104,10.0,0.9980046604102906
3.0340000000000003,1.0,0.0024273443259705003,10.0,0.9978018672314329
3.036,1.0,0.0026815419947577197,10.0,0.9975726556740295
3.0380000000000003,1.0,0.0029591415771822466,10.0,0.9973184580052423
3.04,1.0,0.0032584164593185963,10.0,0.9970408584228178
3.0420000000000003,1.0,0.003577508005857888,10.0,0.9967415835406814
3.044,1.0,0.00391443677380167,10.0,0.9964224919941421
3.0460000000000003,1.0,0.004267114478397919,10.0,0.9960855632261983
3.048,1.0,0.004633356639888339,10.0,0.9957328855216021
3.0500000000000003,1.0,0.0050108958352816525,10.0,0.9953666433601117
3.052,1.0,0.005397395475461934,10.0,0.9949891041647183
3.0540000000000003,1.0,0.005790464024509877,10.0,0.9946026045245381
3.056,1.0,0.006187669575181159,10.0,0.9942095359754901
3.0580000000000003,1.0,0.0065865546920698265,10.0,0.9938123304248189
3.06,1.0,0.006984651432102761,10.0,0.9934134453079302
3.0620000000000003,1.0,0.007379496450677459,10.0,0.9930153485678972
3.064,1.0,0.0077686461009801155,10.0,0.9926205035493225
3.0660000000000003,1.0,0.0081496914338112,10.0,0.9922313538990198
3.068,1.0,0.00852027300560502,10.0,0.9918503085661888
3.0700000000000003,1.0,0.008878095403258273,10.0,0.991479726994395
3.072,1.0,0.009220941395876724,10.0,0.9911219045967418
3.074,1.0,0.009546685625602182,10.0,0.9907790586041233
3.076,1.0,0.009853307752283266,10.0,0.9904533143743978
3.078,1.0,0.010138904969889275,10.0,0.9901466922477168
3.08,1.0,0.01040170381621964,10.0,0.9898610950301108
3.082,1.0,0.01064007120161123,10.0,0.9895982961837804
3.084,1.0,0.010852524586968813,10.0,0.9893599287983887
3.086,1.0,0.011037741246513194,10.0,0.9891474754130312
3.088,1.0,0.011194566556127657,10.0,0.9889622587534868
3.09,1.0,0.011322021254053714,10.0,0.9888054334438724
3.092,1.0,0.011419307626907191,10.0,0.9886779787459463
3.094,1.0,0.011485814580517943,10.0,0.9885806923730928
3.096,1.0,0.011521121561901795,10.0,0.9885141854194821
3.098,1.0,0.011525001305710441,10.0,0.9884788784380982
3.1,1.0,0.011497421385731114,10.0,0.9884749986942896
3.102,1.0,0.011438544559378686,10.0,0.9885025786142689
3.104,1.0,0.011348727900593257,10.0,0.9885614554406214
3.106,1.0,0.011228520724079887,10.0,0.9886512720994067
3.108,1.0,0.011078661311357452,10.0,0.9887714792759201
3.11,1.0,0.01090007245657364,10.0,0.9889213386886425
3.112,1.0,0.010693855857445854,10.0,0.9890999275434263
3.114,1.0,0.01046128538395685,10.0,0.9893061441425541
3.116,1.0,0.010203799264523212,10.0,0.9895387146160431
3.118,1.0,0.009922991236219328,10.0,0.9897962007354768
3.12,1.0,0.0096206007122354,10.0,0.9900770087637807
3.122,1.0,0.009298502026033056,10.0,0.9903793992877646
3.124,1.0,0.008958692817595499,10.0,0.9907014979739669
3.126,1.0,0.00860328163271246,10.0,0.9910413071824045
3.128,1.0,0.008234474811357032,10.0,0.9913967183672875
3.13,1.0,0.007854562745868135,10.0,0.9917655251886429
3.132,1.0,0.007465905593817707,10.0,0.9921454372541318
3.134,1.0,0.00707091853408769,10.0,0.9925340944061823
3.136,1.0,0.006672056657783551,10.0,0.9929290814659123
3.138,1.0,0.006271799588146727,10.0,0.9933279433422164
3.14,1.0,0.005872635925579906,10.0,0.9937282004118533
3.142,1.0,0.005477047615251821,10.0,0.99412736407442
3.144,1.0,0.005087494335491427,10.0,0.9945229523847482
3.146,1.0,0.004706398005307833,10.0,0.9949125056645086
3.148,1.0,0.004336127508879041,10.0,0.9952936019946922
3.15,1.0,0.0039789837337400255,10.0,0.995663872491121
3.152,1.0,0.0036371850176736796,10.0,0.9960210162662599
3.154,1.0,0.003312853096975128,10.0,0.9963628149823264
3.156,1.0,0.0030079996458333078,10.0,0.9966871469030248
3.158,1.0,0.0027245134930697743,10.0,0.9969920003541667
3.16,1.0,0.0024641485984133564,10.0,0.9972754865069302
3.162,1.0,0.00222851286589416,10.0,0.9975358514015866
3.164,1.0,0.002019057866838608,10.0,0.9977714871341058
3.166,1.0,0.001837069539369101,10.0,0.9979809421331614
3.168,1.0,0.0016836599252911147,10.0,0.9981629304606309
3.17,1.0,0.0015597599988236763,10.0,0.9983163400747089
3.172,1.0,0.0014661136348354616,10.0,0.9984402400011764
3.174,1.0,0.001403272757130097,10.0,0.9985338863651645
3.176,1.0,0.0013715936999246887,10.0,0.9985967272428699
3.178,1.0,0.0013712348080312054,10.0,0.9986284063000753
3.18,1.0,0.001402155293428916,10.0,0.9986287651919687
3.182,1.0,0.0014641153579567675,10.0,0.9985978447065711
3.184,1.0,0.001556677583807717,10.0,0.9985358846420432
3.186,1.0,0.0016792095854236226,10.0,0.9984433224161923
3.188,1.0,0.0018308879083209282,10.0,0.9983207904145763
3.19,1.0,0.0020107031523756693,10.0,0.998169112091679
3.192,1.0,0.0022174662892127787,10.0,0.9979892968476244
3.194,1.0,0.002449816135630192,10.0,0.9977825337107872
3.196,1.0,0.0027062279374929564,10.0,0.9975501838643698
3.198,1.0,0.0029850230113052803,10.0,0.997293772062507
3.2,1.0,0.0032843793837566758,10.0,0.9970149769886947
3.202,1.0,0.003602343362987552,10.0,0.9967156206162433
3.204,1.0,0.003936841969173327,10.0,0.9963976566370124
3.206,1.0,0.004285696146325339,10.0,0.9960631580308267
3.208,1.0,0.004646634671989946,10.0,0.9957143038536747
3.21,1.0,0.005017308676829579,10.0,0.9953533653280101
3.212,1.0,0.0053953066819234525,10.0,0.9949826913231704
3.214,1.0,0.005778170058059809,10.0,0.9946046933180765
3.216,1.0,0.006163408808331361,10.0,0.9942218299419402
3.218,1.0,0.006548517573012167,10.0,0.9938365911916687
3.22,1.0,0.006930991754005157,10.0,0.9934514824269879
3.222,1.0,0.0073083436551181465,10.0,0.9930690082459949
3.224,1.0,0.007678118534061598,10.0,0.9926916563448819
3.226,1.0,0.008037910462368552,10.0,0.9923218814659384
3.228,1.0,0.008385377890416486,10.0,0.9919620895376314
3.23,1.0,0.008718258816378673,10.0,0.9916146221095835
3.232,1.0,0.009034385460240633,10.0,0.9912817411836213
3.234,1.0,0.009331698346973123,10.0,0.9909656145397594
3.236,1.0,0.009608259706539925,10.0,0.9906683016530269
3.238,1.0,0.009862266102615693,10.0,0.9903917402934601
3.24,1.0,0.01009206020667122,10.0,0.9901377338973844
3.242,1.0,0.010296141639421824,10.0,0.9899079397933288
3.244,1.0,0.01047317680749656,10.0,0.9897038583605782
3.246,1.0,0.010622007669535338,10.0,0.9895268231925034
3.248,1.0,0.010741659372718367,10.0,0.9893779923304646
3.25,1.0,0.010831346707934907,10.0,0.9892583406272817
3.2520000000000002,1.0,0.010890479339360779,10.0,0.989168653292065
3.254,1.0,0.01091866577208838,10.0,0.9891095206606392
3.2560000000000002,1.0,0.010915716029588868,10.0,0.9890813342279117
3.258,1.0,0.010881643021131555,10.0,0.9890842839704111
3.2600000000000002,1.0,0.010816662587786612,10.0,0.9891183569788684
3.262,1.0,0.010721192224238963,10.0,0.9891833374122134
3.2640000000000002,1.0,0.01059584848228774,10.0,0.989278807775761
3.266,1.0,0.010441443070540556,10.0,0.9894041515177122
3.2680000000000002,1.0,0.010258977673378415,10.0,0.9895585569294595
3.27,1.0,0.010049637520708973,10.0,0.9897410223266215
3.2720000000000002,1.0,0.009814783748287214,10.0,0.989950362479291
3.274,1.0,0.009555944596408577,10.0,0.9901852162517127
3.2760000000000002,1.0,0.009274805502516525,10.0,0.9904440554035914
3.278,1.0,0.008973198150662647,10.0,0.9907251944974835
3.2800000000000002,1.0,0.008653088547762646,10.0,0.9910268018493373
3.282,1.0,0.00831656420315861,10.0,0.9913469114522373
3.2840000000000003,1.0,0.007965820494081753,10.0,0.9916834357968414
3.286,1.0,0.007603146305168684,10.0,0.9920341795059182
3.2880000000000003,1.0,0.0072309090351795205,10.0,0.9923968536948313
3.29,1.0,0.006851539068462863,10.0,0.9927690909648205
3.2920000000000003,1.0,0.006467513812479507,10.0,0.9931484609315372
3.294,1.0,0.006081341405806715,10.0,0.9935324861875205
3.2960000000000003,1.0,0.005695544203474853,10.0,0.9939186585941933
3.298,1.0,0.0053126421482196685,10.0,0.9943044557965252
3.3000000000000003,1.0,0.004935136137252541,10.0,0.9946873578517803
3.302,1.0,0.004565491494448157,10.0,0.9950648638627475
3.3040000000000003,1.0,0.004206121657419826,10.0,0.9954345085055518
3.306,1.0,0.0038593721877970694,10.0,0.9957938783425802
3.3080000000000003,1.0,0.0035275052111433947,10.0,0.9961406278122029
3.31,1.0,0.0032126843903639347,10.0,0.9964724947888566
3.3120000000000003,1.0,0.0029169605331676395,10.0,0.9967873156096361
3.314,1.0,0.002642257930186145,10.0,0.9970830394668324
3.3160000000000003,1.0,0.0023903615157352337,10.0,0.9973577420698139
3.318,1.0,0.0021629049379632446,10.0,0.9976096384842648
3.3200000000000003,1.0,0.0019613596192965058,10.0,0.9978370950620368
3.322,1.0,0.001787024881701561,10.0,0.9980386403807034
3.3240000000000003,1.0,0.0016410192043781783,10.0,0.9982129751182984
3.326,1.0,0.0015242726741200598,10.0,0.9983589807956218
3.3280000000000003,1.0,0.001437520680779308,10.0,0.99847572732588
3.33,1.0,0.001381298902096575,10.0,0.9985624793192207
3.332,1.0,0.0013559396136646896,10.0,0.9986187010979034
3.334,1.0,0.0013615693510350064,10.0,0.9986440603863354
3.336,1.0,0.0013981079420103731,10.0,0.998638430648965
3.338,1.0,0.0014652689180557083,10.0,0.9986018920579897
3.34,1.0,0.0015625613045571769,10.0,0.9985347310819442
3.342,1.0,0.0016892927804351835,10.0,0.9984374386954428
3.344,1.0,0.001844574188426586,10.0,0.9983107072195648
3.346,1.0,0.002027325368259448,10.0,0.9981554258115735
3.348,1.0,0.002236282276010646,10.0,0.9979726746317406
3.35,1.0,0.0024700053442232705,10.0,0.9977637177239893
3.352,1.0,0.002726889028926367,10.0,0.9975299946557767
3.354,1.0,0.0030051724816017823,10.0,0.9972731109710736
3.356,1.0,0.0033029512764374755,10.0,0.9969948275183982
3.358,1.0,0.003618190115946812,10.0,0.9966970487235626
3.36,1.0,0.003948736431269574,10.0,0.9963818098840532
3.362,1.0,0.004292334787250093,10.0,0.9960512635687304
3.364,1.0,0.004646641996754817,10.0,0.9957076652127499
3.366,1.0,0.005009242843685981,10.0,0.9953533580032452
3.368,1.0,0.005377666309805759,10.0,0.994990757156314
3.37,1.0,0.005749402196838102,10.0,0.9946223336901943
3.372,1.0,0.006121918032390531,10.0,0.9942505978031619
3.374,1.0,0.006492676146057725,10.0,0.9938780819676095
3.376,1.0,0.006859150800650337,10.0,0.9935073238539422
3.378,1.0,0.007218845262848245,10.0,0.9931408491993496
3.38,1.0,0.007569308697714661,10.0,0.9927811547371518
3.382,1.0,0.007908152772427894,10.0,0.9924306913022853
3.384,1.0,0.00823306785628768,10.0,0.9920918472275722
3.386,1.0,0.008541838706524054,10.0,0.9917669321437124
3.388,1.0,0.008832359532664738,10.0,0.991458161293476
3.39,1.0,0.009102648336182587,10.0,0.9911676404673353
3.392,1.0,0.00935086042682355,10.0,0.9908973516638174
3.394,1.0,0.009575301022378465,10.0,0.9906491395731765
3.396,1.0,0.009774436844674722,10.0,0.9904246989776215
3.398,1.0,0.009946906631187812,10.0,0.9902255631553253
3.4,1.0,0.01009153048886501,10.0,0.9900530933688122
3.402,1.0,0.010207318024466758,10.0,0.989908469511135
3.404,1.0,0.010293475193915215,10.0,0.9897926819755333
3.406,1.0,0.010349409821739384,10.0,0.9897065248060848
3.408,1.0,0.010374735750665186,10.0,0.9896505901782606
3.41,1.0,0.010369275590656741,10.0,0.9896252642493348
3.412,1.0,0.010333062046209665,10.0,0.9896307244093433
3.414,1.0,0.010266337810364406,10.0,0.9896669379537903
3.416,1.0,0.010169554023681752,10.0,0.9897336621896355
3.418,1.0,0.010043367306237228,10.0,0.9898304459763182
3.42,1.0,0.009888635380478975,10.0,0.9899566326937628
3.422,1.0,0.009706411312487633,10.0,0.990111364619521
3.424,1.0,0.009497936408709965,10.0,0.9902935886875124
3.426,1.0,0.009264631814544351,10.0,0.99050206359129
3.428,1.0,0.009008088870171219,10.0,0.9907353681854556
3.43,1.0,0.00873005828768196,10.0,0.9909919111298288
3.432,1.0,0.00843243822180504,10.0,0.9912699417123181
3.434,1.0,0.008117261314299814,10.0,0.9915675617781949
3.436,1.0,0.007786680799331727,10.0,0.9918827386857002
3.438,1.0,0.007442955763805397,10.0,0.9922133192006682
3.44,1.0,0.007088435662666716,10.0,0.9925570442361946
3.442,1.0,0.006725544194547605,10.0,0.9929115643373333
3.444,1.0,0.006356762647778193,10.0,0.9932744558054524
3.446,1.0,0.005984612830696417,10.0,0.9936432373522218
3.448,1.0,0.005611639703314656,10.0,0.9940153871693036
3.45,1.0,0.0052403938297328825,10.0,0.9943883602966853
3.452,1.0,0.004873413772198932,10.0,0.9947596061702672
3.454,1.0,0.00451320854839567,10.0,0.995126586227801
3.456,1.0,0.004162240273374463,10.0,0.9954867914516043
3.458,1.0,0.003822907106552623,10.0,0.9958377597266256
3.46,1.0,0.003497526622353625,10.0,0.9961770928934474
3.462,1.0,0.0031883197204024896,10.0,0.9965024733776464
3.464,1.0,0.0028973951877107468,10.0,0.9968116802795975
3.466,1.0,0.002626735021017023,10.0,0.9971026048122893
3.468,1.0,0.0023781806124175578,10.0,0.9973732649789829
3.47,1.0,0.002153419895658234,10.0,0.9976218193875824
3.472,1.0,0.0019539755440035706,10.0,0.9978465801043418
3.474,1.0,0.001781194303491156,10.0,0.9980460244559964
3.476,1.0,0.001636237537669486,10.0,0.9982188056965089
3.478,1.0,0.001520073051654773,10.0,0.9983637624623305
3.48,1.0,0.0014334682545837603,10.0,0.9984799269483452
3.482,1.0,0.0013769847103443115,10.0,0.9985665317454162
3.484,1.0,0.0013509741168962709,10.0,0.9986230152896557
3.486,1.0,0.0013555757446173673,10.0,0.9986490258831038
3.488,1.0,0.0013907153539907476,10.0,0.9986444242553826
3.49,1.0,0.0014561056026620243,10.0,0.9986092846460093
3.492,1.0,0.001551247941505904,10.0,0.9985438943973379
3.494,1.0,0.0016754359889279277,10.0,0.9984487520584941
3.496,1.0,0.001827760362258461,10.0,0.9983245640110721
3.498,1.0,0.0020071149348466375,10.0,0.9981722396377415
3.5,1.0,0.0022122044774037816,10.0,0.9979928850651534
3.5020000000000002,1.0,0.002441553632350121,10.0,0.9977877955225962
3.504,1.0,0.002693517160455015,10.0,0.9975584463676499
3.5060000000000002,1.0,0.0029662913899970726,10.0,0.997306482839545
3.508,1.0,0.0032579267900714605,10.0,0.997033708610003
3.5100000000000002,1.0,0.0035663415815994576,10.0,0.9967420732099286
3.512,1.0,0.003889336292108466,10.0,0.9964336584184006
3.5140000000000002,1.0,0.0042246091535039255,10.0,0.9961106637078916
3.516,1.0,0.004569772235898271,10.0,0.995775390846496
3.5180000000000002,1.0,0.004922368205141963,10.0,0.9954302277641017
3.52,1.0,0.005279887587058363,10.0,0.9950776317948581
3.5220000000000002,1.0,0.005639786417553225,10.0,0.9947201124129417
3.524,1.0,0.005999504154780577,10.0,0.9943602135824468
3.5260000000000002,1.0,0.006356481727423744,10.0,0.9940004958452194
3.528,1.0,0.006708179591911037,10.0,0.9936435182725762
3.5300000000000002,1.0,0.007052095671042054,10.0,0.9932918204080889
3.532,1.0,0.007385783047057872,10.0,0.992947904328958
3.5340000000000003,1.0,0.007706867283645866,10.0,0.9926142169529422
3.536,1.0,0.008013063253720011,10.0,0.9922931327163541
3.5380000000000003,1.0,0.008302191353046745,10.0,0.99198693674628
3.54,1.0,0.008572192983874715,10.0,0.9916978086469532
3.5420000000000003,1.0,0.008821145197647923,10.0,0.9914278070161253
3.544,1.0,0.009047274391603674,10.0,0.9911788548023521
3.5460000000000003,1.0,0.009248968960541426,10.0,0.9909527256083963
3.548,1.0,0.00942479081225245,10.0,0.9907510310394586
3.5500000000000003,1.0,0.009573485662974428,10.0,0.9905752091877476
3.552,1.0,0.00969399203772577,10.0,0.9904265143370256
3.5540000000000003,1.0,0.009785448909423256,10.0,0.9903060079622742
3.556,1.0,0.009847201920230886,10.0,0.9902145510905768
3.5580000000000003,1.0,0.009878808138561184,10.0,0.9901527980797691
3.56,1.0,0.009880039315482932,10.0,0.9901211918614388
3.5620000000000003,1.0,0.009850883614908872,10.0,0.990119960684517
3.564,1.0,0.00979154580276843,10.0,0.9901491163850912
3.5660000000000003,1.0,0.009702445891337213,10.0,0.9902084541972316
3.568,1.0,0.00958421624591913,10.0,0.9902975541086628
3.5700000000000003,1.0,0.009437697172079687,10.0,0.9904157837540809
3.572,1.0,0.009263931012531514,10.0,0.9905623028279203
3.5740000000000003,1.0,0.009064154793497222,10.0,0.9907360689874685
3.576,1.0,0.00883979147084268,10.0,0.9909358452065028
3.5780000000000003,1.0,0.008592439836409975,10.0,0.9911602085291573
3.58,1.0,0.008323863154709892,10.0,0.99140756016359
3.5820000000000003,1.0,0.008035976609387508,10.0,0.9916761368452901
3.584,1.0,0.00773083364758342,10.0,0.9919640233906125
3.586,1.0,0.0074106113184130296,10.0,0.9922691663524166
3.588,1.0,0.007077594709216712,10.0,0.992589388681587
3.59,1.0,0.006734160589939253,10.0,0.9929224052907832
3.592,1.0,0.006382760381926804,10.0,0.9932658394100607
3.594,1.0,0.00602590257253868,10.0,0.9936172396180732
3.596,1.0,0.005666134701220124,10.0,0.9939740974274613
3.598,1.0,0.00530602504603717,10.0,0.9943338652987799
3.6,1.0,0.0049481441421089685,10.0,0.9946939749539628
3.602,1.0,0.004595046264865727,10.0,0.995051855857891
3.604,1.0,0.004249251011598025,10.0,0.9954049537351343
3.606,1.0,0.0039132251143386,10.0,0.995750748988402
3.608,1.0,0.003589364615730819,10.0,0.9960867748856614
3.61,1.0,0.0032799775371957903,10.0,0.9964106353842692
3.612,1.0,0.0029872671654263016,10.0,0.9967200224628042
3.614,1.0,0.002713316079031235,10.0,0.9970127328345737
3.616,1.0,0.0024600710320562885,10.0,0.9972866839209688
3.618,1.0,0.0022293288051497525,10.0,0.9975399289679437
3.62,1.0,0.00202272312836622,10.0,0.9977706711948503
3.622,1.0,0.0018417127720529432,10.0,0.9979772768716337
3.624,1.0,0.0016875708939954024,10.0,0.9981582872279471
3.626,1.0,0.001561375722068276,10.0,0.9983124291060046
3.628,1.0,0.0014640026421081347,10.0,0.9984386242779317
3.63,1.0,0.0013961177506622406,10.0,0.9985359973578919
3.632,1.0,0.001358172921745271,10.0,0.9986038822493377
3.634,1.0,0.001350402425827757,10.0,0.9986418270782548
3.636,1.0,0.0013728211280647248,10.0,0.9986495975741723
3.638,1.0,0.0014252242813312093,10.0,0.9986271788719353
3.64,1.0,0.0015071889180456827,10.0,0.9985747757186688
3.642,1.0,0.001618076833117054,10.0,0.9984928110819543
3.644,1.0,0.0017570391387305825,10.0,0.9983819231668829
3.646,1.0,0.0019230223601777515,10.0,0.9982429608612694
3.648,1.0,0.002114776030619327,10.0,0.9980769776398223
3.65,1.0,0.0023308617316328516,10.0,0.9978852239693806
3.652,1.0,0.0025696635157173133,10.0,0.9976691382683671
3.654,1.0,0.0028293996366880116,10.0,0.9974303364842827
3.656,1.0,0.0031081355041700826,10.0,0.997170600363312
3.658,1.0,0.0034037977692626667,10.0,0.9968918644958299
3.66,1.0,0.003714189439966137,10.0,0.9965962022307373
3.662,1.0,0.004037005917206451,10.0,0.9962858105600338
3.664,1.0,0.004369851835312788,10.0,0.9959629940827935
3.666,1.0,0.004710258584660884,10.0,0.9956301481646872
3.668,1.0,0.00505570238893269,10.0,0.9952897414153391
3.67,1.0,0.005403622805104604,10.0,0.9949442976110673
3.672,1.0,0.005751441510896424,10.0,0.9945963771948954
3.674,1.0,0.006096581242019226,10.0,0.9942485584891035
3.676,1.0,0.006436484740173356,10.0,0.9939034187579808
3.678,1.0,0.006768633572380985,10.0,0.9935635152598267
3.68,1.0,0.007090566682897241,10.0,0.993231366427619
3.682,1.0,0.007399898540628022,10.0,0.9929094333171028
3.684,1.0,0.007694336747682179,10.0,0.9926001014593719
3.686,1.0,0.007971698978383958,10.0,0.9923056632523178
3.688,1.0,0.008229929122744336,10.0,0.992028301021616
3.69,1.0,0.008467112514005627,10.0,0.9917700708772557
3.692,1.0,0.008681490126393987,10.0,0.9915328874859943
3.694,1.0,0.008871471636593683,10.0,0.991318509873606
3.696,1.0,0.009035647250643437,10.0,0.9911285283634064
3.698,1.0,0.009172798206890573,10.0,0.9909643527493566
3.7,1.0,0.009281905875259223,10.0,0.9908272017931095
3.702,1.0,0.009362159383325411,10.0,0.9907180941247408
3.704,1.0,0.009412961710470246,10.0,0.9906378406166746
3.706,1.0,0.0094339342026245,10.0,0.9905870382895298
3.708,1.0,0.009424919471741507,10.0,0.9905660657973755
3.71,1.0,0.009385982656055251,10.0,0.9905750805282585
3.712,1.0,0.009317411029309264,10.0,0.9906140173439447
3.714,1.0,0.009219711959389663,10.0,0.9906825889706907
3.716,1.0,0.009093609229071781,10.0,0.9907802880406104
3.718,1.0,0.008940037743802904,10.0,0.9909063907709282
3.72,1.0,0.008760136663502456,10.0,0.9910599622561971
3.722,1.0,0.008555241007175255,10.0,0.9912398633364975
3.724,1.0,0.008326871790614206,10.0,0.9914447589928247
3.726,1.0,0.008076724768529372,10.0,0.9916731282093858
3.728,1.0,0.0078066578629968865,10.0,0.9919232752314706
3.73,1.0,0.007518677370093083,10.0,0.9921933421370032
3.732,1.0,0.0072149230458903885,10.0,0.992481322629907
3.734,1.0,0.006897652181570029,10.0,0.9927850769541096
3.736,1.0,0.006569222785186162,10.0,0.99310234781843
3.738,1.0,0.006232075994535904,10.0,0.9934307772148139
3.74,1.0,0.005888717851595298,10.0,0.9937679240054641
3.742,1.0,0.005541700574024881,10.0,0.9941112821484047
3.744,1.0,0.0051936034632892505,10.0,0.9944582994259751
3.746,1.0,0.00484701359193954,10.0,0.9948063965367108
3.748,1.0,0.00450450641455027,10.0,0.9951529864080605
3.75,1.0,0.00416862644766474,10.0,0.9954954935854498
3.7520000000000002,1.0,0.003841868163876197,10.0,0.9958313735523353
3.754,1.0,0.0035266572438538172,10.0,0.9961581318361238
3.7560000000000002,1.0,0.0032253323277196344,10.0,0.9964733427561462
3.758,1.0,0.002940127403709672,10.0,0.9967746676722804
3.7600000000000002,1.0,0.002673154967532625,10.0,0.9970598725962904
3.762,1.0,0.0024263900803032745,10.0,0.9973268450324674
3.7640000000000002,1.0,0.0022016554464140766,10.0,0.9975736099196967
3.766,1.0,0.002000607625263155,10.0,0.997798344553586
3.7680000000000002,1.0,0.0018247244824336308,10.0,0.9979993923747369
3.77,1.0,0.0016752939767779528,10.0,0.9981752755175664
3.7720000000000002,1.0,0.0015534043699682487,10.0,0.9983247060232221
3.774,1.0,0.001459935934502196,10.0,0.9984465956300318
3.7760000000000002,1.0,0.001395554224981342,10.0,0.9985400640654978
3.778,1.0,0.0013607049657879539,10.0,0.9986044457750186
3.7800000000000002,1.0,0.001355610596164241,10.0,0.998639295034212
3.782,1.0,0.00138026850123469,10.0,0.9986443894038357
3.7840000000000003,1.0,0.0014344509448017105,10.0,0.9986197314987653
3.786,1.0,0.001517706706882412,10.0,0.9985655490551983
3.7880000000000003,1.0,0.0016293644160372755,10.0,0.9984822932931176
3.79,1.0,0.0017685375536675907,10.0,0.9983706355839628
3.7920000000000003,1.0,0.0019341310947257344,10.0,0.9982314624463324
3.794,1.0,0.0021248497367878294,10.0,0.9980658689052743
3.7960000000000003,1.0,0.002339207657277757,10.0,0.9978751502632122
3.798,1.0,0.0025755397268984142,10.0,0.9976607923427222
3.8000000000000003,1.0,0.002832014096111099,10.0,0.9974244602731016
3.802,1.0,0.0031066460608939,10.0,0.9971679859038889
3.8040000000000003,1.0,0.0033973131040876806,10.0,0.996893353939106
3.806,1.0,0.0037017709994813133,10.0,0.9966026868959124
3.8080000000000003,1.0,0.004017670857468424,10.0,0.9962982290005187
3.81,1.0,0.00434257698369204,10.0,0.9959823291425316
3.8120000000000003,1.0,0.0046739854156405206,10.0,0.995657423016308
3.814,1.0,0.005009342996720157,10.0,0.9953260145843594
3.8160000000000003,1.0,0.00534606684295153,10.0,0.9949906570032798
3.818,1.0,0.005681564054154647,10.0,0.9946539331570484
3.8200000000000003,1.0,0.006013251519330578,10.0,0.9943184359458453
3.822,1.0,0.006338575664934536,10.0,0.9939867484806694
3.8240000000000003,1.0,0.0066550319948783495,10.0,0.9936614243350654
3.826,1.0,0.006960184272401421,10.0,0.9933449680051216
3.8280000000000003,1.0,0.00725168319640196,10.0,0.9930398157275986
3.83,1.0,0.007527284428409259,10.0,0.992748316803598
3.8320000000000003,1.0,0.0077848658310788205,10.0,0.9924727155715908
3.834,1.0,0.008022443784872466,10.0,0.9922151341689212
3.8360000000000003,1.0,0.00823818845640402,10.0,0.9919775562151275
3.838,1.0,0.008430437899738377,10.0,0.991761811543596
3.84,1.0,0.008597710880670741,10.0,0.9915695621002616
3.842,1.0,0.008738718323618912,10.0,0.9914022891193293
3.844,1.0,0.008852373291163564,10.0,0.9912612816763811
3.846,1.0,0.008937799417391533,10.0,0.9911476267088364
3.848,1.0,0.008994337727951782,10.0,0.9910622005826085
3.85,1.0,0.00902155179203413,10.0,0.9910056622720482
3.852,1.0,0.009019231164233749,10.0,0.9909784482079659
3.854,1.0,0.008987393087372815,10.0,0.9909807688357662
3.856,1.0,0.008926282440714296,10.0,0.9910126069126272
3.858,1.0,0.008836369931519214,10.0,0.9910737175592857
3.86,1.0,0.008718348541463838,10.0,0.9911636300684807
3.862,1.0,0.008573128252942262,10.0,0.9912816514585362
3.864,1.0,0.008401829093628174,10.0,0.9914268717470578
3.866,1.0,0.00820577255075333,10.0,0.9915981709063718
3.868,1.0,0.007986471419277308,10.0,0.9917942274492467
3.87,1.0,0.007745618160373851,10.0,0.9920135285807227
3.872,1.0,0.007485071858347143,10.0,0.9922543818396261
3.874,1.0,0.007206843875124393,10.0,0.9925149281416529
3.876,1.0,0.006913082311761546,10.0,0.9927931561248756
3.878,1.0,0.006606055395864712,10.0,0.9930869176882384
3.88,1.0,0.0062881339223950445,10.0,0.9933939446041353
3.882,1.0,0.005961772882920065,10.0,0.993711866077605
3.884,1.0,0.005629492424937932,10.0,0.9940382271170799
3.886,1.0,0.00529385828837876,10.0,0.9943705075750621
3.888,1.0,0.004957461870733026,10.0,0.9947061417116212
3.89,1.0,0.004622900075434164,10.0,0.995042538129267
3.892,1.0,0.0042927551001024815,10.0,0.9953770999245658
3.894,1.0,0.003969574322021599,10.0,0.9957072448998975
3.896,1.0,0.00365585043775722,10.0,0.9960304256779784
3.898,1.0,0.003354002012141204,10.0,0.9963441495622428
3.9,1.0,0.0030663545889412255,10.0,0.9966459979878588
3.902,1.0,0.0027951225114369897,10.0,0.9969336454110588
3.904,1.0,0.002542391595856459,10.0,0.997204877488563
3.906,1.0,0.0023101027942277943,10.0,0.9974576084041435
3.908,1.0,0.0021000369757213995,10.0,0.9976898972057722
3.91,1.0,0.001913800947047071,10.0,0.9978999630242786
3.912,1.0,0.0017528148229974554,10.0,0.9980861990529529
3.914,1.0,0.0016183008478622754,10.0,0.9982471851770025
3.916,1.0,0.0015112737572568003,10.0,0.9983816991521377
3.918,1.0,0.0014325327579981873,10.0,0.9984887262427432
3.92,1.0,0.001382655191115979,10.0,0.9985674672420018
3.922,1.0,0.0013619919299949154,10.0,0.998617344808884
3.924,1.0,0.001370664552120597,10.0,0.9986380080700051
3.926,1.0,0.001408564309036477,10.0,0.9986293354478794
3.928,1.0,0.0014753529050322673,10.0,0.9985914356909635
3.93,1.0,0.0015704650808793092,10.0,0.9985246470949677
3.932,1.0,0.0016931129847192997,10.0,0.9984295349191207
3.934,1.0,0.0018422922981109107,10.0,0.9983068870152807
3.936,1.0,0.0020167900713557226,10.0,0.998157707701889
3.938,1.0,0.002215194208670643,10.0,0.9979832099286443
3.94,1.0,0.002435904530656461,10.0,0.9977848057913293
3.942,1.0,0.0026771453289362005,10.0,0.9975640954693435
3.944,1.0,0.0029369793159033553,10.0,0.9973228546710639
3.946,1.0,0.00321332286132504,10.0,0.9970630206840967
3.948,1.0,0.003503962397179197,10.0,0.996786677138675
3.95,1.0,0.003806571862652613,10.0,0.9964960376028208
3.952,1.0,0.004118731052765054,10.0,0.9961934281373473
3.954,1.0,0.004437944726684095,10.0,0.9958812689472349
3.956,1.0,0.004761662325516908,10.0,0.9955620552733159
3.958,1.0,0.00508729814426233,10.0,0.9952383376744831
3.96,1.0,0.0054122517987227,10.0,0.9949127018557377
3.962,1.0,0.005733928825544639,10.0,0.9945877482012773
3.964,1.0,0.006049761252205473,10.0,0.9942660711744553
3.966,1.0,0.0063572279737018214,10.0,0.9939502387477945
3.968,1.0,0.006653874773933076,10.0,0.9936427720262981
3.97,1.0,0.006937333832299024,10.0,0.9933461252260669
3.972,1.0,0.00720534255983115,10.0,0.993062666167701
3.974,1.0,0.0074557616142247,10.0,0.9927946574401688
3.976,1.0,0.0076865919493966615,10.0,0.9925442383857753
3.978,1.0,0.007895990762617017,10.0,0.9923134080506033
3.98,1.0,0.008082286210791077,10.0,0.992104009237383
3.982,1.0,0.008243990777044588,10.0,0.9919177137892089
3.984,1.0,0.008379813179307104,10.0,0.9917560092229554
3.986,1.0,0.008488668724021467,10.0,0.9916201868206929
3.988,1.0,0.008569688020339378,10.0,0.9915113312759786
3.99,1.0,0.0086222239830994,10.0,0.9914303119796606
3.992,1.0,0.008645857066423046,10.0,0.9913777760169006
3.994,1.0,0.008640398683800114,10.0,0.9913541429335769
3.996,1.0,0.0086058927849554,10.0,0.9913596013161999
3.998,1.0,0.008542615574480796,10.0,0.9913941072150446
4.0,1.0,0.008451073372062915,10.0,0.9914573844255192
4.002,1.0,0.008331998629017944,10.0,0.991548926627937
4.0040000000000004,1.0,0.00818634413064345,10.0,0.9916680013709821
4.006,1.0,0.008015275428492293,10.0,0.9918136558693565
4.008,1.0,0.007820161560948922,10.0,0.9919847245715077
4.01,1.0,0.007602564134327792,10.0,0.9921798384390511
4.0120000000000005,1.0,0.007364224850004762,10.0,0.9923974358656722
4.014,1.0,0.00710705157572708,10.0,0.9926357751499952
4.016,1.0,0.006833103071122292,10.0,0.9928929484242729
4.018,1.0,0.006544572488443492,10.0,0.9931668969288777
4.0200000000000005,1.0,0.00624376977965682,10.0,0.9934554275115565
4.022,1.0,0.0059331031500131325,10.0,0.9937562302203432
4.024,1.0,0.005615059706173712,10.0,0.9940668968499868
4.026,1.0,0.005292185453712787,10.0,0.9943849402938263
4.0280000000000005,1.0,0.004967064804339706,10.0,0.9947078145462872
4.03,1.0,0.004642299757422894,10.0,0.9950329351956603
4.032,1.0,0.004320488923318525,10.0,0.9953577002425771
4.034,1.0,0.004004206557581747,10.0,0.9956795110766815
4.0360000000000005,1.0,0.003695981775351053,10.0,0.9959957934424183
4.038,1.0,0.0033982781140413005,10.0,0.996304018224649
4.04,1.0,0.0031134736099636662,10.0,0.9966017218859587
4.042,1.0,0.0028438415506279787,10.0,0.9968865263900364
4.0440000000000005,1.0,0.0025915320593020152,10.0,0.997156158449372
4.046,1.0,0.0023585546619417706,10.0,0.997408467940698
4.048,1.0,0.002146761978915278,10.0,0.9976414453380582
4.05,1.0,0.0019578346750792034,10.0,0.9978532380210847
4.0520000000000005,1.0,0.0017932677918008901,10.0,0.9980421653249208
4.054,1.0,0.0016543585735265892,10.0,0.9982067322081991
4.056,1.0,0.0015421958895657697,10.0,0.9983456414264734
4.058,1.0,0.0014576513389859874,10.0,0.9984578041104343
4.0600000000000005,1.0,0.0014013721129943347,10.0,0.998542348661014
4.062,1.0,0.001373775675027906,10.0,0.9985986278870057
4.064,1.0,0.0013750463041004102,10.0,0.9986262243249721
4.066,1.0,0.001405133531873083,10.0,0.9986249536958995
4.0680000000000005,1.0,0.001463752488557109,10.0,0.9985948664681269
4.07,1.0,0.0015503861572362596,10.0,0.9985362475114429
4.072,1.0,0.001664289520648463,10.0,0.9984496138427638
4.074,1.0,0.001804495569010328,10.0,0.9983357104793515
4.0760000000000005,1.0,0.0019698231222355866,10.0,0.9981955044309897
4.078,1.0,0.0021588864050120214,10.0,0.9980301768777644
4.08,1.0,0.0023701062987842264,10.0,0.997841113594988
4.082,1.0,0.0026017231808606305,10.0,0.9976298937012158
4.0840000000000005,1.0,0.002851811247737273,10.0,0.9973982768191394
4.086,1.0,0.003118294207417155,10.0,0.9971481887522627
4.088,1.0,0.003398962214105578,10.0,0.9968817057925828
4.09,1.0,0.0036914899082745914,10.0,0.9966010377858944
4.0920000000000005,1.0,0.003993455415801283,10.0,0.9963085100917254
4.094,1.0,0.004302360151774361,10.0,0.9960065445841987
4.096,1.0,0.004615649267700936,10.0,0.9956976398482257
4.098,1.0,0.0049307325752903225,10.0,0.995384350732299
4.1,1.0,0.005245005775793221,10.0,0.9950692674247097
4.102,1.0,0.005555871821070908,10.0,0.9947549942242068
4.104,1.0,0.005860762231186912,10.0,0.9944441281789291
4.106,1.0,0.0061571581933682696,10.0,0.9941392377688131
4.108,1.0,0.006442611268678297,10.0,0.9938428418066317
4.11,1.0,0.006714763535669415,10.0,0.9935573887313217
4.112,1.0,0.0069713670046227996,10.0,0.9932852364643305
4.114,1.0,0.007210302141699403,10.0,0.9930286329953772
4.116,1.0,0.007429595349381046,10.0,0.9927896978583006
4.118,1.0,0.007627435257915968,10.0,0.992570404650619
4.12,1.0,0.007802187692035421,10.0,0.992372564742084
4.122,1.0,0.00795240918790079,10.0,0.9921978123079646
4.124,1.0,0.008076858946989314,10.0,0.9920475908120993
4.126,1.0,0.008174509126336377,10.0,0.9919231410530107
4.128,1.0,0.00824455337812119,10.0,0.9918254908736637
4.13,1.0,0.008286413565900581,10.0,0.9917554466218788
4.132,1.0,0.008299744599746034,10.0,0.9917135864340995
4.134,1.0,0.008284437348000172,10.0,0.991700255400254
4.136,1.0,0.00824061959921375,10.0,0.9917155626519998
4.138,1.0,0.008168655063922775,10.0,0.9917593804007863
4.14,1.0,0.00806914042214487,10.0,0.9918313449360773
4.142,1.0,0.00794290043868005,10.0,0.9919308595778551
4.144,1.0,0.007790981184359608,10.0,0.9920570995613199
4.146,1.0,0.0076146414171636406,10.0,0.9922090188156404
4.148,1.0,0.007415342192491519,10.0,0.9923853585828364
4.15,1.0,0.0071947347866913244,10.0,0.9925846578075085
4.152,1.0,0.006954647032109405,10.0,0.9928052652133087
4.154,1.0,0.0066970681752902194,10.0,0.9930453529678906
4.156,1.0,0.006424132382426204,10.0,0.9933029318247097
4.158,1.0,0.00613810102762137,10.0,0.9935758676175738
4.16,1.0,0.005841343909892491,10.0,0.9938618989723786
4.162,1.0,0.005536319553998942,10.0,0.9941586560901076
4.164,1.0,0.005225554758086762,10.0,0.9944636804460011
4.166,1.0,0.004911623557685298,10.0,0.9947744452419133
4.168,1.0,0.004597125780747451,10.0,0.9950883764423147
4.17,1.0,0.004284665372130495,10.0,0.9954028742192526
4.172,1.0,0.003976828668138823,10.0,0.9957153346278695
4.174,1.0,0.003676162802470318,10.0,0.9960231713318611
4.176,1.0,0.003385154424114383,10.0,0.9963238371975297
4.178,1.0,0.0031062089054445757,10.0,0.9966148455758856
4.18,1.0,0.0028416302149476555,10.0,0.9968937910945554
4.182,1.0,0.0025936016237615095,10.0,0.9971583697850523
4.184,1.0,0.0023641674084971505,10.0,0.9974063983762385
4.186,1.0,0.0021552157047471706,10.0,0.9976358325915029
4.188,1.0,0.0019684626562987283,10.0,0.9978447842952528
4.19,1.0,0.0018054379944486406,10.0,0.9980315373437013
4.192,1.0,0.0016674721700473158,10.0,0.9981945620055513
4.194,1.0,0.0015556851480729157,10.0,0.9983325278299526
4.196,1.0,0.001470976960762257,10.0,0.9984443148519271
4.198,1.0,0.0014140201007138112,10.0,0.9985290230392377
4.2,1.0,0.0013852538200514275,10.0,0.9985859798992862
4.202,1.0,0.0013848803858221264,10.0,0.9986147461799486
4.204,1.0,0.001412863325429908,10.0,0.9986151196141779
4.206,1.0,0.0014689276792166437,10.0,0.9985871366745701
4.208,1.0,0.0015525622604305482,10.0,0.9985310723207833
4.21,1.0,0.0016630239059141707,10.0,0.9984474377395695
4.212,1.0,0.001799343684039792,10.0,0.9983369760940858
4.214,1.0,0.0019603350098625753,10.0,0.9982006563159602
4.216,1.0,0.0021446036012912097,10.0,0.9980396649901374
4.218,1.0,0.002350559194429637,10.0,0.9978553963987088
4.22,1.0,0.0025764289212553125,10.0,0.9976494408055704
4.222,1.0,0.002820272238597717,10.0,0.9974235710787447
4.224,1.0,0.003079997284087637,10.0,0.9971797277614023
4.226,1.0,0.003353378522477861,10.0,0.9969200027159124
4.228,1.0,0.0036380755345959436,10.0,0.9966466214775221
4.23,1.0,0.003931652791276803,10.0,0.9963619244654041
4.232,1.0,0.004231600246024278,10.0,0.9960683472087232
4.234,1.0,0.004535354572942722,10.0,0.9957683997539757
4.236,1.0,0.004840320870726894,10.0,0.9954646454270573
4.238,1.0,0.005143894649253443,10.0,0.9951596791292731
4.24,1.0,0.005443483912620091,10.0,0.9948561053507465
4.242,1.0,0.0057365311513560314,10.0,0.9945565160873799
4.244,1.0,0.006020535056992778,10.0,0.9942634688486439
4.246,1.0,0.006293071774238778,10.0,0.9939794649430073
4.248,1.0,0.00655181550963015,10.0,0.9937069282257612
4.25,1.0,0.006794558320707196,10.0,0.9934481844903699
4.252,1.0,0.007019228916451656,10.0,0.9932054416792928
4.2540000000000004,1.0,0.007223910307860051,10.0,0.9929807710835483
4.256,1.0,0.007406856157058252,10.0,0.9927760896921399
4.258,1.0,0.0075665056842039065,10.0,0.9925931438429417
4.26,1.0,0.0077014970034875695,10.0,0.9924334943157961
4.2620000000000005,1.0,0.007810678772730364,10.0,0.9922985029965125
4.264,1.0,0.007893120055276223,10.0,0.9921893212272697
4.266,1.0,0.00794811830797141,10.0,0.9921068799447238
4.268,1.0,0.007975205424886517,10.0,0.9920518816920286
4.2700000000000005,1.0,0.007974151782932797,10.0,0.9920247945751135
4.272,1.0,0.007944968252516043,10.0,0.9920258482170672
4.274,1.0,0.007887906153713282,10.0,0.992055031747484
4.276,1.0,0.0078034551560025285,10.0,0.9921120938462867
4.2780000000000005,1.0,0.0076923391371742705,10.0,0.9921965448439974
4.28,1.0,0.007555510034554395,10.0,0.9923076608628257
4.282,1.0,0.007394139738921738,10.0,0.9924444899654457
4.284,1.0,0.00720961009836076,10.0,0.9926058602610782
4.2860000000000005,1.0,0.007003501115605306,10.0,0.9927903899016393
4.288,1.0,0.006777577438061728,10.0,0.9929964988843947
4.29,1.0,0.006533773254512633,10.0,0.9932224225619383
4.292,1.0,0.00627417572636706,10.0,0.9934662267454873
4.2940000000000005,1.0,0.006001007094117221,10.0,0.993725824273633
4.296,1.0,0.005716605611273427,10.0,0.9939989929058828
4.298,1.0,0.00542340546837454,10.0,0.9942833943887266
4.3,1.0,0.0051239158786191095,10.0,0.9945765945316255
4.3020000000000005,1.0,0.004820699504151747,10.0,0.9948760841213808
4.304,1.0,0.004516350408002007,10.0,0.9951793004958482
4.306,1.0,0.0042134717210539335,10.0,0.995483649591998
4.308,1.0,0.003914653216181597,10.0,0.9957865282789461
4.3100000000000005,1.0,0.0036224489827916214,10.0,0.9960853467838184
4.312,1.0,0.003339355394454119,10.0,0.9963775510172084
4.314,1.0,0.0030677895600792716,10.0,0.9966606446055459
4.316,1.0,0.00281006844522307,10.0,0.9969322104399208
4.3180000000000005,1.0,0.002568388844611749,10.0,0.997189931554777
4.32,1.0,0.0023448083799037164,10.0,0.9974316111553883
4.322,1.0,0.0021412276881174457,10.0,0.9976551916200963
4.324,1.0,0.0019593739561144788,10.0,0.9978587723118826
4.3260000000000005,1.0,0.001800785945121613,10.0,0.9980406260438855
4.328,1.0,0.001666800636600966,10.0,0.9981992140548784
4.33,1.0,0.0015585416169375792,10.0,0.998333199363399
4.332,1.0,0.0014769093035286414,10.0,0.9984414583830624
4.3340000000000005,1.0,0.0014225730990528082,10.0,0.9985230906964714
4.336,1.0,0.00139596554410736,10.0,0.9985774269009472
4.338,1.0,0.001397278521167171,10.0,0.9986040344558926
4.34,1.0,0.001426461545090779,10.0,0.9986027214788328
4.3420000000000005,1.0,0.0014832221573281104,10.0,0.9985735384549093
4.344,1.0,0.0015670284227278903,10.0,0.9985167778426719
4.346,1.0,0.0016771135095588396,10.0,0.9984329715772721
4.348,1.0,0.0018124823152064682,10.0,0.9983228864904412
4.3500000000000005,1.0,0.0019719200821450233,10.0,0.9981875176847935
4.352,1.0,0.002154002931368262,10.0,0.998028079917855
4.354,1.0,0.0023571102236460777,10.0,0.9978459970686318
4.356,1.0,0.0025794386429047558,10.0,0.997642889776354
4.358,1.0,0.0028190178808487655,10.0,0.9974205613570952
4.36,1.0,0.0030737277877862412,10.0,0.9971809821191512
4.362,1.0,0.003341316841614745,10.0,0.9969262722122137
4.364,1.0,0.0036194217751850406,10.0,0.9966586831583852
4.366,1.0,0.003905588191894136,10.0,0.996380578224815
4.368,1.0,0.004197291990458794,10.0,0.9960944118081059
4.37,1.0,0.004491961412468564,10.0,0.9958027080095412
4.372,1.0,0.004786999520581297,10.0,0.9955080385875315
4.374,1.0,0.00507980691115825,10.0,0.9952130004794187
4.376,1.0,0.005367804462780053,10.0,0.9949201930888417
4.378,1.0,0.005648455921463808,10.0,0.9946321955372199
4.38,1.0,0.00591929012452512,10.0,0.9943515440785362
4.382,1.0,0.00617792266789142,10.0,0.9940807098754749
4.384,1.0,0.006422076826253609,10.0,0.9938220773321086
4.386,1.0,0.0066496035417058655,10.0,0.9935779231737464
4.388,1.0,0.006858500304417569,10.0,0.9933503964582941
4.39,1.0,0.007046928758341233,10.0,0.9931414996955824
4.392,1.0,0.007213230875906918,10.0,0.9929530712416588
4.394,1.0,0.007355943557994055,10.0,0.992786769124093
4.396,1.0,0.0074738115291008034,10.0,0.9926440564420059
4.398,1.0,0.007565798412432254,10.0,0.9925261884708992
4.4,1.0,0.007631095885474302,10.0,0.9924342015875678
4.402,1.0,0.007669130833372983,10.0,0.9923689041145257
4.404,1.0,0.007679570434953838,10.0,0.992330869166627
4.406,1.0,0.007662325134339982,10.0,0.9923204295650462
4.408,1.0,0.007617549469702521,10.0,0.99233767486566
4.41,1.0,0.00754564074953985,10.0,0.9923824505302975
4.412,1.0,0.0074472355858674335,10.0,0.9924543592504601
4.414,1.0,0.007323204312639386,10.0,0.9925527644141325
4.416,1.0,0.007174643336449982,10.0,0.9926767956873606
4.418,1.0,0.0070028654849111326,10.0,0.99282535666355
4.42,1.0,0.006809388435907515,10.0,0.9929971345150889
4.422,1.0,0.0065959213280355365,10.0,0.9931906115640925
4.424,1.0,0.006364349668782546,10.0,0.9934040786719645
4.426,1.0,0.006116718672252596,10.0,0.9936356503312175
4.428,1.0,0.005855215172357013,10.0,0.9938832813277474
4.43,1.0,0.005582148270234221,10.0,0.994144784827643
4.432,1.0,0.00529992888612662,10.0,0.9944178517297658
4.434,1.0,0.0050110483959177774,10.0,0.9947000711138734
4.436,1.0,0.004718056540928603,10.0,0.9949889516040822
4.438,1.0,0.004423538806308133,10.0,0.9952819434590714
4.44,1.0,0.004130093468369192,10.0,0.9955764611936919
4.442,1.0,0.0038403085144627855,10.0,0.9958699065316308
4.444,1.0,0.0035567386404245214,10.0,0.9961596914855372
4.446,1.0,0.0032818825302444485,10.0,0.9964432613595755
4.448,1.0,0.003018160620407537,10.0,0.9967181174697556
4.45,1.0,0.002767893547340803,10.0,0.9969818393795925
4.452,1.0,0.002533281470616226,10.0,0.9972321064526593
4.454,1.0,0.00231638445704347,10.0,0.9974667185293837
4.456,1.0,0.0021191041016058293,10.0,0.9976836155429565
4.458,1.0,0.0019431665504247965,10.0,0.9978808958983941
4.46,1.0,0.0017901070786753917,10.0,0.9980568334495752
4.462,1.0,0.0016612563627219868,10.0,0.9982098929213246
4.464,1.0,0.0015577285708213444,10.0,0.998338743637278
4.466,1.0,0.0014804113806764062,10.0,0.9984422714291786
4.468,1.0,0.0014299580150619177,10.0,0.9985195886193236
4.47,1.0,0.001406781368831513,10.0,0.998570041984938
4.472,1.0,0.001411050282013756,10.0,0.9985932186311685
4.474,1.0,0.001442687994576721,10.0,0.9985889497179863
4.476,1.0,0.0015013727989571595,10.0,0.9985573120054233
4.478,1.0,0.0015865408867848814,10.0,0.9984986272010429
4.48,1.0,0.0016973913665616173,10.0,0.9984134591132151
4.482,1.0,0.001832893409552763,10.0,0.9983026086334383
4.484,1.0,0.00199179546199545,10.0,0.9981671065904473
4.486,1.0,0.0021726364430901825,10.0,0.9980082045380045
4.488,1.0,0.002373758830294424,10.0,0.9978273635569098
4.49,1.0,0.0025933235163379765,10.0,0.9976262411697056
4.492,1.0,0.0028293263062874963,10.0,0.997406676483662
4.494,1.0,0.003079615908048165,10.0,0.9971706736937125
4.496,1.0,0.0033419132560415514,10.0,0.9969203840919518
4.498,1.0,0.003613831995565996,10.0,0.9966580867439584
4.5,1.0,0.0038928999446429173,10.0,0.996386168004434
4.502,1.0,0.004176581341079381,10.0,0.9961071000553571
4.5040000000000004,1.0,0.004462299675119678,10.0,0.9958234186589207
4.506,1.0,0.004747460902486949,10.0,0.9955377003248803
4.508,1.0,0.005029476828884556,10.0,0.9952525390975131
4.51,1.0,0.005305788455173948,10.0,0.9949705231711155
4.5120000000000005,1.0,0.005573889072492302,10.0,0.9946942115448261
4.514,1.0,0.005831346898523415,10.0,0.9944261109275077
4.516,1.0,0.006075827049975826,10.0,0.9941686531014766
4.518,1.0,0.006305112652022913,10.0,0.9939241729500242
4.5200000000000005,1.0,0.006517124892973256,10.0,0.9936948873479771
4.522,1.0,0.006709941841702409,10.0,0.9934828751070267
4.524,1.0,0.006881815856309363,10.0,0.9932900581582976
4.526,1.0,0.007031189424967476,10.0,0.9931181841436907
4.5280000000000005,1.0,0.007156709293910695,10.0,0.9929688105750325
4.53,1.0,0.0072572387528083504,10.0,0.9928432907060893
4.532,1.0,0.007331867964299874,10.0,0.9927427612471916
4.534,1.0,0.007379922242037336,10.0,0.9926681320357001
4.5360000000000005,1.0,0.007400968200061751,10.0,0.9926200777579627
4.538,1.0,0.007394817715552776,10.0,0.9925990317999382
4.54,1.0,0.007361529666767992,10.0,0.9926051822844473
4.542,1.0,0.00730140942814883,10.0,0.992638470333232
4.5440000000000005,1.0,0.007215006124932994,10.0,0.9926985905718512
4.546,1.0,0.007103107669993126,10.0,0.992784993875067
4.548,1.0,0.006966733625832929,10.0,0.9928968923300069
4.55,1.0,0.0068071259545306444,10.0,0.9930332663741671
4.5520000000000005,1.0,0.006625737737743876,10.0,0.9931928740454694
4.554,1.0,0.00642421996750188,10.0,0.9933742622622561
4.556,1.0,0.006204406526240297,10.0,0.9935757800324981
4.558,1.0,0.005968297491215022,10.0,0.9937955934737597
4.5600000000000005,1.0,0.005718040913911896,10.0,0.994031702508785
4.562,1.0,0.005455913239203001,10.0,0.9942819590860881
4.564,1.0,0.005184298541656312,10.0,0.994544086760797
4.566,1.0,0.004905666767464274,10.0,0.9948157014583436
4.5680000000000005,1.0,0.0046225511798137124,10.0,0.9950943332325357
4.57,1.0,0.0043375252130848346,10.0,0.9953774488201863
4.572,1.0,0.0040531789469675835,10.0,0.9956624747869152
4.574,1.0,0.003772095415362814,10.0,0.9959468210530324
4.5760000000000005,1.0,0.00349682696675457,10.0,0.9962279045846372
4.578,1.0,0.0032298718925770505,10.0,0.9965031730332454
4.58,1.0,0.0029736515379525383,10.0,0.9967701281074229
4.582,1.0,0.0027304881050597787,10.0,0.9970263484620474
4.5840000000000005,1.0,0.0025025833533393023,10.0,0.9972695118949402
4.586,1.0,0.0022919983928040622,10.0,0.9974974166466607
4.588,1.0,0.0021006347569690943,10.0,0.997708001607196
4.59,1.0,0.0019302169304281523,10.0,0.9978993652430309
4.5920000000000005,1.0,0.001782276492990007,10.0,0.9980697830695718
4.594,1.0,0.0016581380276591957,10.0,0.99821772350701
4.596,1.0,0.0015589069237365379,10.0,0.9983418619723408
4.598,1.0,0.001485459189067906,10.0,0.9984410930762635
4.6000000000000005,1.0,0.0014384333671414518,10.0,0.998514540810932
4.602,1.0,0.0014182246354901393,10.0,0.9985615666328586
4.604,1.0,0.0014249811418732153,10.0,0.9985817753645099
4.606,1.0,0.0014586026141696954,10.0,0.9985750188581268
4.6080000000000005,1.0,0.001518741259007232,10.0,0.9985413973858303
4.61,1.0,0.0016048049430629169,10.0,0.9984812587409928
4.612,1.0,0.0017159626299029225,10.0,0.9983951950569371
4.614,1.0,0.0018511520243699759,10.0,0.9982840373700971
4.616,1.0,0.0020090893560746853,10.0,0.99814884797563
4.618,1.0,0.0021882812136886434,10.0,0.9979909106439253
4.62,1.0,0.0023870383226589813,10.0,0.9978117187863114
4.622,1.0,0.0026034911408438955,10.0,0.997612961677341
4.624,1.0,0.0028356071295764632,10.0,0.9973965088591561
4.626,1.0,0.0030812095419597107,10.0,0.9971643928704236
4.628,1.0,0.003337997555927719,10.0,0.9969187904580403
4.63,1.0,0.0036035675669110747,10.0,0.9966620024440723
4.632,1.0,0.0038754354439413867,10.0,0.996396432433089
4.634,1.0,0.004151059543824814,10.0,0.9961245645560586
4.636,1.0,0.004427864270698036,10.0,0.9958489404561752
4.638,1.0,0.004703263962924016,10.0,0.9955721357293019
4.64,1.0,0.00497468688594339,10.0,0.995296736037076
4.642,1.0,0.005239599108406042,10.0,0.9950253131140566
4.644,1.0,0.005495528039682864,10.0,0.994760400891594
4.646,1.0,0.005740085409697421,10.0,0.9945044719603171
4.648,1.0,0.005970989476899413,10.0,0.9942599145903026
4.65,1.0,0.006186086257085597,10.0,0.9940290105231006
4.652,1.0,0.006383369574599634,10.0,0.9938139137429144
4.654,1.0,0.006560999748132281,10.0,0.9936166304254004
4.656,1.0,0.0067173207358020804,10.0,0.9934390002518677
4.658,1.0,0.0068508755783119445,10.0,0.9932826792641979
4.66,1.0,0.006960419994620929,10.0,0.993149124421688
4.662,1.0,0.007044934001600497,10.0,0.9930395800053791
4.664,1.0,0.00710363144740476,10.0,0.9929550659983996
4.666,1.0,0.007135967367606877,10.0,0.9928963685525952
4.668,1.0,0.007141643093360774,10.0,0.9928640326323931
4.67,1.0,0.0071206090617517755,10.0,0.9928583569066393
4.672,1.0,0.0070730652999077,10.0,0.9928793909382482
4.674,1.0,0.0069994595761543,10.0,0.9929269347000923
4.676,1.0,0.00690048323331321,10.0,0.9930005404238457
4.678,1.0,0.00677706474095265,10.0,0.9930995167666868
4.68,1.0,0.006630361024807606,10.0,0.9932229352590474
4.682,1.0,0.0064617466524856376,10.0,0.9933696389751924
4.684,1.0,0.00627280097476997,10.0,0.9935382533475143
4.686,1.0,0.006065293341132017,10.0,0.99372719902523
4.688,1.0,0.005841166526287976,10.0,0.993934706658868
4.69,1.0,0.005602518521605167,10.0,0.994158833473712
4.692,1.0,0.005351582860721234,10.0,0.9943974814783948
4.694,1.0,0.005090707662733911,10.0,0.9946484171392788
4.696,1.0,0.004822333588615776,10.0,0.9949092923372661
4.698,1.0,0.0045489709169879485,10.0,0.9951776664113843
4.7,1.0,0.004273175953946388,10.0,0.9954510290830121
4.702,1.0,0.003997526998189565,10.0,0.9957268240460536
4.704,1.0,0.0037246000871806835,10.0,0.9960024730018104
4.706,1.0,0.003456944752444468,10.0,0.9962753999128193
4.708,1.0,0.0031970600123209184,10.0,0.9965430552475555
4.71,1.0,0.0029473708285694543,10.0,0.9968029399876791
4.712,1.0,0.0027102052491500533,10.0,0.9970526291714306
4.714,1.0,0.0024877724533369687,10.0,0.99728979475085
4.716,1.0,0.002282141907098986,10.0,0.997512227546663
4.718,1.0,0.0020952238264811025,10.0,0.997717858092901
4.72,1.0,0.001928751134637979,10.0,0.9979047761735189
4.722,1.0,0.0017842630843095462,10.0,0.998071248865362
4.724,1.0,0.001663090702020951,10.0,0.9982157369156904
4.726,1.0,0.0015663441932756,10.0,0.998336909297979
4.728,1.0,0.0014949024296491294,10.0,0.9984336558067244
4.73,1.0,0.0014494046191545298,10.0,0.9985050975703509
4.732,1.0,0.0014302442407168451,10.0,0.9985505953808455
4.734,1.0,0.0014375653022621786,10.0,0.9985697557592832
4.736,1.0,0.0014712609599906305,10.0,0.9985624346977379
4.738,1.0,0.0015309745140729368,10.0,0.9985287390400094
4.74,1.0,0.001616102773496933,10.0,0.9984690254859271
4.742,1.0,0.0017258017603057755,10.0,0.9983838972265031
4.744,1.0,0.0018589947012286662,10.0,0.9982741982396942
4.746,1.0,0.0020143822329183867,10.0,0.9981410052987714
4.748,1.0,0.002190454725886287,10.0,0.9979856177670816
4.75,1.0,0.002385506611966706,10.0,0.9978095452741137
4.752,1.0,0.0025976525809436966,10.0,0.9976144933880333
4.7540000000000004,1.0,0.0028248454940183023,10.0,0.9974023474190563
4.756,1.0,0.0030648958452581163,10.0,0.9971751545059817
4.758,1.0,0.0033154925872129664,10.0,0.9969351041547418
4.76,1.0,0.003574225123647203,10.0,0.996684507412787
4.7620000000000005,1.0,0.003838606260960103,10.0,0.9964257748763528
4.764,1.0,0.0041060959004538,10.0,0.9961613937390399
4.766,1.0,0.004374125246256978,10.0,0.9958939040995461
4.768,1.0,0.004640121298496886,10.0,0.995625874753743
4.7700000000000005,1.0,0.004901531398286445,10.0,0.9953598787015031
4.772,1.0,0.005155847590291012,10.0,0.9950984686017136
4.774,1.0,0.005400630570073075,10.0,0.994844152409709
4.776,1.0,0.005633532987074061,10.0,0.9945993694299269
4.7780000000000005,1.0,0.005852321879950165,10.0,0.994366467012926
4.78,1.0,0.0060549000289824954,10.0,0.9941476781200498
4.782,1.0,0.006239326020358798,10.0,0.9939450999710175
4.784,1.0,0.0064038328291826565,10.0,0.9937606739796412
4.7860000000000005,1.0,0.006546844741994989,10.0,0.9935961671708173
4.788,1.0,0.006666992455262604,10.0,0.993453155258005
4.79,1.0,0.0067631262035528815,10.0,0.9933330075447374
4.792,1.0,0.00683432678981036,10.0,0.9932368737964471
4.7940000000000005,1.0,0.006879914410103628,10.0,0.9931656732101897
4.796,1.0,0.00689945518623083,10.0,0.9931200855898964
4.798,1.0,0.006892765341459608,10.0,0.9931005448137692
4.8,1.0,0.0068599129772240995,10.0,0.9931072346585403
4.8020000000000005,1.0,0.006801217431592413,10.0,0.9931400870227759
4.804,1.0,0.006717246223532745,10.0,0.9931987825684075
4.806,1.0,0.006608809610222152,10.0,0.9932827537764672
4.808,1.0,0.006476952807635635,10.0,0.9933911903897779
4.8100000000000005,1.0,0.006322945947202767,10.0,0.9935230471923644
4.812,1.0,0.006148271863206539,10.0,0.9936770540527973
4.814,1.0,0.005954611826612154,10.0,0.9938517281367935
4.816,1.0,0.005743829360947754,10.0,0.9940453881733878
4.8180000000000005,1.0,0.005517952294520059,10.0,0.9942561706390523
4.82,1.0,0.005279153220452903,10.0,0.99448204770548
4.822,1.0,0.005029728551616581,10.0,0.9947208467795471
4.824,1.0,0.004772076371316865,10.0,0.9949702714483835
4.8260000000000005,1.0,0.004508673292497559,10.0,0.9952279236286832
4.828,1.0,0.004242050548060479,10.0,0.9954913267075024
4.83,1.0,0.0039747695426224595,10.0,0.9957579494519395
4.832,1.0,0.0037093971015310623,10.0,0.9960252304573776
4.8340000000000005,1.0,0.0034484806561913724,10.0,0.9962906028984689
4.836,1.0,0.003194523605679407,10.0,0.9965515193438086
4.838,1.0,0.0029499610932195025,10.0,0.9968054763943206
4.84,1.0,0.0027171364323921848,10.0,0.9970500389067805
4.8420000000000005,1.0,0.002498278411946574,10.0,0.9972828635676079
4.844,1.0,0.0022954796998705595,10.0,0.9975017215880534
4.846,1.0,0.0021106765569978907,10.0,0.9977045203001295
4.848,1.0,0.0019456300580000176,10.0,0.9978893234430021
4.8500000000000005,1.0,0.0018019090032383419,10.0,0.998054369942
4.852,1.0,0.0016808746887749552,10.0,0.9981980909967617
4.854,1.0,0.0015836676840102974,10.0,0.998319125311225
4.856,1.0,0.0015111967471042491,10.0,0.9984163323159897
4.8580000000000005,1.0,0.0014641299877276232,10.0,0.9984888032528958
4.86,1.0,0.0014428883649815368,10.0,0.9985358700122724
4.862,1.0,0.0014476415857216651,10.0,0.9985571116350185
4.864,1.0,0.001478306445251005,10.0,0.9985523584142784
4.866,1.0,0.0015345476286237271,10.0,0.998521693554749
4.868,1.0,0.0016157809668641211,10.0,0.9984654523713763
4.87,1.0,0.00172117911848137,10.0,0.9983842190331359
4.872,1.0,0.001849679622986196,10.0,0.9982788208815186
4.874,1.0,0.0019999952499207465,10.0,0.9981503203770138
4.876,1.0,0.0021706265444257486,10.0,0.9980000047500792
4.878,1.0,0.002359876448809927,10.0,0.9978293734555742
4.88,1.0,0.0025658668591684594,10.0,0.99764012355119
4.882,1.0,0.002786556957021641,10.0,0.9974341331408315
4.884,1.0,0.0030197631384012115,10.0,0.9972134430429783
4.886,1.0,0.0032631803469746696,10.0,0.9969802368615988
4.888,1.0,0.0035144046038258154,10.0,0.9967368196530253
4.89,1.0,0.003770956514543323,10.0,0.9964855953961742
4.892,1.0,0.004030305524429678,10.0,0.9962290434854567
4.894,1.0,0.004289894685031052,10.0,0.9959696944755703
4.896,1.0,0.00454716568988388,10.0,0.995710105314969
4.898,1.0,0.004799583934432782,10.0,0.9954528343101161
4.9,1.0,0.005044663354530784,10.0,0.9952004160655672
4.902,1.0,0.005279990799796849,10.0,0.9949553366454692
4.904,1.0,0.005503249702364187,10.0,0.9947200092002032
4.906,1.0,0.005712242808168846,10.0,0.9944967502976358
4.908,1.0,0.005904913746841555,10.0,0.9942877571918312
4.91,1.0,0.006079367227393872,10.0,0.9940950862531585
4.912,1.0,0.006233887660127609,10.0,0.9939206327726061
4.914,1.0,0.006366956020418332,10.0,0.9937661123398724
4.916,1.0,0.006477264787083953,10.0,0.9936330439795816
4.918,1.0,0.006563730806783817,10.0,0.993522735212916
4.92,1.0,0.006625505956121288,10.0,0.9934362691932161
4.922,1.0,0.006661985494647497,10.0,0.9933744940438787
4.924,1.0,0.006672814024576186,10.0,0.9933380145053525
4.926,1.0,0.0066578889964988355,10.0,0.9933271859754238
4.928,1.0,0.006617361724505685,10.0,0.9933421110035011
4.93,1.0,0.006551635898635301,10.0,0.9933826382754943
4.932,1.0,0.006461363607251822,10.0,0.9934483641013647
4.934,1.0,0.0063474389065416425,10.0,0.9935386363927482
4.936,1.0,0.006210988998586936,10.0,0.9936525610934583
4.938,1.0,0.006053363103171731,10.0,0.993789011001413
4.94,1.0,0.005876119131371687,10.0,0.9939466368968283
4.942,1.0,0.0056810082908433255,10.0,0.9941238808686284
4.944,1.0,0.00546995777334374,10.0,0.9943189917091567
4.946,1.0,0.005245051694171237,10.0,0.9945300422266563
4.948,1.0,0.005008510470728223,10.0,0.9947549483058288
4.95,1.0,0.00476266884309313,10.0,0.9949914895292717
4.952,1.0,0.004509952753189206,10.0,0.9952373311569068
4.954,1.0,0.004252855310714568,10.0,0.9954900472468108
4.956,1.0,0.003993912083331096,10.0,0.9957471446892854
4.958,1.0,0.0037356759556021737,10.0,0.9960060879166689
4.96,1.0,0.0034806918057469524,10.0,0.9962643240443978
4.962,1.0,0.0032314712513913245,10.0,0.996519308194253
4.964,1.0,0.00299046771511711,10.0,0.9967685287486087
4.966,1.0,0.002760052057739882,10.0,0.9970095322848829
4.968,1.0,0.002542489021905803,10.0,0.9972399479422601
4.97,1.0,0.002339914720836981,10.0,0.9974575109780942
4.972,1.0,0.0021543153969454387,10.0,0.9976600852791631
4.974,1.0,0.001987507662673753,10.0,0.9978456846030546
4.976,1.0,0.0018411204214242643,10.0,0.9980124923373263
4.978,1.0,0.0017165786499485748,10.0,0.9981588795785757
4.98,1.0,0.0016150892052451684,10.0,0.9982834213500514
4.982,1.0,0.0015376287990343433,10.0,0.9983849107947548
4.984,1.0,0.001484934261442197,10.0,0.9984623712009657
4.986,1.0,0.0014574951928400595,10.0,0.9985150657385577
4.988,1.0,0.0014555490790764721,10.0,0.9985425048071599
4.99,1.0,0.0014790789208402179,10.0,0.9985444509209235
4.992,1.0,0.0015278134028481785,10.0,0.9985209210791598
4.994,1.0,0.001601229603210082,10.0,0.9984721865971519
4.996,1.0,0.001698558217936276,10.0,0.9983987703967899
4.998,1.0,0.0018187912503783074,10.0,0.9983014417820637
5.0,1.0,0.0019606920906776256,10.0,0.9981812087496217
5.002,1.0,0.0021228078862934453,10.0,0.9980393079093224
5.0040000000000004,1.0,0.0023034840816285014,10.0,0.9978771921137065
5.006,1.0,0.002500880982903891,10.0,0.9976965159183715
5.008,1.0,0.002712992183972985,10.0,0.9974991190170961
5.01,1.0,0.0029376646699173863,10.0,0.997287007816027
5.0120000000000005,1.0,0.0031726203982274026,10.0,0.9970623353300826
5.014,1.0,0.0034154791423100226,10.0,0.9968273796017726
5.016,1.0,0.0036637823691440894,10.0,0.99658452085769
5.018,1.0,0.003915017912249225,10.0,0.9963362176308559
5.0200000000000005,1.0,0.004166645192863652,10.0,0.9960849820877508
5.022,1.0,0.004416120736424219,10.0,0.9958333548071363
5.024,1.0,0.004660923728172924,10.0,0.9955838792635758
5.026,1.0,0.004898581351015935,10.0,0.995339076271827
5.0280000000000005,1.0,0.005126693650645719,10.0,0.995101418648984
5.03,1.0,0.005342957677390451,10.0,0.9948733063493543
5.032,1.0,0.005545190661237831,10.0,0.9946570423226095
5.034,1.0,0.005731351985927252,10.0,0.9944548093387622
5.0360000000000005,1.0,0.0058995637398247865,10.0,0.9942686480140728
5.038,1.0,0.006048129635375169,10.0,0.9941004362601752
5.04,1.0,0.00617555210512631,10.0,0.9939518703646248
5.042,1.0,0.006280547400485656,10.0,0.9938244478948737
5.0440000000000005,1.0,0.006362058539314471,10.0,0.9937194525995143
5.046,1.0,0.0064192659699979305,10.0,0.9936379414606855
5.048,1.0,0.00645159584253147,10.0,0.993580734030002
5.05,1.0,0.006458725801208402,10.0,0.9935484041574685
5.0520000000000005,1.0,0.006440588238439512,10.0,0.9935412741987916
5.054,1.0,0.006397370974831798,10.0,0.9935594117615605
5.056,1.0,0.006329515356642914,10.0,0.9936026290251682
5.058,1.0,0.006237711787848057,10.0,0.993670484643357
5.0600000000000005,1.0,0.0061228927400427315,10.0,0.993762288212152
5.062,1.0,0.00598622330899458,10.0,0.9938771072599573
5.064,1.0,0.005829089411590188,10.0,0.9940137766910054
5.066,1.0,0.0056530837409444505,10.0,0.9941709105884098
5.0680000000000005,1.0,0.005459989620305275,10.0,0.9943469162590556
5.07,1.0,0.005251762917860971,10.0,0.9945400103796947
5.072,1.0,0.005030512204420819,10.0,0.994748237082139
5.074,1.0,0.004798477353986332,10.0,0.9949694877955791
5.0760000000000005,1.0,0.0045580068032746975,10.0,0.9952015226460137
5.078,1.0,0.004311533700129859,10.0,0.9954419931967253
5.08,1.0,0.004061551182315474,10.0,0.9956884662998702
5.082,1.0,0.003810587037305413,10.0,0.9959384488176846
5.0840000000000005,1.0,0.003561178000274042,10.0,0.9961894129626946
5.086,1.0,0.0033158439514683214,10.0,0.996438821999726
5.088,1.0,0.003077062275471026,10.0,0.9966841560485317
5.09,1.0,0.002847242643520632,10.0,0.996922937724529
5.0920000000000005,1.0,0.0026287024760469646,10.0,0.9971527573564793
5.094,1.0,0.002423643335948299,10.0,0.997371297523953
5.096,1.0,0.002234128493937767,10.0,0.9975763566640518
5.098,1.0,0.002062061895613458,10.0,0.9977658715060622
5.1000000000000005,1.0,0.001909168745871881,10.0,0.9979379381043866
5.102,1.0,0.001776977910027117,10.0,0.9980908312541281
5.104,1.0,0.0016668063126798098,10.0,0.9982230220899729
5.106,1.0,0.0015797454951842335,10.0,0.9983331936873202
5.1080000000000005,1.0,0.0015166504706908496,10.0,0.9984202545048158
5.11,1.0,0.0014781309924163974,10.0,0.9984833495293092
5.112,1.0,0.001464545326249409,10.0,0.9985218690075836
5.114,1.0,0.0014759965932849423,10.0,0.9985354546737506
5.1160000000000005,1.0,0.0015123317216575412,10.0,0.9985240034067151
5.118,1.0,0.0015731430203732065,10.0,0.9984876682783425
5.12,1.0,0.0016577723610017915,10.0,0.9984268569796267
5.122,1.0,0.0017653179263555198,10.0,0.9983422276389982
5.124,1.0,0.0018946434589215322,10.0,0.9982346820736445
5.126,1.0,0.002044389916107602,10.0,0.9981053565410785
5.128,1.0,0.0022129894145654487,10.0,0.9979556100838924
5.13,1.0,0.0023986813222317046,10.0,0.9977870105854345
5.132,1.0,0.002599530334517375,10.0,0.9976013186777682
5.134,1.0,0.002813446350513478,10.0,0.9974004696654826
5.136,1.0,0.003038205946377911,10.0,0.9971865536494865
5.138,1.0,0.0032714752264223273,10.0,0.9969617940536221
5.14,1.0,0.003510833818003069,10.0,0.9967285247735777
5.142,1.0,0.0037537997642895704,10.0,0.9964891661819969
5.144,1.0,0.0039978550594655165,10.0,0.9962462002357104
5.146,1.0,0.004240471564015233,10.0,0.9960021449405345
5.148,1.0,0.004479137033536388,10.0,0.9957595284359848
5.15,1.0,0.004711380993048694,10.0,0.9955208629664636
5.152,1.0,0.004934800190057211,10.0,0.9952886190069513
5.154,1.0,0.005147083363670208,10.0,0.9950651998099428
5.156,1.0,0.005346035073828702,10.0,0.9948529166363298
5.158,1.0,0.005529598344113389,10.0,0.9946539649261713
5.16,1.0,0.005695875883562484,10.0,0.9944704016558866
5.162,1.0,0.005843149667342341,10.0,0.9943041241164375
5.164,1.0,0.005969898672817351,10.0,0.9941568503326577
5.166,1.0,0.006074814586398242,10.0,0.9940301013271826
5.168,1.0,0.0061568153173178234,10.0,0.9939251854136018
5.17,1.0,0.006215056176979235,10.0,0.9938431846826822
5.172,1.0,0.00624893860651438,10.0,0.9937849438230207
5.174,1.0,0.006258116360433872,10.0,0.9937510613934856
5.176,1.0,0.006242499080485449,10.0,0.9937418836395662
5.178,1.0,0.006202253220795457,10.0,0.9937575009195145
5.18,1.0,0.006137800312769652,10.0,0.9937977467792045
5.182,1.0,0.006049812585791933,10.0,0.9938621996872303
5.184,1.0,0.005939205987197097,10.0,0.993950187414208
5.186,1.0,0.005807130672021366,10.0,0.9940607940128029
5.188,1.0,0.005654959059370953,10.0,0.9941928693279787
5.19,1.0,0.005484271577619449,10.0,0.994345040940629
5.192,1.0,0.005296840244784047,10.0,0.9945157284223806
5.194,1.0,0.00509461025308523,10.0,0.994703159755216
5.196,1.0,0.004879679747626391,10.0,0.9949053897469148
5.198,1.0,0.004654278008117778,10.0,0.9951203202523736
5.2,1.0,0.00442074225941215,10.0,0.9953457219918822
5.202,1.0,0.004181493351138045,10.0,0.9955792577405879
5.204,1.0,0.003939010558755225,10.0,0.995818506648862
5.206,1.0,0.0036958057677855044,10.0,0.9960609894412448
5.208,1.0,0.0034543973096876936,10.0,0.9963041942322145
5.21,1.0,0.0032172837217726543,10.0,0.9965456026903123
5.212,1.0,0.002986917704647355,10.0,0.9967827162782273
5.214,1.0,0.002765680548918544,10.0,0.9970130822953527
5.216,1.0,0.0025558572982902887,10.0,0.9972343194510814
5.218,1.0,0.00235961290879783,10.0,0.9974441427017097
5.22,1.0,0.0021789696538049128,10.0,0.9976403870912022
5.222,1.0,0.002015786011653649,10.0,0.9978210303461951
5.224,1.0,0.0018717372576232088,10.0,0.9979842139883464
5.226,1.0,0.0017482979642809277,10.0,0.9981282627423768
5.228,1.0,0.0016467265945761358,10.0,0.9982517020357191
5.23,1.0,0.0015680523503357232,10.0,0.9983532734054239
5.232,1.0,0.0015130644153944863,10.0,0.9984319476496643
5.234,1.0,0.0014823037076748295,10.0,0.9984869355846056
5.236,1.0,0.0014760572283776653,10.0,0.9985176962923251
5.238,1.0,0.0014943550693311733,10.0,0.9985239427716224
5.24,1.0,0.0015369701117489464,10.0,0.9985056449306688
5.242,1.0,0.0016034204214642421,10.0,0.9984630298882511
5.244,1.0,0.0016929743174275626,10.0,0.9983965795785358
5.246,1.0,0.0018046580621772772,10.0,0.9983070256825725
5.248,1.0,0.0019372660954126795,10.0,0.9981953419378228
5.25,1.0,0.002089373705006366,10.0,0.9980627339045873
5.252,1.0,0.002259352004071153,10.0,0.9979106262949936
5.2540000000000004,1.0,0.002445385058318283,10.0,0.9977406479959289
5.256,1.0,0.0026454889851672742,10.0,0.9975546149416817
5.258,1.0,0.002857532825136028,10.0,0.9973545110148327
5.26,1.0,0.003079260967176388,10.0,0.997142467174864
5.2620000000000005,1.0,0.0033083168930277355,10.0,0.9969207390328236
5.264,1.0,0.003542267991518265,10.0,0.9966916831069723
5.266,1.0,0.0037786311822039357,10.0,0.9964577320084818
5.268,1.0,0.004014899078925083,10.0,0.9962213688177961
5.2700000000000005,1.0,0.004248566417878295,10.0,0.995985100921075
5.272,1.0,0.004477156471714654,10.0,0.9957514335821217
5.274,1.0,0.004698247171022763,10.0,0.9955228435282854
5.276,1.0,0.00490949665734307,10.0,0.9953017528289773
5.2780000000000005,1.0,0.0051086679975648796,10.0,0.9950905033426569
5.28,1.0,0.005293652798124137,10.0,0.9948913320024351
5.282,1.0,0.005462493468763341,10.0,0.9947063472018759
5.284,1.0,0.005613403899619887,10.0,0.9945375065312366
5.2860000000000005,1.0,0.005744788331932623,10.0,0.9943865961003802
5.288,1.0,0.0058552582215280645,10.0,0.9942552116680674
5.29,1.0,0.005943646915272225,10.0,0.9941447417784719
5.292,1.0,0.006009021983632651,10.0,0.9940563530847277
5.2940000000000005,1.0,0.0060506950771483416,10.0,0.9939909780163674
5.296,1.0,0.0060682292006946584,10.0,0.9939493049228516
5.298,1.0,0.006061443326682159,10.0,0.9939317707993054
5.3,1.0,0.006030414296455644,10.0,0.9939385566733179
5.3020000000000005,1.0,0.005975475987865785,10.0,0.9939695857035443
5.304,1.0,0.005897215755966953,10.0,0.9940245240121343
5.306,1.0,0.0057964681827440785,10.0,0.9941027842440331
5.308,1.0,0.00567430620038106,10.0,0.994203531817256
5.3100000000000005,1.0,0.005532029680548832,10.0,0.994325693799619
5.312,1.0,0.0053711516092142505,10.0,0.9944679703194512
5.314,1.0,0.005193381992262542,10.0,0.9946288483907858
5.316,1.0,0.00500060966150944,10.0,0.9948066180077375
5.3180000000000005,1.0,0.004794882173193427,10.0,0.9949993903384906
5.32,1.0,0.004578384011540615,10.0,0.9952051178268065
5.322,1.0,0.0043534133282629485,10.0,0.9954216159884594
5.324,1.0,0.0041223574646858715,10.0,0.995646586671737
5.3260000000000005,1.0,0.003887667516431253,10.0,0.9958776425353141
5.328,1.0,0.0036518322110594484,10.0,0.9961123324835688
5.33,1.0,0.0034173513766841963,10.0,0.9963481677889405
5.332,1.0,0.003186709284229234,10.0,0.9965826486233158
5.3340000000000005,1.0,0.0029623481476410605,10.0,0.9968132907157707
5.336,1.0,0.0027466420649851675,10.0,0.9970376518523589
5.338,1.0,0.0025418716789426797,10.0,0.9972533579350148
5.34,1.0,0.002350199827832335,10.0,0.9974581283210573
5.3420000000000005,1.0,0.0021736484479827622,10.0,0.9976498001721676
5.344,1.0,0.002014076975176969,10.0,0.9978263515520173
5.346,1.0,0.001873162477119951,10.0,0.997985923024823
5.348,1.0,0.0017523817306053261,10.0,0.99812683752288
5.3500000000000005,1.0,0.0016529954364690419,10.0,0.9982476182693947
5.352,1.0,0.0015760347427337565,10.0,0.998347004563531
5.354,1.0,0.0015222902218057603,10.0,0.9984239652572663
5.356,1.0,0.0014923034214468945,10.0,0.9984777097781943
5.3580000000000005,1.0,0.0014863610817842344,10.0,0.9985076965785531
5.36,1.0,0.0015044920821324426,10.0,0.9985136389182158
5.362,1.0,0.0015464671521914445,10.0,0.9984955079178676
5.364,1.0,0.001611801352557666,10.0,0.9984535328478086
5.3660000000000005,1.0,0.001699759299767799,10.0,0.9983881986474423
5.368,1.0,0.0018093630815989728,10.0,0.9983002407002322
5.37,1.0,0.0019394027793955763,10.0,0.998190636918401
5.372,1.0,0.0020884494860929975,10.0,0.9980605972206045
5.3740000000000006,1.0,0.0022548706816658544,10.0,0.997911550513907
5.376,1.0,0.002436847802234753,10.0,0.9977451293183341
5.378,1.0,0.0026323958152981316,10.0,0.9975631521977653
5.38,1.0,0.0028393845917732263,10.0,0.9973676041847018
5.382,1.0,0.0030555618459707037,10.0,0.9971606154082268
5.384,1.0,0.003278577397505732,10.0,0.9969444381540293
5.386,1.0,0.0035060084946529862,10.0,0.9967214226024943
5.388,1.0,0.003735385926945283,10.0,0.996493991505347
5.39,1.0,0.003964220646026359,10.0,0.9962646140730547
5.392,1.0,0.00419003060799779,10.0,0.9960357793539737
5.394,1.0,0.004410367547815775,10.0,0.9958099693920022
5.396,1.0,0.00462284339672995,10.0,0.9955896324521842
5.398,1.0,0.004825156057314332,10.0,0.9953771566032701
5.4,1.0,0.005015114257287017,10.0,0.9951748439426856
5.402,1.0,0.005190661212984007,10.0,0.9949848857427129
5.404,1.0,0.005349896845944229,10.0,0.9948093387870159
5.406,1.0,0.00549109831144655,10.0,0.9946501031540558
5.408,1.0,0.005612738615853661,10.0,0.9945089016885534
5.41,1.0,0.005713503120071948,10.0,0.9943872613841463
5.412,1.0,0.005792303749113514,10.0,0.9942864968799281
5.414,1.0,0.0058482907524048285,10.0,0.9942076962508865
5.416,1.0,0.005880861885862145,10.0,0.9941517092475952
5.418,1.0,0.005889668914564111,10.0,0.9941191381141379
5.42,1.0,0.005874621363797759,10.0,0.9941103310854359
5.422,1.0,0.005835887476023304,10.0,0.9941253786362022
5.424,1.0,0.0057738923615742775,10.0,0.9941641125239767
5.426,1.0,0.005689313361354786,10.0,0.9942261076384257
5.428,1.0,0.00558307267008469,10.0,0.9943106866386452
5.43,1.0,0.005456327298446998,10.0,0.9944169273299153
5.432,1.0,0.005310456481484944,10.0,0.994543672701553
5.434,1.0,0.005147046668462465,10.0,0.994689543518515
5.436,1.0,0.004967874255836089,10.0,0.9948529533315376
5.438,1.0,0.004774886249698392,10.0,0.9950321257441639
5.44,1.0,0.004570179066771342,10.0,0.9952251137503016
5.442,1.0,0.0043559757035010645,10.0,0.9954298209332286
5.444,1.0,0.004134601520806992,10.0,0.9956440242964989
5.446,1.0,0.003908458907367522,10.0,0.995865398479193
5.448,1.0,0.0036800010968095036,10.0,0.9960915410926324
5.45,1.0,0.003451705423668931,10.0,0.9963199989031905
5.452,1.0,0.003226046309396441,10.0,0.9965482945763311
5.454,1.0,0.003005468272918182,10.0,0.9967739536906035
5.456,1.0,0.002792359260289613,10.0,0.9969945317270819
5.458,1.0,0.0025890245847908773,10.0,0.9972076407397104
5.46,1.0,0.002397661762436824,10.0,0.9974109754152092
5.462,1.0,0.0022203365183767355,10.0,0.9976023382375632
5.464,1.0,0.002058960227136698,10.0,0.9977796634816233
5.466,1.0,0.0019152690342430904,10.0,0.9979410397728633
5.468,1.0,0.0017908048886224725,10.0,0.9980847309657569
5.47,1.0,0.0016868986944950696,10.0,0.9982091951113775
5.472,1.0,0.0016046557684880655,10.0,0.9983131013055049
5.474,1.0,0.0015449437626388624,10.0,0.9983953442315119
5.476,1.0,0.0015083831871082576,10.0,0.9984550562373611
5.478,1.0,0.0014953406380703313,10.0,0.9984916168128918
5.48,1.0,0.001505924806698,10.0,0.9985046593619297
5.482,1.0,0.0015399853147426783,10.0,0.998494075193302
5.484,1.0,0.0015971143912456055,10.0,0.9984600146852574
5.486,1.0,0.0016766513737559825,10.0,0.9984028856087543
5.488,1.0,0.0017776899864090012,10.0,0.9983233486262441
5.49,1.0,0.0018990883166760655,10.0,0.998222310013591
5.492,1.0,0.0020394813828764394,10.0,0.9981009116833239
5.494,1.0,0.0021972961559623264,10.0,0.9979605186171235
5.496,1.0,0.0023707688719741726,10.0,0.9978027038440377
5.498,1.0,0.0025579644462105765,10.0,0.9976292311280258
5.5,1.0,0.0027567977768495804,10.0,0.9974420355537894
5.502,1.0,0.002965056704755365,10.0,0.9972432022231504
5.5040000000000004,1.0,0.003180426377741715,10.0,0.9970349432952447
5.506,1.0,0.00340051475184879,10.0,0.9968195736222583
5.508,1.0,0.0036228789494005703,10.0,0.9965994852481512
5.51,1.0,0.003845052183892894,10.0,0.9963771210505994
5.5120000000000005,1.0,0.0040645709552285915,10.0,0.9961549478161071
5.514,1.0,0.004279002215544426,10.0,0.9959354290447714
5.516,1.0,0.004485970205905994,10.0,0.9957209977844556
5.518,1.0,0.004683182667486751,10.0,0.995514029794094
5.5200000000000005,1.0,0.004868456137464556,10.0,0.9953168173325132
5.522,1.0,0.005039740049696231,10.0,0.9951315438625354
5.524,1.0,0.005195139373164182,10.0,0.9949602599503038
5.526,1.0,0.005332935537091762,10.0,0.9948048606268358
5.5280000000000005,1.0,0.0054516054103245426,10.0,0.9946670644629082
5.53,1.0,0.005549838123871254,10.0,0.9945483945896755
5.532,1.0,0.005626549549159198,10.0,0.9944501618761288
5.534,1.0,0.0056808942703267026,10.0,0.9943734504508408
5.5360000000000005,1.0,0.005712274916467749,10.0,0.9943191057296733
5.538,1.0,0.005720348748858629,10.0,0.9942877250835322
5.54,1.0,0.005705031428513286,10.0,0.9942796512511414
5.542,1.0,0.0056664979205987166,10.0,0.9942949685714867
5.5440000000000005,1.0,0.005605180523950046,10.0,0.9943335020794013
5.546,1.0,0.0055217640458057,10.0,0.9943948194760499
5.548,1.0,0.005417178173582867,10.0,0.9944782359541943
5.55,1.0,0.005292587126679932,10.0,0.9945828218264171
5.5520000000000005,1.0,0.005149376701578626,10.0,0.9947074128733201
5.554,1.0,0.004989138852586306,10.0,0.9948506232984213
5.556,1.0,0.004813653978082838,10.0,0.9950108611474137
5.558,1.0,0.0046248711078084054,10.0,0.9951863460219171
5.5600000000000005,1.0,0.004424886210259472,10.0,0.9953751288921916
5.562,1.0,0.004215918860384672,10.0,0.9955751137897405
5.564,1.0,0.004000287526251361,10.0,0.9957840811396154
5.566,1.0,0.0037803837489767795,10.0,0.9959997124737486
5.5680000000000005,1.0,0.0035586455028063222,10.0,0.9962196162510232
5.57,1.0,0.0033375300316300072,10.0,0.9964413544971937
5.572,1.0,0.0031194864643466188,10.0,0.99666246996837
5.574,1.0,0.0029069285142394345,10.0,0.9968805135356534
5.5760000000000005,1.0,0.0027022075668815806,10.0,0.9970930714857605
5.578,1.0,0.0025075864570444253,10.0,0.9972977924331184
5.58,1.0,0.0023252142276784585,10.0,0.9974924135429556
5.582,1.0,0.002157102153349929,10.0,0.9976747857723215
5.5840000000000005,1.0,0.0020051012966619815,10.0,0.99784289784665
5.586,1.0,0.0018708818493157519,10.0,0.997994898703338
5.588,1.0,0.0017559144897583848,10.0,0.9981291181506843
5.59,1.0,0.0016614539670369878,10.0,0.9982440855102416
5.5920000000000005,1.0,0.0015885250957755148,10.0,0.998338546032963
5.594,1.0,0.0015379113203880192,10.0,0.9984114749042244
5.596,1.0,0.001510145978033206,10.0,0.998462088679612
5.598,1.0,0.0015055063597191585,10.0,0.9984898540219668
5.6000000000000005,1.0,0.0015240106377182334,10.0,0.9984944936402809
5.602,1.0,0.0015654176953987142,10.0,0.9984759893622818
5.604,1.0,0.0016292298630799498,10.0,0.9984345823046012
5.606,1.0,0.0017146985309351155,10.0,0.9983707701369201
5.6080000000000005,1.0,0.0018208325776658868,10.0,0.9982853014690649
5.61,1.0,0.00194640952201917,10.0,0.9981791674223341
5.612,1.0,0.002089989273564086,10.0,0.9980535904779808
5.614,1.0,0.0022499303298435702,10.0,0.9979100107264359
5.6160000000000005,1.0,0.0024244082393907163,10.0,0.9977500696701564
5.618,1.0,0.0026114361244686116,10.0,0.9975755917606093
5.62,1.0,0.0028088870340453862,10.0,0.9973885638755314
5.622,1.0,0.0030145178767198625,10.0,0.9971911129659546
5.6240000000000006,1.0,0.0032259946653057842,10.0,0.9969854821232801
5.626,1.0,0.0034409187897713822,10.0,0.9967740053346942
5.628,1.0,0.003656854023389955,10.0,0.9965590812102286
5.63,1.0,0.0038713539584248145,10.0,0.99634314597661
5.632,1.0,0.004081989562549935,10.0,0.9961286460415751
5.634,1.0,0.004286376545559293,10.0,0.9959180104374501
5.636,1.0,0.004482202227767495,10.0,0.9957136234544407
5.638,1.0,0.004667251606836741,10.0,0.9955177977722325
5.64,1.0,0.004839432328525986,10.0,0.9953327483931632
5.642,1.0,0.004996798278954116,10.0,0.995160567671474
5.644,1.0,0.005137571531268898,10.0,0.9950032017210458
5.646,1.0,0.005260162397949814,10.0,0.9948624284687311
5.648,1.0,0.005363187361143472,10.0,0.9947398376020502
5.65,1.0,0.005445484677200377,10.0,0.9946368126388565
5.652,1.0,0.00550612747768694,10.0,0.9945545153227996
5.654,1.0,0.005544434217295236,10.0,0.994493872522313
5.656,1.0,0.005559976348949957,10.0,0.9944555657827048
5.658,1.0,0.005552583137681975,10.0,0.99444002365105
5.66,1.0,0.005522343557148955,10.0,0.9944474168623181
5.662,1.0,0.0054696052456714205,10.0,0.994477656442851
5.664,1.0,0.005394970531944692,10.0,0.9945303947543286
5.666,1.0,0.0052992895738064386,10.0,0.9946050294680553
5.668,1.0,0.005183650686209282,10.0,0.9947007104261936
5.67,1.0,0.005049367966495628,10.0,0.9948163493137907
5.672,1.0,0.004897966355833705,10.0,0.9949506320335044
5.674,1.0,0.004731164304898575,10.0,0.9951020336441663
5.676,1.0,0.004550854239235358,10.0,0.9952688356951014
5.678,1.0,0.0043590810449101805,10.0,0.9954491457607646
5.68,1.0,0.004158018817748014,10.0,0.9956409189550898
5.682,1.0,0.003949946139413553,10.0,0.995841981182252
5.684,1.0,0.00373722016058024,10.0,0.9960500538605864
5.686,1.0,0.0035222497852554087,10.0,0.9962627798394198
5.688,1.0,0.0033074682608239016,10.0,0.9964777502147446
5.69,1.0,0.003095305485413536,10.0,0.996692531739176
5.692,1.0,0.0028881603476877157,10.0,0.9969046945145864
5.694,1.0,0.0026883734140876986,10.0,0.9971118396523123
5.696,1.0,0.0024982002748747145,10.0,0.9973116265859123
5.698,1.0,0.0023197858530963136,10.0,0.9975017997251253
5.7,1.0,0.002155139969898749,10.0,0.9976802141469037
5.702,1.0,0.0020061144455442957,10.0,0.9978448600301012
5.704,1.0,0.0018743819982242986,10.0,0.9979938855544557
5.706,1.0,0.0017614171824773498,10.0,0.9981256180017757
5.708,1.0,0.001668479585954136,10.0,0.9982385828175226
5.71,1.0,0.0015965994776751538,10.0,0.9983315204140458
5.712,1.0,0.0015465660730931453,10.0,0.9984034005223248
5.714,1.0,0.001518918551513327,10.0,0.9984534339269069
5.716,1.0,0.001513939930078504,10.0,0.9984810814484867
5.718,1.0,0.001531653865949025,10.0,0.9984860600699215
5.72,1.0,0.0015718244248700444,10.0,0.998468346134051
5.722,1.0,0.001633958820402146,10.0,0.99842817557513
5.724,1.0,0.0017173130940836452,10.0,0.9983660411795978
5.726,1.0,0.0018209006730832808,10.0,0.9982826869059164
5.728,1.0,0.0019435037088772747,10.0,0.9981790993269167
5.73,1.0,0.002083687068524582,10.0,0.9980564962911227
5.732,1.0,0.002239814819586747,10.0,0.9979163129314754
5.734,1.0,0.0024100690209966167,10.0,0.9977601851804132
5.736,1.0,0.0025924706055559213,10.0,0.9975899309790034
5.738,1.0,0.002784902115544395,10.0,0.9974075293944441
5.74,1.0,0.002985132031434433,10.0,0.9972150978844556
5.742,1.0,0.0031908404151764097,10.0,0.9970148679685655
5.744,1.0,0.0033996455741683493,10.0,0.9968091595848236
5.746,1.0,0.0036091314400311563,10.0,0.9966003544258316
5.748,1.0,0.0038168753478203294,10.0,0.9963908685599688
5.75,1.0,0.004020475896420222,10.0,0.9961831246521796
5.752,1.0,0.004217580569649377,10.0,0.9959795241035798
5.7540000000000004,1.0,0.004405912800075131,10.0,0.9957824194303506
5.756,1.0,0.00458329816366991,10.0,0.9955940871999248
5.758,1.0,0.004747689403175551,10.0,0.9954167018363301
5.76,1.0,0.0048971899912692044,10.0,0.9952523105968244
5.7620000000000005,1.0,0.005030075961197759,10.0,0.9951028100087308
5.764,1.0,0.005144815752281711,10.0,0.9949699240388022
5.766,1.0,0.00524008784036105,10.0,0.9948551842477182
5.768,1.0,0.005314795948608288,10.0,0.994759912159639
5.7700000000000005,1.0,0.00536808166187869,10.0,0.9946852040513917
5.772,1.0,0.00539933429758844,10.0,0.9946319183381213
5.774,1.0,0.005408197917666787,10.0,0.9946006657024116
5.776,1.0,0.005394575399056153,10.0,0.9945918020823332
5.7780000000000005,1.0,0.005358629514156359,10.0,0.9946054246009438
5.78,1.0,0.005300781007134798,10.0,0.9946413704858437
5.782,1.0,0.005221703686755156,10.0,0.9946992189928652
5.784,1.0,0.005122316590911585,10.0,0.9947782963132449
5.7860000000000005,1.0,0.005003773311992998,10.0,0.9948776834090884
5.788,1.0,0.004867448605149482,10.0,0.994996226688007
5.79,1.0,0.004714922433106547,10.0,0.9951325513948506
5.792,1.0,0.004547961631004958,10.0,0.9952850775668934
5.7940000000000005,1.0,0.004368499402485805,10.0,0.9954520383689951
5.796,1.0,0.004178612883567259,10.0,0.9956315005975142
5.798,1.0,0.0039804990334735705,10.0,0.9958213871164328
5.8,1.0,0.0037764491312117007,10.0,0.9960195009665265
5.8020000000000005,1.0,0.0035688221731139643,10.0,0.9962235508687883
5.804,1.0,0.003360017479580438,10.0,0.9964311778268861
5.806,1.0,0.0031524468287062644,10.0,0.9966399825204195
5.808,1.0,0.002948506440250888,10.0,0.9968475531712937
5.8100000000000005,1.0,0.0027505491354259423,10.0,0.9970514935597491
5.812,1.0,0.0025608569962165956,10.0,0.9972494508645741
5.814,1.0,0.0023816148424222936,10.0,0.9974391430037834
5.816,1.0,0.0022148848353654885,10.0,0.9976183851575777
5.8180000000000005,1.0,0.0020625825043728385,10.0,0.9977851151646345
5.82,1.0,0.00192645447582648,10.0,0.9979374174956271
5.822,1.0,0.0018080581649978537,10.0,0.9980735455241735
5.824,1.0,0.0017087436682363267,10.0,0.9981919418350022
5.8260000000000005,1.0,0.001629638067648624,10.0,0.9982912563317636
5.828,1.0,0.0015716323324651141,10.0,0.9983703619323514
5.83,1.0,0.0015353709711672812,10.0,0.9984283676675348
5.832,1.0,0.0015212445564953105,10.0,0.9984646290288327
5.8340000000000005,1.0,0.0015293852120357588,10.0,0.9984787554435047
5.836,1.0,0.0015596651145946773,10.0,0.9984706147879643
5.838,1.0,0.0016116980313925177,10.0,0.9984403348854053
5.84,1.0,0.001684843875683536,10.0,0.9983883019686075
5.8420000000000005,1.0,0.0017782162291179186,10.0,0.9983151561243164
5.844,1.0,0.0018906927444422498,10.0,0.9982217837708821
5.846,1.0,0.002020928308380173,10.0,0.9981093072555578
5.848,1.0,0.0021673708121465562,10.0,0.9979790716916198
5.8500000000000005,1.0,0.002328279346406305,10.0,0.9978326291878534
5.852,1.0,0.0025017446089546026,10.0,0.9976717206535937
5.854,1.0,0.0026857112873062017,10.0,0.9974982553910454
5.856,1.0,0.002878002155046849,10.0,0.9973142887126938
5.8580000000000005,1.0,0.003076343600497678,10.0,0.9971219978449531
5.86,1.0,0.003278392289216134,10.0,0.9969236563995023
5.862,1.0,0.0034817626483093574,10.0,0.9967216077107839
5.864,1.0,0.0036840548506322968,10.0,0.9965182373516906
5.8660000000000005,1.0,0.003882882970804831,10.0,0.9963159451493677
5.868,1.0,0.004075902982687792,10.0,0.9961171170291951
5.87,1.0,0.00426084026953974,10.0,0.9959240970173122
5.872,1.0,0.00443551632352199,10.0,0.9957391597304602
5.8740000000000006,1.0,0.004597874320470725,10.0,0.995564483676478
5.876,1.0,0.004746003268808949,10.0,0.9954021256795292
5.878,1.0,0.00487816044798105,10.0,0.9952539967311911
5.88,1.0,0.004992791871669887,10.0,0.9951218395520189
5.882000000000001,1.0,0.005088550534071973,10.0,0.9950072081283301
5.884,1.0,0.005164312223394218,10.0,0.994911449465928
5.886,1.0,0.005219188715195479,10.0,0.9948356877766058
5.888,1.0,0.005252538188896436,10.0,0.9947808112848046
5.89,1.0,0.005263972743363752,10.0,0.9947474618111035
5.892,1.0,0.005253362921557909,10.0,0.9947360272566362
5.894,1.0,0.005220839189418908,10.0,0.9947466370784421
5.896,1.0,0.005166790350036847,10.0,0.994779160810581
5.898,1.0,0.005091858910293009,10.0,0.9948332096499631
5.9,1.0,0.004996933453135406,10.0,0.994908141089707
5.902,1.0,0.0048831381040455825,10.0,0.9950030665468645
5.904,1.0,0.004751819214642097,10.0,0.9951168618959544
5.906,1.0,0.004604529419342542,10.0,0.9952481807853579
5.908,1.0,0.004443009252178396,10.0,0.9953954705806575
5.91,1.0,0.004269166539854098,10.0,0.9955569907478216
5.912,1.0,0.004085053813617354,10.0,0.9957308334601459
5.914,1.0,0.003892844006144628,10.0,0.9959149461863827
5.916,1.0,0.003694804720160166,10.0,0.9961071559938554
5.918,1.0,0.00349327137265107,10.0,0.9963051952798399
5.92,1.0,0.0032906195321067964,10.0,0.9965067286273489
5.922,1.0,0.003089236776032903,10.0,0.9967093804678933
5.924,1.0,0.0028914944019438602,10.0,0.9969107632239671
5.926,1.0,0.0026997193270518857,10.0,0.9971085055980562
5.928,1.0,0.0025161665099082543,10.0,0.9973002806729481
5.93,1.0,0.0023429922213376833,10.0,0.9974838334900917
5.932,1.0,0.002182228482199447,10.0,0.9976570077786623
5.934,1.0,0.0020357589719214335,10.0,0.9978177715178006
5.936,1.0,0.0019052966945411023,10.0,0.9979642410280786
5.938,1.0,0.0017923636683492574,10.0,0.9980947033054589
5.94,1.0,0.0016982728814088535,10.0,0.9982076363316508
5.942,1.0,0.0016241127284901153,10.0,0.9983017271185911
5.944,1.0,0.001570734115638589,10.0,0.9983758872715098
5.946,1.0,0.0015387403870193105,10.0,0.9984292658843614
5.948,1.0,0.0015284801952303933,10.0,0.9984612596129807
5.95,1.0,0.0015400434013483812,10.0,0.9984715198047696
5.952,1.0,0.0015732600549693764,10.0,0.9984599565986516
5.954,1.0,0.0016277024678714512,10.0,0.9984267399450306
5.956,1.0,0.0017026903580807586,10.0,0.9983722975321285
5.958,1.0,0.0017972990045149245,10.0,0.9982973096419192
5.96,1.0,0.0019103703164395516,10.0,0.998202700995485
5.962,1.0,0.002040526687136644,10.0,0.9980896296835604
5.964,1.0,0.002186187467864734,10.0,0.9979594733128634
5.966,1.0,0.002345587866789388,10.0,0.9978138125321353
5.968,1.0,0.0025168000484573345,10.0,0.9976544121332106
5.97,1.0,0.002697756182928699,10.0,0.9974831999515427
5.972,1.0,0.0028862731701897975,10.0,0.9973022438170713
5.974,1.0,0.003080078745228755,10.0,0.9971137268298103
5.976,1.0,0.0032768386524146915,10.0,0.9969199212547712
5.978,1.0,0.003474184564783735,10.0,0.9967231613475853
5.98,1.0,0.003669742414663122,10.0,0.9965258154352162
5.982,1.0,0.003861160796873624,10.0,0.9963302575853369
5.984,1.0,0.00404613910460849,10.0,0.9961388392031264
5.986,1.0,0.004222455061013701,10.0,0.9959538608953915
5.988,1.0,0.004387991316460526,10.0,0.9957775449389863
5.99,1.0,0.004540760792429618,10.0,0.9956120086835395
5.992,1.0,0.00467893046769107,10.0,0.9954592392075704
5.994,1.0,0.004800843320895528,10.0,0.9953210695323089
5.996,1.0,0.004905038165571961,10.0,0.9951991566791045
5.998,1.0,0.004990267138600581,10.0,0.995094961834428
