t,r(rad/s),w(rad/s),u(V),e,tau_L(Nm)
0.0,0.0,0.0,0.0,0.0,0.0
0.001,0.0,0.0,0.0,0.0,0.0
0.002,0.0,0.0,0.0,0.0,0.0
0.003,0.0,0.0,0.0,0.0,0.0
0.004,0.0,0.0,0.0,0.0,0.0
0.005,0.0,0.0,0.0,0.0,0.0
0.006,0.0,0.0,0.0,0.0,0.0
0.007,0.0,0.0,0.0,0.0,0.0
0.008,0.0,0.0,0.0,0.0,0.0
0.009000000000000001,0.0,0.0,0.0,0.0,0.0
0.01,0.0,0.0,0.0,0.0,0.0
0.011,0.0,0.0,0.0,0.0,0.0
0.012,0.0,0.0,0.0,0.0,0.0
0.013000000000000001,0.0,0.0,0.0,0.0,0.0
0.014,0.0,0.0,0.0,0.0,0.0
0.015,0.0,0.0,0.0,0.0,0.0
0.016,0.0,0.0,0.0,0.0,0.0
0.017,0.0,0.0,0.0,0.0,0.0
0.018000000000000002,0.0,0.0,0.0,0.0,0.0
0.019,0.0,0.0,0.0,0.0,0.0
0.02,0.0,0.0,0.0,0.0,0.0
0.021,0.0,0.0,0.0,0.0,0.0
0.022,0.0,0.0,0.0,0.0,0.0
0.023,0.0,0.0,0.0,0.0,0.0
0.024,0.0,0.0,0.0,0.0,0.0
0.025,0.0,0.0,0.0,0.0,0.0
0.026000000000000002,0.0,0.0,0.0,0.0,0.0
0.027,0.0,0.0,0.0,0.0,0.0
0.028,0.0,0.0,0.0,0.0,0.0
0.029,0.0,0.0,0.0,0.0,0.0
0.03,0.0,0.0,0.0,0.0,0.0
0.031,0.0,0.0,0.0,0.0,0.0
0.032,0.0,0.0,0.0,0.0,0.0
0.033,0.0,0.0,0.0,0.0,0.0
0.034,0.0,0.0,0.0,0.0,0.0
0.035,0.0,0.0,0.0,0.0,0.0
0.036000000000000004,0.0,0.0,0.0,0.0,0.0
0.037,0.0,0.0,0.0,0.0,0.0
0.038,0.0,0.0,0.0,0.0,0.0
0.039,0.0,0.0,0.0,0.0,0.0
0.04,0.0,0.0,0.0,0.0,0.0
0.041,0.0,0.0,0.0,0.0,0.0
0.042,0.0,0.0,0.0,0.0,0.0
0.043000000000000003,0.0,0.0,0.0,0.0,0.0
0.044,0.0,0.0,0.0,0.0,0.0
0.045,0.0,0.0,0.0,0.0,0.0
0.046,0.0,0.0,0.0,0.0,0.0
0.047,0.0,0.0,0.0,0.0,0.0
0.048,0.0,0.0,0.0,0.0,0.0
0.049,0.0,0.0,0.0,0.0,0.0
0.05,0.0,0.0,0.0,0.0,0.0
0.051000000000000004,0.0,0.0,0.0,0.0,0.0
0.052000000000000005,0.0,0.0,0.0,0.0,0.0
0.053,0.0,0.0,0.0,0.0,0.0
0.054,0.0,0.0,0.0,0.0,0.0
0.055,0.0,0.0,0.0,0.0,0.0
0.056,0.0,0.0,0.0,0.0,0.0
0.057,0.0,0.0,0.0,0.0,0.0
0.058,0.0,0.0,0.0,0.0,0.0
0.059000000000000004,0.0,0.0,0.0,0.0,0.0
0.06,0.0,0.0,0.0,0.0,0.0
0.061,0.0,0.0,0.0,0.0,0.0
0.062,0.0,0.0,0.0,0.0,0.0
0.063,0.0,0.0,0.0,0.0,0.0
0.064,0.0,0.0,0.0,0.0,0.0
0.065,0.0,0.0,0.0,0.0,0.0
0.066,0.0,0.0,0.0,0.0,0.0
0.067,0.0,0.0,0.0,0.0,0.0
0.068,0.0,0.0,0.0,0.0,0.0
0.069,0.0,0.0,0.0,0.0,0.0
0.07,0.0,0.0,0.0,0.0,0.0
0.07100000000000001,0.0,0.0,0.0,0.0,0.0
0.07200000000000001,0.0,0.0,0.0,0.0,0.0
0.073,0.0,0.0,0.0,0.0,0.0
0.074,0.0,0.0,0.0,0.0,0.0
0.075,0.0,0.0,0.0,0.0,0.0
0.076,0.0,0.0,0.0,0.0,0.0
0.077,0.0,0.0,0.0,0.0,0.0
0.078,0.0,0.0,0.0,0.0,0.0
0.079,0.0,0.0,0.0,0.0,0.0
0.08,0.0,0.0,0.0,0.0,0.0
0.081,0.0,0.0,0.0,0.0,0.0
0.082,0.0,0.0,0.0,0.0,0.0
0.083,0.0,0.0,0.0,0.0,0.0
0.084,0.0,0.0,0.0,0.0,0.0
0.085,0.0,0.0,0.0,0.0,0.0
0.08600000000000001,0.0,0.0,0.0,0.0,0.0
0.08700000000000001,0.0,0.0,0.0,0.0,0.0
0.088,0.0,0.0,0.0,0.0,0.0
0.089,0.0,0.0,0.0,0.0,0.0
0.09,0.0,0.0,0.0,0.0,0.0
0.091,0.0,0.0,0.0,0.0,0.0
0.092,0.0,0.0,0.0,0.0,0.0
0.093,0.0,0.0,0.0,0.0,0.0
0.094,0.0,0.0,0.0,0.0,0.0
0.095,0.0,0.0,0.0,0.0,0.0
0.096,0.0,0.0,0.0,0.0,0.0
0.097,0.0,0.0,0.0,0.0,0.0
0.098,0.0,0.0,0.0,0.0,0.0
0.099,0.0,0.0,0.0,0.0,0.0
0.1,50.0,0.06000000000000001,12.0,50.0,0.0
0.101,50.0,-5.9999999999997555e-05,-12.0,49.94,0.0
0.10200000000000001,50.0,-0.060059940000000006,-12.0,50.00006,0.0
0.10300000000000001,50.0,-0.11999988006000001,-12.0,50.06005994,0.0
0.10400000000000001,50.0,-0.17987988017994003,-12.0,50.11999988006,0.0
0.105,50.0,-0.23970000029976007,-12.0,50.17987988017994,0.0
0.106,50.0,-0.2973962615735047,-11.587192254808873,50.23970000029976,0.0
0.107,50.0,-0.34088166109104834,-8.756559155823437,50.2973962615735,0.0
0.108,50.0,-0.3624590167290081,-4.383647459810157,50.340881661091046,0.0
0.109,50.0,-0.35728925502475206,0.9614605375054115,50.362459016729005,0.0
0.11,50.0,-0.32239645159980357,6.9071028339847516,50.35728925502475,0.0
0.111,50.0,-0.26207405514820376,12.0,50.3223964515998,0.0
0.112,50.0,-0.20181198109305554,12.0,50.262074055148204,0.0
0.113,50.0,-0.14161016911196248,12.0,50.20181198109306,0.0
0.114,50.0,-0.0814685589428505,12.0,50.141610169111964,0.0
0.115,50.0,-0.02138709038390764,12.0,50.08146855894285,0.0
0.116,50.0,0.03863429670647627,12.0,50.02138709038391,0.0
0.117,50.0,0.0985956624097698,12.0,49.961365703293524,0.0
0.11800000000000001,50.0,0.15849706674736003,12.0,49.90140433759023,0.0
0.11900000000000001,50.0,0.21833856968061266,12.0,49.84150293325264,0.0
0.12,50.0,0.27812023111093204,12.0,49.78166143031939,0.0
0.121,50.0,0.33784211087982113,12.0,49.72187976888907,0.0
0.122,50.0,0.39750426876894135,12.0,49.66215788912018,0.0
0.123,50.0,0.4571067645001724,12.0,49.60249573123106,0.0
0.124,50.0,0.5166496577356723,12.0,49.542893235499825,0.0
0.125,50.0,0.5761330080779367,12.0,49.48335034226433,0.0
0.126,50.0,0.6355568750698587,12.0,49.42386699192206,0.0
0.127,50.0,0.6949213181947889,12.0,49.36444312493014,0.0
0.128,50.0,0.7542263968765941,12.0,49.30507868180521,0.0
0.129,50.0,0.8134721704797175,12.0,49.2457736031234,0.0
0.13,50.0,0.8726586983092378,12.0,49.18652782952028,0.0
0.131,50.0,0.9317860396109285,12.0,49.12734130169076,0.0
0.132,50.0,0.9908542535713176,12.0,49.06821396038907,0.0
0.133,50.0,1.0498633993177464,12.0,49.00914574642868,0.0
0.134,50.0,1.1088135359184288,12.0,48.95013660068226,0.0
0.135,50.0,1.1677047223825103,12.0,48.89118646408157,0.0
0.136,50.0,1.2265370176601278,12.0,48.83229527761749,0.0
0.137,50.0,1.2853104806424678,12.0,48.77346298233987,0.0
0.138,50.0,1.3440251701618253,12.0,48.714689519357535,0.0
0.139,50.0,1.4026811449916634,12.0,48.65597482983817,0.0
0.14,50.0,1.4612784638466718,12.0,48.59731885500834,0.0
0.14100000000000001,50.0,1.519817185382825,12.0,48.538721536153325,0.0
0.14200000000000002,50.0,1.5782973681974422,12.0,48.48018281461717,0.0
0.14300000000000002,50.0,1.6367190708292447,12.0,48.42170263180256,0.0
0.14400000000000002,50.0,1.6950823517584155,12.0,48.363280929170756,0.0
0.145,50.0,1.753387269406657,12.0,48.304917648241585,0.0
0.146,50.0,1.8116338821372504,12.0,48.24661273059334,0.0
0.147,50.0,1.8698222482551132,12.0,48.18836611786275,0.0
0.148,50.0,1.9279524260068581,12.0,48.13017775174489,0.0
0.149,50.0,1.9860244735808512,12.0,48.07204757399314,0.0
0.15,50.0,2.0440384491072705,12.0,48.01397552641915,0.0
0.151,50.0,2.1019944106581634,12.0,47.95596155089273,0.0
0.152,50.0,2.159892416247505,12.0,47.898005589341835,0.0
0.153,50.0,2.2177325238312577,12.0,47.8401075837525,0.0
0.154,50.0,2.2755147913074265,12.0,47.78226747616874,0.0
0.155,50.0,2.333239276516119,12.0,47.72448520869257,0.0
0.156,50.0,2.390906037239603,12.0,47.66676072348388,0.0
0.157,50.0,2.4485151312023636,12.0,47.6090939627604,0.0
0.158,50.0,2.5060666160711613,12.0,47.55148486879764,0.0
0.159,50.0,2.56356054945509,12.0,47.49393338392884,0.0
0.16,50.0,2.620996988905635,12.0,47.43643945054491,0.0
0.161,50.0,2.6783759919167296,12.0,47.37900301109436,0.0
0.162,50.0,2.735697615924813,12.0,47.32162400808327,0.0
0.163,50.0,2.792961918308888,12.0,47.26430238407519,0.0
0.164,50.0,2.850168956390579,12.0,47.20703808169111,0.0
0.165,50.0,2.9073187874341886,12.0,47.149831043609424,0.0
0.166,50.0,2.9644114686467544,12.0,47.092681212565815,0.0
0.167,50.0,3.021447057178108,12.0,47.03558853135325,0.0
0.168,50.0,3.0784256101209295,12.0,46.97855294282189,0.0
0.169,50.0,3.1353471845108087,12.0,46.92157438987907,0.0
0.17,50.0,3.192211837326298,12.0,46.864652815489194,0.0
0.171,50.0,3.249019625488972,12.0,46.8077881626737,0.0
0.17200000000000001,50.0,3.305770605863483,12.0,46.75098037451103,0.0
0.17300000000000001,50.0,3.362464835257619,12.0,46.694229394136514,0.0
0.17400000000000002,50.0,3.4191023704223618,12.0,46.63753516474238,0.0
0.17500000000000002,50.0,3.4756832680519394,12.0,46.580897629577635,0.0
0.176,50.0,3.5322075847838876,12.0,46.52431673194806,0.0
0.177,50.0,3.588675377199104,12.0,46.46779241521611,0.0
0.178,50.0,3.6450867018219046,12.0,46.4113246228009,0.0
0.179,50.0,3.701441615120083,12.0,46.3549132981781,0.0
0.18,50.0,3.757740173504963,12.0,46.29855838487992,0.0
0.181,50.0,3.813982433331458,12.0,46.24225982649504,0.0
0.182,50.0,3.8701684508981264,12.0,46.18601756666854,0.0
0.183,50.0,3.9262982824472283,12.0,46.12983154910187,0.0
0.184,50.0,3.9823719841647813,12.0,46.07370171755277,0.0
0.185,50.0,4.038389612180617,12.0,46.01762801583522,0.0
0.186,50.0,4.094351222568436,12.0,45.961610387819384,0.0
0.187,50.0,4.150256871345868,12.0,45.905648777431566,0.0
0.188,50.0,4.206106614474522,12.0,45.84974312865413,0.0
0.189,50.0,4.261900507860047,12.0,45.79389338552548,0.0
0.19,50.0,4.317638607352187,12.0,45.73809949213995,0.0
0.191,50.0,4.373320968744835,12.0,45.68236139264781,0.0
0.192,50.0,4.4289476477760905,12.0,45.626679031255165,0.0
0.193,50.0,4.484518700128314,12.0,45.57105235222391,0.0
0.194,50.0,4.540034181428186,12.0,45.51548129987169,0.0
0.195,50.0,4.595494147246757,12.0,45.45996581857182,0.0
0.196,50.0,4.65089865309951,12.0,45.404505852753246,0.0
0.197,50.0,4.7062477544464105,12.0,45.34910134690049,0.0
0.198,50.0,4.761541506691964,12.0,45.29375224555359,0.0
0.199,50.0,4.8167799651852725,12.0,45.23845849330804,0.0
0.2,50.0,4.871963185220087,12.0,45.183220034814724,0.0
0.201,50.0,4.927091222034867,12.0,45.12803681477991,0.0
0.202,50.0,4.982164130812832,12.0,45.07290877796513,0.0
0.203,50.0,5.037181966682019,12.0,45.01783586918717,0.0
0.20400000000000001,50.0,5.092144784715337,12.0,44.96281803331798,0.0
0.20500000000000002,50.0,5.147052639930622,12.0,44.90785521528466,0.0
0.20600000000000002,50.0,5.201905587290691,12.0,44.85294736006938,0.0
0.20700000000000002,50.0,5.2567036817034,12.0,44.79809441270931,0.0
0.20800000000000002,50.0,5.311446978021697,12.0,44.7432963182966,0.0
0.209,50.0,5.366135531043675,12.0,44.6885530219783,0.0
0.21,50.0,5.420769395512631,12.0,44.633864468956325,0.0
0.211,50.0,5.475348626117118,12.0,44.57923060448737,0.0
0.212,50.0,5.529873277491,12.0,44.52465137388288,0.0
0.213,50.0,5.584343404213509,12.0,44.470126722509,0.0
0.214,50.0,5.638759060809296,12.0,44.41565659578649,0.0
0.215,50.0,5.693120301748486,12.0,44.36124093919071,0.0
0.216,50.0,5.747427181446738,12.0,44.306879698251514,0.0
0.217,50.0,5.801679754265291,12.0,44.25257281855326,0.0
0.218,50.0,5.8558780745110255,12.0,44.198320245734706,0.0
0.219,50.0,5.910022196436515,12.0,44.144121925488975,0.0
0.22,50.0,5.9641121742400784,12.0,44.089977803563485,0.0
0.221,50.0,6.018148062065839,12.0,44.03588782575992,0.0
0.222,50.0,6.0721299140037726,12.0,43.98185193793416,0.0
0.223,50.0,6.1260577840897685,12.0,43.927870085996226,0.0
0.224,50.0,6.1799317263056786,12.0,43.87394221591023,0.0
0.225,50.0,6.233751794579373,12.0,43.82006827369432,0.0
0.226,50.0,6.287518042784793,12.0,43.766248205420624,0.0
0.227,50.0,6.341230524742008,12.0,43.7124819572152,0.0
0.228,50.0,6.394889294217267,12.0,43.65876947525799,0.0
0.229,50.0,6.448494404923049,12.0,43.605110705782735,0.0
0.23,50.0,6.502045910518126,12.0,43.551505595076954,0.0
0.231,50.0,6.555543864607608,12.0,43.49795408948187,0.0
0.232,50.0,6.608988320743,12.0,43.44445613539239,0.0
0.233,50.0,6.662379332422257,12.0,43.391011679257,0.0
0.234,50.0,6.715716953089835,12.0,43.337620667577745,0.0
0.23500000000000001,50.0,6.769001236136745,12.0,43.28428304691016,0.0
0.23600000000000002,50.0,6.822232234900608,12.0,43.230998763863255,0.0
0.23700000000000002,50.0,6.875410002665707,12.0,43.17776776509939,0.0
0.23800000000000002,50.0,6.928534592663041,12.0,43.12458999733429,0.0
0.23900000000000002,50.0,6.981606058070378,12.0,43.07146540733696,0.0
0.24,50.0,7.034624452012308,12.0,43.018393941929624,0.0
0.241,50.0,7.087589827560295,12.0,42.96537554798769,0.0
0.242,50.0,7.140502237732735,12.0,42.91241017243971,0.0
0.243,50.0,7.193361735495003,12.0,42.85949776226727,0.0
0.244,50.0,7.246168373759508,12.0,42.806638264505,0.0
0.245,50.0,7.2989222053857485,12.0,42.75383162624049,0.0
0.246,50.0,7.351623283180363,12.0,42.70107779461425,0.0
0.247,50.0,7.404271659897183,12.0,42.64837671681964,0.0
0.248,50.0,7.456867388237286,12.0,42.595728340102816,0.0
0.249,50.0,7.509410520849048,12.0,42.543132611762715,0.0
0.25,50.0,7.561901110328199,12.0,42.490589479150955,0.0
0.251,50.0,7.614339209217871,12.0,42.4380988896718,0.0
0.252,50.0,7.666724870008653,12.0,42.385660790782126,0.0
0.253,50.0,7.719058145138645,12.0,42.33327512999135,0.0
0.254,50.0,7.771339086993506,12.0,42.280941854861354,0.0
0.255,50.0,7.823567747906512,12.0,42.22866091300649,0.0
0.256,50.0,7.875744180158606,12.0,42.17643225209349,0.0
0.257,50.0,7.927868435978448,12.0,42.124255819841395,0.0
0.258,50.0,7.97994056754247,12.0,42.072131564021554,0.0
0.259,50.0,8.031960626974927,12.0,42.02005943245753,0.0
0.26,50.0,8.083928666347951,12.0,41.96803937302507,0.0
0.261,50.0,8.135844737681603,12.0,41.91607133365205,0.0
0.262,50.0,8.187708892943922,12.0,41.8641552623184,0.0
0.263,50.0,8.239521184050979,12.0,41.812291107056076,0.0
0.264,50.0,8.291281662866927,12.0,41.76047881594902,0.0
0.265,50.0,8.34299038120406,12.0,41.70871833713307,0.0
0.266,50.0,8.394647390822856,12.0,41.65700961879594,0.0
0.267,50.0,8.446252743432034,12.0,41.605352609177146,0.0
0.268,50.0,8.497806490688601,12.0,41.553747256567966,0.0
0.269,50.0,8.549308684197912,12.0,41.5021935093114,0.0
0.27,50.0,8.600759375513714,12.0,41.45069131580209,0.0
0.271,50.0,8.6521586161382,12.0,41.39924062448628,0.0
0.272,50.0,8.703506457522062,12.0,41.3478413838618,0.0
0.273,50.0,8.75480295106454,12.0,41.29649354247794,0.0
0.274,50.0,8.806048148113476,12.0,41.24519704893546,0.0
0.275,50.0,8.857242099965362,12.0,41.193951851886524,0.0
0.276,50.0,8.908384857865396,12.0,41.14275790003464,0.0
0.277,50.0,8.95947647300753,12.0,41.0916151421346,0.0
0.278,50.0,9.010516996534523,12.0,41.04052352699247,0.0
0.279,50.0,9.06150647953799,12.0,40.98948300346548,0.0
0.28,50.0,9.112444973058452,12.0,40.93849352046201,0.0
0.281,50.0,9.163332528085393,12.0,40.88755502694155,0.0
0.28200000000000003,50.0,9.214169195557307,12.0,40.83666747191461,0.0
0.28300000000000003,50.0,9.26495502636175,12.0,40.785830804442696,0.0
0.28400000000000003,50.0,9.31569007133539,12.0,40.73504497363825,0.0
0.28500000000000003,50.0,9.366374381264054,12.0,40.68430992866461,0.0
0.28600000000000003,50.0,9.41700800688279,12.0,40.63362561873595,0.0
0.28700000000000003,50.0,9.467590998875908,12.0,40.58299199311721,0.0
0.28800000000000003,50.0,9.518123407877031,12.0,40.532409001124094,0.0
0.289,50.0,9.568605284469154,12.0,40.48187659212297,0.0
0.29,50.0,9.619036679184685,12.0,40.43139471553084,0.0
0.291,50.0,9.6694176425055,12.0,40.38096332081531,0.0
0.292,50.0,9.719748224862995,12.0,40.3305823574945,0.0
0.293,50.0,9.770028476638132,12.0,40.280251775137,0.0
0.294,50.0,9.820258448161493,12.0,40.22997152336187,0.0
0.295,50.0,9.870438189713331,12.0,40.179741551838504,0.0
0.296,50.0,9.920567751523619,12.0,40.12956181028667,0.0
0.297,50.0,9.970647183772096,12.0,40.07943224847638,0.0
0.298,50.0,10.020676536588324,12.0,40.029352816227906,0.0
0.299,50.0,10.070655860051735,12.0,39.979323463411674,0.0
0.3,50.0,10.120585204191684,12.0,39.92934413994826,0.0
0.301,50.0,10.170464618987493,12.0,39.879414795808316,0.0
0.302,50.0,10.220294154368506,12.0,39.829535381012505,0.0
0.303,50.0,10.270073860214138,12.0,39.7797058456315,0.0
0.304,50.0,10.319803786353924,12.0,39.72992613978586,0.0
0.305,50.0,10.369483982567571,12.0,39.68019621364608,0.0
0.306,50.0,10.419114498585003,12.0,39.63051601743243,0.0
0.307,50.0,10.468695384086418,12.0,39.580885501415,0.0
0.308,50.0,10.518226688702331,12.0,39.531304615913584,0.0
0.309,50.0,10.567708462013629,12.0,39.48177331129767,0.0
0.31,50.0,10.617140753551615,12.0,39.43229153798637,0.0
0.311,50.0,10.666523612798063,12.0,39.38285924644838,0.0
0.312,50.0,10.715857089185265,12.0,39.33347638720194,0.0
0.313,50.0,10.765141232096079,12.0,39.28414291081474,0.0
0.314,50.0,10.814376090863982,12.0,39.23485876790392,0.0
0.315,50.0,10.863561714773118,12.0,39.18562390913602,0.0
0.316,50.0,10.912698153058345,12.0,39.13643828522688,0.0
0.317,50.0,10.961785454905288,12.0,39.087301846941656,0.0
0.318,50.0,11.010823669450382,12.0,39.03821454509471,0.0
0.319,50.0,11.05981284578093,12.0,38.98917633054962,0.0
0.32,50.0,11.10875303293515,12.0,38.94018715421907,0.0
0.321,50.0,11.157644279902215,12.0,38.89124696706485,0.0
0.322,50.0,11.206486635622312,12.0,38.842355720097785,0.0
0.323,50.0,11.25528014898669,12.0,38.79351336437769,0.0
0.324,50.0,11.304024868837704,12.0,38.74471985101331,0.0
0.325,50.0,11.352720843968866,12.0,38.6959751311623,0.0
0.326,50.0,11.401368123124897,12.0,38.64727915603113,0.0
0.327,50.0,11.449966755001771,12.0,38.5986318768751,0.0
0.328,50.0,11.49851678824677,12.0,38.55003324499823,0.0
0.329,50.0,11.547018271458523,12.0,38.50148321175323,0.0
0.33,50.0,11.595471253187064,12.0,38.452981728541474,0.0
0.331,50.0,11.643875781933877,12.0,38.404528746812936,0.0
0.332,50.0,11.692231906151944,12.0,38.35612421806612,0.0
0.333,50.0,11.740539674245792,12.0,38.307768093848054,0.0
0.334,50.0,11.788799134571546,12.0,38.259460325754205,0.0
0.335,50.0,11.837010335436974,12.0,38.21120086542845,0.0
0.336,50.0,11.885173325101537,12.0,38.16298966456303,0.0
0.337,50.0,11.933288151776436,12.0,38.11482667489847,0.0
0.338,50.0,11.98135486362466,12.0,38.06671184822356,0.0
0.339,50.0,12.029373508761035,12.0,38.01864513637534,0.0
0.34,50.0,12.077344135252273,12.0,37.97062649123897,0.0
0.341,50.0,12.12526679111702,12.0,37.922655864747725,0.0
0.342,50.0,12.173141524325903,12.0,37.87473320888298,0.0
0.343,50.0,12.220968382801576,12.0,37.8268584756741,0.0
0.34400000000000003,50.0,12.268747414418774,12.0,37.77903161719843,0.0
0.34500000000000003,50.0,12.316478667004356,12.0,37.731252585581224,0.0
0.34600000000000003,50.0,12.364162188337351,12.0,37.683521332995646,0.0
0.34700000000000003,50.0,12.411798026149015,12.0,37.63583781166265,0.0
0.34800000000000003,50.0,12.459386228122865,12.0,37.588201973850985,0.0
0.34900000000000003,50.0,12.506926841894742,12.0,37.54061377187713,0.0
0.35000000000000003,50.0,12.554419915052847,12.0,37.49307315810526,0.0
0.35100000000000003,50.0,12.601865495137794,12.0,37.44558008494715,0.0
0.352,50.0,12.649263629642656,12.0,37.398134504862206,0.0
0.353,50.0,12.696614366013012,12.0,37.350736370357346,0.0
0.354,50.0,12.743917751646999,12.0,37.30338563398699,0.0
0.355,50.0,12.791173833895352,12.0,37.256082248353,0.0
0.356,50.0,12.838382660061455,12.0,37.20882616610465,0.0
0.357,50.0,12.885544277401394,12.0,37.161617339938545,0.0
0.358,50.0,12.932658733123992,12.0,37.114455722598606,0.0
0.359,50.0,12.979726074390868,12.0,37.06734126687601,0.0
0.36,50.0,13.026746348316477,12.0,37.02027392560913,0.0
0.361,50.0,13.073719601968161,12.0,36.97325365168352,0.0
0.362,50.0,13.120645882366192,12.0,36.926280398031835,0.0
0.363,50.0,13.167525236483826,12.0,36.87935411763381,0.0
0.364,50.0,13.214357711247342,12.0,36.832474763516174,0.0
0.365,50.0,13.261143353536093,12.0,36.785642288752655,0.0
0.366,50.0,13.307882210182557,12.0,36.73885664646391,0.0
0.367,50.0,13.354574327972374,12.0,36.692117789817445,0.0
0.368,50.0,13.401219753644401,12.0,36.64542567202763,0.0
0.369,50.0,13.447818533890757,12.0,36.5987802463556,0.0
0.37,50.0,13.494370715356867,12.0,36.552181466109246,0.0
0.371,50.0,13.54087634464151,12.0,36.505629284643135,0.0
0.372,50.0,13.58733546829687,12.0,36.45912365535849,0.0
0.373,50.0,13.633748132828572,12.0,36.41266453170313,0.0
0.374,50.0,13.680114384695743,12.0,36.36625186717143,0.0
0.375,50.0,13.726434270311048,12.0,36.31988561530426,0.0
0.376,50.0,13.772707836040736,12.0,36.273565729688954,0.0
0.377,50.0,13.818935128204695,12.0,36.22729216395926,0.0
0.378,50.0,13.86511619307649,12.0,36.18106487179531,0.0
0.379,50.0,13.911251076883413,12.0,36.13488380692351,0.0
0.38,50.0,13.95733982580653,12.0,36.08874892311658,0.0
0.381,50.0,14.003382485980724,12.0,36.04266017419347,0.0
0.382,50.0,14.049379103494744,12.0,35.99661751401928,0.0
0.383,50.0,14.095329724391249,12.0,35.95062089650526,0.0
0.384,50.0,14.141234394666858,12.0,35.90467027560875,0.0
0.385,50.0,14.187093160272191,12.0,35.85876560533314,0.0
0.386,50.0,14.23290606711192,12.0,35.81290683972781,0.0
0.387,50.0,14.278673161044807,12.0,35.76709393288808,0.0
0.388,50.0,14.324394487883762,12.0,35.72132683895519,0.0
0.389,50.0,14.370070093395878,12.0,35.675605512116235,0.0
0.39,50.0,14.415700023302483,12.0,35.62992990660412,0.0
0.391,50.0,14.46128432327918,12.0,35.584299976697515,0.0
0.392,50.0,14.5068230389559,12.0,35.53871567672082,0.0
0.393,50.0,14.552316215916944,12.0,35.4931769610441,0.0
0.394,50.0,14.597763899701027,12.0,35.447683784083054,0.0
0.395,50.0,14.643166135801327,12.0,35.40223610029897,0.0
0.396,50.0,14.688522969665526,12.0,35.35683386419868,0.0
0.397,50.0,14.73383444669586,12.0,35.31147703033447,0.0
0.398,50.0,14.779100612249165,12.0,35.26616555330414,0.0
0.399,50.0,14.824321511636915,12.0,35.22089938775083,0.0
0.4,50.0,14.869497190125278,12.0,35.17567848836308,0.0
0.401,50.0,14.914627692935152,12.0,35.13050280987472,0.0
0.402,50.0,14.959713065242218,12.0,35.085372307064844,0.0
0.403,50.0,15.004753352176975,12.0,35.04028693475778,0.0
0.404,50.0,15.049748598824797,12.0,34.99524664782302,0.0
0.405,50.0,15.094698850225972,12.0,34.9502514011752,0.0
0.406,50.0,15.139604151375746,12.0,34.905301149774026,0.0
0.40700000000000003,50.0,15.184464547224371,12.0,34.86039584862425,0.0
0.40800000000000003,50.0,15.229280082677146,12.0,34.81553545277563,0.0
0.40900000000000003,50.0,15.27405080259447,12.0,34.77071991732285,0.0
0.41000000000000003,50.0,15.318776751791875,12.0,34.72594919740553,0.0
0.41100000000000003,50.0,15.363457975040083,12.0,34.68122324820813,0.0
0.41200000000000003,50.0,15.408094517065043,12.0,34.636542024959915,0.0
0.41300000000000003,50.0,15.452686422547979,12.0,34.591905482934955,0.0
0.41400000000000003,50.0,15.49723373612543,12.0,34.54731357745202,0.0
0.41500000000000004,50.0,15.541736502389305,12.0,34.50276626387457,0.0
0.41600000000000004,50.0,15.586194765886916,12.0,34.458263497610695,0.0
0.417,50.0,15.630608571121028,12.0,34.413805234113084,0.0
0.418,50.0,15.674977962549907,12.0,34.36939142887897,0.0
0.419,50.0,15.719302984587356,12.0,34.3250220374501,0.0
0.42,50.0,15.76358368160277,12.0,34.28069701541264,0.0
0.421,50.0,15.807820097921166,12.0,34.23641631839723,0.0
0.422,50.0,15.852012277823246,12.0,34.192179902078834,0.0
0.423,50.0,15.896160265545422,12.0,34.14798772217675,0.0
0.424,50.0,15.940264105279876,12.0,34.10383973445458,0.0
0.425,50.0,15.984323841174596,12.0,34.05973589472012,0.0
0.426,50.0,16.02833951733342,12.0,34.0156761588254,0.0
0.427,50.0,16.072311177816086,12.0,33.97166048266658,0.0
0.428,50.0,16.11623886663827,12.0,33.92768882218391,0.0
0.429,50.0,16.16012262777163,12.0,33.88376113336173,0.0
0.43,50.0,16.20396250514386,12.0,33.83987737222837,0.0
0.431,50.0,16.247758542638717,12.0,33.79603749485614,0.0
0.432,50.0,16.29151078409608,12.0,33.75224145736128,0.0
0.433,50.0,16.335219273311985,12.0,33.708489215903924,0.0
0.434,50.0,16.37888405403867,12.0,33.664780726688015,0.0
0.435,50.0,16.422505169984632,12.0,33.62111594596133,0.0
0.436,50.0,16.466082664814646,12.0,33.57749483001537,0.0
0.437,50.0,16.50961658214983,12.0,33.53391733518535,0.0
0.438,50.0,16.553106965567682,12.0,33.49038341785017,0.0
0.439,50.0,16.596553858602114,12.0,33.44689303443232,0.0
0.44,50.0,16.63995730474351,12.0,33.403446141397886,0.0
0.441,50.0,16.683317347438766,12.0,33.36004269525649,0.0
0.442,50.0,16.72663403009133,12.0,33.316682652561234,0.0
0.443,50.0,16.76990739606124,12.0,33.27336596990867,0.0
0.444,50.0,16.813137488665177,12.0,33.23009260393876,0.0
0.445,50.0,16.85632435117651,12.0,33.18686251133482,0.0
0.446,50.0,16.899468026825335,12.0,33.14367564882349,0.0
0.447,50.0,16.94256855879851,12.0,33.10053197317467,0.0
0.448,50.0,16.98562599023971,12.0,33.05743144120149,0.0
0.449,50.0,17.028640364249473,12.0,33.01437400976029,0.0
0.45,50.0,17.071611723885223,12.0,32.97135963575053,0.0
0.451,50.0,17.114540112161336,12.0,32.928388276114774,0.0
0.452,50.0,17.157425572049174,12.0,32.885459887838664,0.0
0.453,50.0,17.200268146477125,12.0,32.84257442795082,0.0
0.454,50.0,17.24306787833065,12.0,32.79973185352287,0.0
0.455,50.0,17.28582481045232,12.0,32.75693212166935,0.0
0.456,50.0,17.328538985641867,12.0,32.71417518954768,0.0
0.457,50.0,17.371210446656224,12.0,32.67146101435813,0.0
0.458,50.0,17.41383923620957,12.0,32.62878955334378,0.0
0.459,50.0,17.45642539697336,12.0,32.58616076379043,0.0
0.46,50.0,17.498968971576385,12.0,32.54357460302664,0.0
0.461,50.0,17.541470002604807,12.0,32.50103102842361,0.0
0.462,50.0,17.583928532602204,12.0,32.45852999739519,0.0
0.463,50.0,17.6263446040696,12.0,32.4160714673978,0.0
0.464,50.0,17.668718259465532,12.0,32.3736553959304,0.0
0.465,50.0,17.711049541206066,12.0,32.331281740534465,0.0
0.466,50.0,17.75333849166486,12.0,32.288950458793934,0.0
0.467,50.0,17.795585153173196,12.0,32.24666150833514,0.0
0.468,50.0,17.83778956802002,12.0,32.20441484682681,0.0
0.46900000000000003,50.0,17.879951778452,12.0,32.16221043197998,0.0
0.47000000000000003,50.0,17.922071826673548,12.0,32.120048221548004,0.0
0.47100000000000003,50.0,17.964149754846876,12.0,32.077928173326455,0.0
0.47200000000000003,50.0,18.00618560509203,12.0,32.03585024515313,0.0
0.47300000000000003,50.0,18.048179419486935,12.0,31.99381439490797,0.0
0.47400000000000003,50.0,18.09013124006745,12.0,31.951820580513065,0.0
0.47500000000000003,50.0,18.132041108827384,12.0,31.90986875993255,0.0
0.47600000000000003,50.0,18.173909067718558,12.0,31.867958891172616,0.0
0.47700000000000004,50.0,18.21573515865084,12.0,31.826090932281442,0.0
0.47800000000000004,50.0,18.25751942349219,12.0,31.78426484134916,0.0
0.47900000000000004,50.0,18.2992619040687,12.0,31.74248057650781,0.0
0.48,50.0,18.34096264216463,12.0,31.7007380959313,0.0
0.481,50.0,18.382621679522465,12.0,31.65903735783537,0.0
0.482,50.0,18.424239057842943,12.0,31.617378320477535,0.0
0.483,50.0,18.4658148187851,12.0,31.575760942157057,0.0
0.484,50.0,18.507349003966315,12.0,31.5341851812149,0.0
0.485,50.0,18.54884165496235,12.0,31.492650996033685,0.0
0.486,50.0,18.590292813307386,12.0,31.45115834503765,0.0
0.487,50.0,18.631702520494077,12.0,31.409707186692614,0.0
0.488,50.0,18.67307081797358,12.0,31.368297479505923,0.0
0.489,50.0,18.71439774715561,12.0,31.32692918202642,0.0
0.49,50.0,18.755683349408454,12.0,31.28560225284439,0.0
0.491,50.0,18.796927666059045,12.0,31.244316650591546,0.0
0.492,50.0,18.838130738392987,12.0,31.203072333940955,0.0
0.493,50.0,18.879292607654595,12.0,31.161869261607013,0.0
0.494,50.0,18.92041331504694,12.0,31.120707392345405,0.0
0.495,50.0,18.961492901731894,12.0,31.07958668495306,0.0
0.496,50.0,19.002531408830162,12.0,31.038507098268106,0.0
0.497,50.0,19.04352887742133,12.0,30.997468591169838,0.0
0.498,50.0,19.084485348543907,12.0,30.95647112257867,0.0
0.499,50.0,19.125400863195363,12.0,30.915514651456093,0.0
0.5,50.0,19.166275462332166,12.0,30.874599136804637,0.0
0.501,50.0,19.207109186869832,12.0,30.833724537667834,0.0
0.502,50.0,19.247902077682962,12.0,30.792890813130168,0.0
0.503,50.0,19.28865417560528,12.0,30.752097922317038,0.0
0.504,50.0,19.329365521429676,12.0,30.71134582439472,0.0
0.505,50.0,19.370036155908245,12.0,30.670634478570324,0.0
0.506,50.0,19.41066611975234,12.0,30.629963844091755,0.0
0.507,50.0,19.451255453632587,12.0,30.58933388024766,0.0
0.508,50.0,19.491804198178954,12.0,30.548744546367413,0.0
0.509,50.0,19.532312393980774,12.0,30.508195801821046,0.0
0.51,50.0,19.572780081586792,12.0,30.467687606019226,0.0
0.511,50.0,19.613207301505206,12.0,30.427219918413208,0.0
0.512,50.0,19.6535940942037,12.0,30.386792698494794,0.0
0.513,50.0,19.6939405001095,12.0,30.3464059057963,0.0
0.514,50.0,19.73424655960939,12.0,30.3060594998905,0.0
0.515,50.0,19.77451231304978,12.0,30.26575344039061,0.0
0.516,50.0,19.81473780073673,12.0,30.22548768695022,0.0
0.517,50.0,19.854923062935992,12.0,30.18526219926327,0.0
0.518,50.0,19.895068139873057,12.0,30.145076937064008,0.0
0.519,50.0,19.935173071733185,12.0,30.104931860126943,0.0
0.52,50.0,19.97523789866145,12.0,30.064826928266815,0.0
0.521,50.0,20.01526266076279,12.0,30.02476210133855,0.0
0.522,50.0,20.055247398102026,12.0,29.98473733923721,0.0
0.523,50.0,20.095192150703923,12.0,29.944752601897974,0.0
0.524,50.0,20.13509695855322,12.0,29.904807849296077,0.0
0.525,50.0,20.174961861594667,12.0,29.86490304144678,0.0
0.526,50.0,20.214786899733074,12.0,29.825038138405333,0.0
0.527,50.0,20.25457211283334,12.0,29.785213100266926,0.0
0.528,50.0,20.294317540720506,12.0,29.74542788716666,0.0
0.529,50.0,20.334023223179784,12.0,29.705682459279494,0.0
0.53,50.0,20.373689199956605,12.0,29.665976776820216,0.0
0.531,50.0,20.413315510756647,12.0,29.626310800043395,0.0
0.532,50.0,20.45290219524589,12.0,29.586684489243353,0.0
0.533,50.0,20.492449293050644,12.0,29.54709780475411,0.0
0.534,50.0,20.531956843757595,12.0,29.507550706949356,0.0
0.535,50.0,20.57142488691384,12.0,29.468043156242405,0.0
0.536,50.0,20.610853462026924,12.0,29.42857511308616,0.0
0.537,50.0,20.6502426085649,12.0,29.389146537973076,0.0
0.538,50.0,20.689592365956333,12.0,29.3497573914351,0.0
0.539,50.0,20.728902773590377,12.0,29.310407634043667,0.0
0.54,50.0,20.76817387081679,12.0,29.271097226409623,0.0
0.541,50.0,20.80740569694597,12.0,29.23182612918321,0.0
0.542,50.0,20.846598291249023,12.0,29.19259430305403,0.0
0.543,50.0,20.885751692957776,12.0,29.153401708750977,0.0
0.544,50.0,20.92486594126482,12.0,29.114248307042224,0.0
0.545,50.0,20.963941075323554,12.0,29.07513405873518,0.0
0.546,50.0,21.00297713424823,12.0,29.036058924676446,0.0
0.547,50.0,21.04197415711398,12.0,28.99702286575177,0.0
0.548,50.0,21.080932182956865,12.0,28.95802584288602,0.0
0.549,50.0,21.11985125077391,12.0,28.919067817043135,0.0
0.55,50.0,21.158731399523134,12.0,28.88014874922609,0.0
0.551,50.0,21.197572668123613,12.0,28.841268600476866,0.0
0.552,50.0,21.23637509545549,12.0,28.802427331876387,0.0
0.553,50.0,21.275138720360033,12.0,28.76362490454451,0.0
0.554,50.0,21.313863581639673,12.0,28.724861279639967,0.0
0.555,50.0,21.352549718058032,12.0,28.686136418360327,0.0
0.556,50.0,21.391197168339975,12.0,28.647450281941968,0.0
0.557,50.0,21.429805971171636,12.0,28.608802831660025,0.0
0.558,50.0,21.468376165200464,12.0,28.570194028828364,0.0
0.559,50.0,21.506907789035264,12.0,28.531623834799536,0.0
0.56,50.0,21.545400881246227,12.0,28.493092210964736,0.0
0.561,50.0,21.58385548036498,12.0,28.454599118753773,0.0
0.562,50.0,21.622271624884615,12.0,28.41614451963502,0.0
0.5630000000000001,50.0,21.66064935325973,12.0,28.377728375115385,0.0
0.5640000000000001,50.0,21.69898870390647,12.0,28.33935064674027,0.0
0.5650000000000001,50.0,21.737289715202564,12.0,28.30101129609353,0.0
0.5660000000000001,50.0,21.775552425487362,12.0,28.262710284797436,0.0
0.5670000000000001,50.0,21.813776873061876,12.0,28.224447574512638,0.0
0.5680000000000001,50.0,21.851963096188815,12.0,28.186223126938124,0.0
0.5690000000000001,50.0,21.890111133092628,12.0,28.148036903811185,0.0
0.5700000000000001,50.0,21.928221021959533,12.0,28.109888866907372,0.0
0.5710000000000001,50.0,21.966292800937573,12.0,28.071778978040467,0.0
0.5720000000000001,50.0,22.004326508136636,12.0,28.033707199062427,0.0
0.5730000000000001,50.0,22.0423221816285,12.0,27.995673491863364,0.0
0.5740000000000001,50.0,22.080279859446872,12.0,27.9576778183715,0.0
0.5750000000000001,50.0,22.118199579587426,12.0,27.919720140553128,0.0
0.5760000000000001,50.0,22.156081380007837,12.0,27.881800420412574,0.0
0.577,50.0,22.19392529862783,12.0,27.843918619992163,0.0
0.578,50.0,22.2317313733292,12.0,27.80607470137217,0.0
0.579,50.0,22.26949964195587,12.0,27.7682686266708,0.0
0.58,50.0,22.307230142313916,12.0,27.73050035804413,0.0
0.581,50.0,22.3449229121716,12.0,27.692769857686084,0.0
0.582,50.0,22.382577989259428,12.0,27.6550770878284,0.0
0.583,50.0,22.420195411270168,12.0,27.617422010740572,0.0
0.584,50.0,22.4577752158589,12.0,27.579804588729832,0.0
0.585,50.0,22.49531744064304,12.0,27.5422247841411,0.0
0.586,50.0,22.532822123202397,12.0,27.50468255935696,0.0
0.587,50.0,22.570289301079196,12.0,27.467177876797603,0.0
0.588,50.0,22.607719011778116,12.0,27.429710698920804,0.0
0.589,50.0,22.645111292766337,12.0,27.392280988221884,0.0
0.59,50.0,22.682466181473572,12.0,27.354888707233663,0.0
0.591,50.0,22.7197837152921,12.0,27.317533818526428,0.0
0.592,50.0,22.757063931576806,12.0,27.2802162847079,0.0
0.593,50.0,22.79430686764523,12.0,27.242936068423194,0.0
0.594,50.0,22.831512560777583,12.0,27.20569313235477,0.0
0.595,50.0,22.868681048216803,12.0,27.168487439222417,0.0
0.596,50.0,22.905812367168586,12.0,27.131318951783197,0.0
0.597,50.0,22.942906554801418,12.0,27.094187632831414,0.0
0.598,50.0,22.979963648246617,12.0,27.057093445198582,0.0
0.599,50.0,23.01698368459837,12.0,27.020036351753383,0.0
0.6,50.0,23.05396670091377,12.0,26.98301631540163,0.0
0.601,50.0,23.090912734212854,12.0,26.94603329908623,0.0
0.602,50.0,23.12782182147864,12.0,26.909087265787146,0.0
0.603,50.0,23.16469399965716,12.0,26.87217817852136,0.0
0.604,50.0,23.201529305657502,12.0,26.83530600034284,0.0
0.605,50.0,23.238327776351845,12.0,26.798470694342498,0.0
0.606,50.0,23.275089448575493,12.0,26.761672223648155,0.0
0.607,50.0,23.311814359126917,12.0,26.724910551424507,0.0
0.608,50.0,23.34850254476779,12.0,26.688185640873083,0.0
0.609,50.0,23.38515404222302,12.0,26.65149745523221,0.0
0.61,50.0,23.4217688881808,12.0,26.61484595777698,0.0
0.611,50.0,23.45834711929262,12.0,26.5782311118192,0.0
0.612,50.0,23.494888772173326,12.0,26.54165288070738,0.0
0.613,50.0,23.53139388340115,12.0,26.505111227826674,0.0
0.614,50.0,23.56786248951775,12.0,26.46860611659885,0.0
0.615,50.0,23.60429462702823,12.0,26.43213751048225,0.0
0.616,50.0,23.640690332401203,12.0,26.39570537297177,0.0
0.617,50.0,23.677049642068802,12.0,26.359309667598797,0.0
0.618,50.0,23.713372592426733,12.0,26.322950357931198,0.0
0.619,50.0,23.749659219834307,12.0,26.286627407573267,0.0
0.62,50.0,23.78590956061447,12.0,26.250340780165693,0.0
0.621,50.0,23.822123651053857,12.0,26.21409043938553,0.0
0.622,50.0,23.858301527402805,12.0,26.177876348946143,0.0
0.623,50.0,23.894443225875403,12.0,26.141698472597195,0.0
0.624,50.0,23.930548782649527,12.0,26.105556774124597,0.0
0.625,50.0,23.96661823386688,12.0,26.069451217350473,0.0
0.626,50.0,24.002651615633013,12.0,26.03338176613312,0.0
0.627,50.0,24.03864896401738,12.0,25.997348384366987,0.0
0.628,50.0,24.074610315053363,12.0,25.96135103598262,0.0
0.629,50.0,24.11053570473831,12.0,25.925389684946637,0.0
0.63,50.0,24.146425169033574,12.0,25.88946429526169,0.0
0.631,50.0,24.18227874386454,12.0,25.853574830966426,0.0
0.632,50.0,24.218096465120674,12.0,25.81772125613546,0.0
0.633,50.0,24.253878368655553,12.0,25.781903534879326,0.0
0.634,50.0,24.289624490286897,12.0,25.746121631344447,0.0
0.635,50.0,24.32533486579661,12.0,25.710375509713103,0.0
0.636,50.0,24.36100953093081,12.0,25.67466513420339,0.0
0.637,50.0,24.396648521399882,12.0,25.63899046906919,0.0
0.638,50.0,24.43225187287848,12.0,25.603351478600118,0.0
0.639,50.0,24.467819621005603,12.0,25.56774812712152,0.0
0.64,50.0,24.503351801384596,12.0,25.532180378994397,0.0
0.641,50.0,24.538848449583213,12.0,25.496648198615404,0.0
0.642,50.0,24.57430960113363,12.0,25.461151550416787,0.0
0.643,50.0,24.6097352915325,12.0,25.42569039886637,0.0
0.644,50.0,24.645125556240966,12.0,25.3902647084675,0.0
0.645,50.0,24.680480430684725,12.0,25.354874443759034,0.0
0.646,50.0,24.71579995025404,12.0,25.319519569315275,0.0
0.647,50.0,24.751084150303786,12.0,25.28420004974596,0.0
0.648,50.0,24.78633306615348,12.0,25.248915849696214,0.0
0.649,50.0,24.821546733087327,12.0,25.21366693384652,0.0
0.65,50.0,24.85672518635424,12.0,25.178453266912673,0.0
0.651,50.0,24.891868461167885,12.0,25.14327481364576,0.0
0.652,50.0,24.926976592706716,12.0,25.108131538832115,0.0
0.653,50.0,24.962049616114008,12.0,25.073023407293284,0.0
0.654,50.0,24.997087566497893,12.0,25.037950383885992,0.0
0.655,50.0,25.032090478931394,12.0,25.002912433502107,0.0
0.656,50.0,25.067058388452462,12.0,24.967909521068606,0.0
0.657,50.0,25.10199133006401,12.0,24.932941611547538,0.0
0.658,50.0,25.136889338733948,12.0,24.89800866993599,0.0
0.659,50.0,25.171752449395214,12.0,24.863110661266052,0.0
0.66,50.0,25.206580696945817,12.0,24.828247550604786,0.0
0.661,50.0,25.24137411624887,12.0,24.793419303054183,0.0
0.662,50.0,25.27613274213262,12.0,24.75862588375113,0.0
0.663,50.0,25.310856609390488,12.0,24.72386725786738,0.0
0.664,50.0,25.345545752781096,12.0,24.689143390609512,0.0
0.665,50.0,25.380200207028313,12.0,24.654454247218904,0.0
0.666,50.0,25.414820006821284,12.0,24.619799792971687,0.0
0.667,50.0,25.449405186814463,12.0,24.585179993178716,0.0
0.668,50.0,25.48395578162765,12.0,24.550594813185537,0.0
0.669,50.0,25.51847182584602,12.0,24.51604421837235,0.0
0.67,50.0,25.552953354020175,12.0,24.48152817415398,0.0
0.671,50.0,25.587400400666155,12.0,24.447046645979825,0.0
0.672,50.0,25.62181300026549,12.0,24.412599599333845,0.0
0.673,50.0,25.656191187265225,12.0,24.37818699973451,0.0
0.674,50.0,25.69053499607796,12.0,24.343808812734775,0.0
0.675,50.0,25.724844461081883,12.0,24.30946500392204,0.0
0.676,50.0,25.7591196166208,12.0,24.275155538918117,0.0
0.677,50.0,25.79336049700418,12.0,24.2408803833792,0.0
0.678,50.0,25.827567136507177,12.0,24.20663950299582,0.0
0.679,50.0,25.86173956937067,12.0,24.172432863492823,0.0
0.68,50.0,25.8958778298013,12.0,24.13826043062933,0.0
0.681,50.0,25.9299819519715,12.0,24.1041221701987,0.0
0.682,50.0,25.964051970019526,12.0,24.0700180480285,0.0
0.683,50.0,25.998087918049507,12.0,24.035948029980474,0.0
0.684,50.0,26.032089830131458,12.0,24.001912081950493,0.0
0.685,50.0,26.066057740301325,12.0,23.967910169868542,0.0
0.686,50.0,26.099991682561022,12.0,23.933942259698675,0.0
0.687,50.0,26.13389169087846,12.0,23.900008317438978,0.0
0.6880000000000001,50.0,26.167757799187584,12.0,23.86610830912154,0.0
0.6890000000000001,50.0,26.201590041388396,12.0,23.832242200812416,0.0
0.6900000000000001,50.0,26.235388451347006,12.0,23.798409958611604,0.0
0.6910000000000001,50.0,26.269153062895658,12.0,23.764611548652994,0.0
0.6920000000000001,50.0,26.30288390983276,12.0,23.730846937104342,0.0
0.6930000000000001,50.0,26.33658102592293,12.0,23.69711609016724,0.0
0.6940000000000001,50.0,26.370244444897004,12.0,23.66341897407707,0.0
0.6950000000000001,50.0,26.40387420045211,12.0,23.629755555102996,0.0
0.6960000000000001,50.0,26.437470326251656,12.0,23.59612579954789,0.0
0.6970000000000001,50.0,26.471032855925404,12.0,23.562529673748344,0.0
0.6980000000000001,50.0,26.50456182306948,12.0,23.528967144074596,0.0
0.6990000000000001,50.0,26.53805726124641,12.0,23.49543817693052,0.0
0.7000000000000001,50.0,26.571519203985165,12.0,23.46194273875359,0.0
0.7010000000000001,50.0,26.60494768478118,12.0,23.428480796014835,0.0
0.7020000000000001,50.0,26.638342737096398,12.0,23.39505231521882,0.0
0.7030000000000001,50.0,26.671704394359303,12.0,23.361657262903602,0.0
0.704,50.0,26.705032689964945,12.0,23.328295605640697,0.0
0.705,50.0,26.73832765727498,12.0,23.294967310035055,0.0
0.706,50.0,26.771589329617704,12.0,23.26167234272502,0.0
0.707,50.0,26.804817740288087,12.0,23.228410670382296,0.0
0.708,50.0,26.838012922547797,12.0,23.195182259711913,0.0
0.709,50.0,26.87117490962525,12.0,23.161987077452203,0.0
0.71,50.0,26.904303734715626,12.0,23.12882509037475,0.0
0.711,50.0,26.93739943098091,12.0,23.095696265284374,0.0
0.712,50.0,26.97046203154993,12.0,23.06260056901909,0.0
0.713,50.0,27.003491569518378,12.0,23.02953796845007,0.0
0.714,50.0,27.03648807794886,12.0,22.996508430481622,0.0
0.715,50.0,27.069451589870912,12.0,22.96351192205114,0.0
0.716,50.0,27.10238213828104,12.0,22.930548410129088,0.0
0.717,50.0,27.135279756142758,12.0,22.89761786171896,0.0
0.718,50.0,27.168144476386615,12.0,22.864720243857242,0.0
0.719,50.0,27.20097633191023,12.0,22.831855523613385,0.0
0.72,50.0,27.23377535557832,12.0,22.79902366808977,0.0
0.721,50.0,27.266541580222743,12.0,22.76622464442168,0.0
0.722,50.0,27.29927503864252,12.0,22.733458419777257,0.0
0.723,50.0,27.33197576360388,12.0,22.70072496135748,0.0
0.724,50.0,27.364643787840276,12.0,22.66802423639612,0.0
0.725,50.0,27.397279144052437,12.0,22.635356212159724,0.0
0.726,50.0,27.429881864908385,12.0,22.602720855947563,0.0
0.727,50.0,27.462451983043476,12.0,22.570118135091615,0.0
0.728,50.0,27.494989531060433,12.0,22.537548016956524,0.0
0.729,50.0,27.52749454152937,12.0,22.505010468939567,0.0
0.73,50.0,27.559967046987843,12.0,22.47250545847063,0.0
0.731,50.0,27.592407079940855,12.0,22.440032953012157,0.0
0.732,50.0,27.624814672860914,12.0,22.407592920059145,0.0
0.733,50.0,27.657189858188055,12.0,22.375185327139086,0.0
0.734,50.0,27.689532668329868,12.0,22.342810141811945,0.0
0.735,50.0,27.721843135661537,12.0,22.310467331670132,0.0
0.736,50.0,27.754121292525877,12.0,22.278156864338463,0.0
0.737,50.0,27.78636717123335,12.0,22.245878707474123,0.0
0.738,50.0,27.81858080406212,12.0,22.21363282876665,0.0
0.739,50.0,27.850762223258055,12.0,22.18141919593788,0.0
0.74,50.0,27.882911461034798,12.0,22.149237776741945,0.0
0.741,50.0,27.915028549573762,12.0,22.117088538965202,0.0
0.742,50.0,27.94711352102419,12.0,22.084971450426238,0.0
0.743,50.0,27.979166407503165,12.0,22.05288647897581,0.0
0.744,50.0,28.011187241095662,12.0,22.020833592496835,0.0
0.745,50.0,28.043176053854566,12.0,21.988812758904338,0.0
0.746,50.0,28.075132877800712,12.0,21.956823946145434,0.0
0.747,50.0,28.107057744922912,12.0,21.924867122199288,0.0
0.748,50.0,28.13895068717799,12.0,21.892942255077088,0.0
0.749,50.0,28.170811736490812,12.0,21.86104931282201,0.0
0.75,50.0,28.20264092475432,12.0,21.829188263509188,0.0
0.751,50.0,28.234438283829565,12.0,21.79735907524568,0.0
0.752,50.0,28.266203845545736,12.0,21.765561716170435,0.0
0.753,50.0,28.29793764170019,12.0,21.733796154454264,0.0
0.754,50.0,28.32963970405849,12.0,21.70206235829981,0.0
0.755,50.0,28.36131006435443,12.0,21.67036029594151,0.0
0.756,50.0,28.392948754290078,12.0,21.63868993564557,0.0
0.757,50.0,28.42455580553579,12.0,21.607051245709922,0.0
0.758,50.0,28.45613124973025,12.0,21.57544419446421,0.0
0.759,50.0,28.48767511848052,12.0,21.54386875026975,0.0
0.76,50.0,28.51918744336204,12.0,21.51232488151948,0.0
0.761,50.0,28.550668255918676,12.0,21.48081255663796,0.0
0.762,50.0,28.582117587662758,12.0,21.449331744081324,0.0
0.763,50.0,28.613535470075096,12.0,21.417882412337242,0.0
0.764,50.0,28.64492193460502,12.0,21.386464529924904,0.0
0.765,50.0,28.676277012670415,12.0,21.35507806539498,0.0
0.766,50.0,28.707600735657746,12.0,21.323722987329585,0.0
0.767,50.0,28.738893134922087,12.0,21.292399264342254,0.0
0.768,50.0,28.770154241787164,12.0,21.261106865077913,0.0
0.769,50.0,28.801384087545376,12.0,21.229845758212836,0.0
0.77,50.0,28.83258270345783,12.0,21.198615912454624,0.0
0.771,50.0,28.863750120754375,12.0,21.16741729654217,0.0
0.772,50.0,28.89488637063362,12.0,21.136249879245625,0.0
0.773,50.0,28.925991484262987,12.0,21.10511362936638,0.0
0.774,50.0,28.957065492778725,12.0,21.074008515737013,0.0
0.775,50.0,28.988108427285947,12.0,21.042934507221275,0.0
0.776,50.0,29.01912031885866,12.0,21.011891572714053,0.0
0.777,50.0,29.050101198539803,12.0,20.98087968114134,0.0
0.778,50.0,29.081051097341263,12.0,20.949898801460197,0.0
0.779,50.0,29.111970046243922,12.0,20.918948902658737,0.0
0.78,50.0,29.14285807619768,12.0,20.888029953756078,0.0
0.781,50.0,29.173715218121483,12.0,20.85714192380232,0.0
0.782,50.0,29.20454150290336,12.0,20.826284781878517,0.0
0.783,50.0,29.235336961400456,12.0,20.79545849709664,0.0
0.784,50.0,29.266101624439056,12.0,20.764663038599544,0.0
0.785,50.0,29.296835522814618,12.0,20.733898375560944,0.0
0.786,50.0,29.327538687291803,12.0,20.703164477185382,0.0
0.787,50.0,29.35821114860451,12.0,20.672461312708197,0.0
0.788,50.0,29.388852937455905,12.0,20.64178885139549,0.0
0.789,50.0,29.41946408451845,12.0,20.611147062544095,0.0
0.79,50.0,29.450044620433932,12.0,20.58053591548155,0.0
0.791,50.0,29.480594575813498,12.0,20.549955379566068,0.0
0.792,50.0,29.511113981237685,12.0,20.519405424186502,0.0
0.793,50.0,29.541602867256447,12.0,20.488886018762315,0.0
0.794,50.0,29.57206126438919,12.0,20.458397132743553,0.0
0.795,50.0,29.6024892031248,12.0,20.42793873561081,0.0
0.796,50.0,29.632886713921675,12.0,20.3975107968752,0.0
0.797,50.0,29.663253827207754,12.0,20.367113286078325,0.0
0.798,50.0,29.693590573380547,12.0,20.336746172792246,0.0
0.799,50.0,29.723896982807165,12.0,20.306409426619453,0.0
0.8,50.0,29.75417308582436,12.0,20.276103017192835,0.0
0.801,50.0,29.784418912738534,12.0,20.24582691417564,0.0
0.802,50.0,29.814634493825796,12.0,20.215581087261466,0.0
0.803,50.0,29.84481985933197,12.0,20.185365506174204,0.0
0.804,50.0,29.874975039472638,12.0,20.15518014066803,0.0
0.805,50.0,29.905100064433164,12.0,20.125024960527362,0.0
0.806,50.0,29.93519496436873,12.0,20.094899935566836,0.0
0.807,50.0,29.965259769404362,12.0,20.06480503563127,0.0
0.808,50.0,29.99529450963496,12.0,20.034740230595638,0.0
0.809,50.0,30.025299215125326,12.0,20.00470549036504,0.0
0.81,50.0,30.0552739159102,12.0,19.974700784874674,0.0
0.811,50.0,30.085218641994288,12.0,19.9447260840898,0.0
0.812,50.0,30.115133423352294,12.0,19.914781358005712,0.0
0.8130000000000001,50.0,30.14501828992894,12.0,19.884866576647706,0.0
0.8140000000000001,50.0,30.17487327163901,12.0,19.85498171007106,0.0
0.8150000000000001,50.0,30.204698398367373,12.0,19.82512672836099,0.0
0.8160000000000001,50.0,30.234493699969008,12.0,19.795301601632627,0.0
0.8170000000000001,50.0,30.26425920626904,12.0,19.765506300030992,0.0
0.8180000000000001,50.0,30.29399494706277,12.0,19.73574079373096,0.0
0.8190000000000001,50.0,30.323700952115708,12.0,19.70600505293723,0.0
0.8200000000000001,50.0,30.353377251163593,12.0,19.676299047884292,0.0
0.8210000000000001,50.0,30.38302387391243,12.0,19.646622748836407,0.0
0.8220000000000001,50.0,30.412640850038517,12.0,19.61697612608757,0.0
0.8230000000000001,50.0,30.442228209188478,12.0,19.587359149961483,0.0
0.8240000000000001,50.0,30.47178598097929,12.0,19.557771790811522,0.0
0.8250000000000001,50.0,30.50131419499831,12.0,19.52821401902071,0.0
0.8260000000000001,50.0,30.530812880803314,12.0,19.49868580500169,0.0
0.8270000000000001,50.0,30.56028206792251,12.0,19.469187119196686,0.0
0.8280000000000001,50.0,30.58972178585459,12.0,19.43971793207749,0.0
0.8290000000000001,50.0,30.619132064068733,12.0,19.41027821414541,0.0
0.8300000000000001,50.0,30.648512932004664,12.0,19.380867935931267,0.0
0.8310000000000001,50.0,30.67786441907266,12.0,19.351487067995336,0.0
0.8320000000000001,50.0,30.707186554653585,12.0,19.32213558092734,0.0
0.833,50.0,30.73647936809893,12.0,19.292813445346415,0.0
0.834,50.0,30.76574288873083,12.0,19.26352063190107,0.0
0.835,50.0,30.7949771458421,12.0,19.23425711126917,0.0
0.836,50.0,30.824182168696257,12.0,19.2050228541579,0.0
0.837,50.0,30.853357986527563,12.0,19.175817831303743,0.0
0.838,50.0,30.882504628541035,12.0,19.146642013472437,0.0
0.839,50.0,30.911622123912494,12.0,19.117495371458965,0.0
0.84,50.0,30.94071050178858,12.0,19.088377876087506,0.0
0.841,50.0,30.96976979128679,12.0,19.05928949821142,0.0
0.842,50.0,30.998800021495505,12.0,19.03023020871321,0.0
0.843,50.0,31.02780122147401,12.0,19.001199978504495,0.0
0.844,50.0,31.056773420252537,12.0,18.97219877852599,0.0
0.845,50.0,31.085716646832285,12.0,18.943226579747463,0.0
0.846,50.0,31.114630930185452,12.0,18.914283353167715,0.0
0.847,50.0,31.143516299255268,12.0,18.885369069814548,0.0
0.848,50.0,31.172372782956014,12.0,18.856483700744732,0.0
0.849,50.0,31.20120041017306,12.0,18.827627217043986,0.0
0.85,50.0,31.229999209762884,12.0,18.79879958982694,0.0
0.851,50.0,31.258769210553123,12.0,18.770000790237116,0.0
0.852,50.0,31.28751044134257,12.0,18.741230789446877,0.0
0.853,50.0,31.316222930901226,12.0,18.71248955865743,0.0
0.854,50.0,31.344906707970324,12.0,18.683777069098774,0.0
0.855,50.0,31.373561801262355,12.0,18.655093292029676,0.0
0.856,50.0,31.402188239461093,12.0,18.626438198737645,0.0
0.857,50.0,31.43078605122163,12.0,18.597811760538907,0.0
0.858,50.0,31.45935526517041,12.0,18.56921394877837,0.0
0.859,50.0,31.487895909905237,12.0,18.54064473482959,0.0
0.86,50.0,31.51640801399533,12.0,18.512104090094763,0.0
0.861,50.0,31.544891605981334,12.0,18.48359198600467,0.0
0.862,50.0,31.573346714375354,12.0,18.455108394018666,0.0
0.863,50.0,31.60177336766098,12.0,18.426653285624646,0.0
0.864,50.0,31.63017159429332,12.0,18.39822663233902,0.0
0.865,50.0,31.658541422699027,12.0,18.36982840570668,0.0
0.866,50.0,31.68688288127633,12.0,18.341458577300973,0.0
0.867,50.0,31.715195998395053,12.0,18.31311711872367,0.0
0.868,50.0,31.743480802396657,12.0,18.284804001604947,0.0
0.869,50.0,31.771737321594262,12.0,18.256519197603343,0.0
0.87,50.0,31.79996558427267,12.0,18.228262678405738,0.0
0.871,50.0,31.8281656186884,12.0,18.20003441572733,0.0
0.872,50.0,31.85633745306971,12.0,18.1718343813116,0.0
0.873,50.0,31.88448111561664,12.0,18.14366254693029,0.0
0.874,50.0,31.912596634501025,12.0,18.11551888438336,0.0
0.875,50.0,31.940684037866525,12.0,18.087403365498975,0.0
0.876,50.0,31.968743353828657,12.0,18.059315962133475,0.0
0.877,50.0,31.99677461047483,12.0,18.031256646171343,0.0
0.878,50.0,32.024777835864356,12.0,18.00322538952517,0.0
0.879,50.0,32.05275305802849,12.0,17.975222164135644,0.0
0.88,50.0,32.08070030497046,12.0,17.947246941971507,0.0
0.881,50.0,32.10861960466549,12.0,17.919299695029537,0.0
0.882,50.0,32.13651098506082,12.0,17.891380395334508,0.0
0.883,50.0,32.164374474075764,12.0,17.863489014939177,0.0
0.884,50.0,32.19221009960169,12.0,17.835625525924236,0.0
0.885,50.0,32.22001788950209,12.0,17.807789900398312,0.0
0.886,50.0,32.24779787161258,12.0,17.77998211049791,0.0
0.887,50.0,32.27555007374097,12.0,17.752202128387417,0.0
0.888,50.0,32.303274523667234,12.0,17.724449926259027,0.0
0.889,50.0,32.330971249143566,12.0,17.696725476332766,0.0
0.89,50.0,32.35864027789442,12.0,17.669028750856434,0.0
0.891,50.0,32.38628163761653,12.0,17.641359722105577,0.0
0.892,50.0,32.41389535597891,12.0,17.613718362383473,0.0
0.893,50.0,32.44148146062293,12.0,17.58610464402109,0.0
0.894,50.0,32.46903997916231,12.0,17.55851853937707,0.0
0.895,50.0,32.49657093918315,12.0,17.53096002083769,0.0
0.896,50.0,32.524074368243966,12.0,17.50342906081685,0.0
0.897,50.0,32.55155029387572,12.0,17.475925631756034,0.0
0.898,50.0,32.57899874358184,12.0,17.44844970612428,0.0
0.899,50.0,32.60641974483826,12.0,17.421001256418158,0.0
0.9,50.0,32.63381332509343,12.0,17.393580255161737,0.0
0.901,50.0,32.66117951176833,12.0,17.366186674906572,0.0
0.902,50.0,32.688518332256564,12.0,17.33882048823167,0.0
0.903,50.0,32.71582981392431,12.0,17.311481667743436,0.0
0.904,50.0,32.74311398411039,12.0,17.28417018607569,0.0
0.905,50.0,32.77037087012628,12.0,17.256886015889613,0.0
0.906,50.0,32.797600499256156,12.0,17.22962912987372,0.0
0.907,50.0,32.8248028987569,12.0,17.202399500743844,0.0
0.908,50.0,32.85197809585814,12.0,17.1751971012431,0.0
0.909,50.0,32.87912611776228,12.0,17.148021904141856,0.0
0.91,50.0,32.90624699164452,12.0,17.120873882237717,0.0
0.911,50.0,32.93334074465288,12.0,17.093753008355478,0.0
0.912,50.0,32.96040740390823,12.0,17.06665925534712,0.0
0.913,50.0,32.98744699650432,12.0,17.039592596091772,0.0
0.914,50.0,33.01445954950781,12.0,17.012553003495682,0.0
0.915,50.0,33.0414450899583,12.0,16.985540450492188,0.0
0.916,50.0,33.06840364486834,12.0,16.9585549100417,0.0
0.917,50.0,33.095335241223474,12.0,16.93159635513166,0.0
0.918,50.0,33.12223990598225,12.0,16.904664758776526,0.0
0.919,50.0,33.149117666076265,12.0,16.877760094017752,0.0
0.92,50.0,33.17596854841019,12.0,16.850882333923735,0.0
0.921,50.0,33.20279257986178,12.0,16.82403145158981,0.0
0.922,50.0,33.22958978728192,12.0,16.79720742013822,0.0
0.923,50.0,33.25636019749464,12.0,16.770410212718083,0.0
0.924,50.0,33.28310383729714,12.0,16.743639802505363,0.0
0.925,50.0,33.309820733459844,12.0,16.71689616270286,0.0
0.926,50.0,33.33651091272638,12.0,16.690179266540156,0.0
0.927,50.0,33.36317440181366,12.0,16.663489087273618,0.0
0.928,50.0,33.38981122741185,12.0,16.63682559818634,0.0
0.929,50.0,33.416421416184434,12.0,16.610188772588153,0.0
0.93,50.0,33.44300499476825,12.0,16.583578583815566,0.0
0.931,50.0,33.46956198977348,12.0,16.556995005231748,0.0
0.932,50.0,33.49609242778371,12.0,16.53043801022652,0.0
0.933,50.0,33.52259633535592,12.0,16.503907572216292,0.0
0.934,50.0,33.549073739020564,12.0,16.47740366464408,0.0
0.935,50.0,33.57552466528154,12.0,16.450926260979436,0.0
0.936,50.0,33.60194914061626,12.0,16.42447533471846,0.0
0.937,50.0,33.62834719147565,12.0,16.398050859383737,0.0
0.9380000000000001,50.0,33.65471884428417,12.0,16.371652808524352,0.0
0.9390000000000001,50.0,33.68106412543988,12.0,16.34528115571583,0.0
0.9400000000000001,50.0,33.707383061314445,12.0,16.31893587456012,0.0
0.9410000000000001,50.0,33.73367567825313,12.0,16.292616938685555,0.0
0.9420000000000001,50.0,33.759942002574874,12.0,16.266324321746872,0.0
0.9430000000000001,50.0,33.7861820605723,12.0,16.240057997425126,0.0
0.9440000000000001,50.0,33.81239587851173,12.0,16.2138179394277,0.0
0.9450000000000001,50.0,33.83858348263322,12.0,16.18760412148827,0.0
0.9460000000000001,50.0,33.86474489915059,12.0,16.16141651736678,0.0
0.9470000000000001,50.0,33.890880154251434,12.0,16.135255100849413,0.0
0.9480000000000001,50.0,33.91698927409718,12.0,16.109119845748566,0.0
0.9490000000000001,50.0,33.94307228482309,12.0,16.083010725902817,0.0
0.9500000000000001,50.0,33.96912921253826,12.0,16.05692771517691,0.0
0.9510000000000001,50.0,33.99516008332572,12.0,16.030870787461737,0.0
0.9520000000000001,50.0,34.021164923242395,12.0,16.00483991667428,0.0
0.9530000000000001,50.0,34.04714375831915,12.0,15.978835076757605,0.0
0.9540000000000001,50.0,34.07309661456083,12.0,15.952856241680848,0.0
0.9550000000000001,50.0,34.09902351794627,12.0,15.926903385439168,0.0
0.9560000000000001,50.0,34.12492449442833,12.0,15.900976482053728,0.0
0.9570000000000001,50.0,34.1507995699339,12.0,15.875075505571672,0.0
0.9580000000000001,50.0,34.17664877036397,12.0,15.849200430066098,0.0
0.9590000000000001,50.0,34.2024721215936,12.0,15.823351229636032,0.0
0.96,50.0,34.228269649472004,12.0,15.797527878406399,0.0
0.961,50.0,34.25404137982253,12.0,15.771730350527996,0.0
0.962,50.0,34.27978733844271,12.0,15.745958620177468,0.0
0.963,50.0,34.30550755110426,12.0,15.72021266155729,0.0
0.964,50.0,34.33120204355316,12.0,15.694492448895737,0.0
0.965,50.0,34.35687084150961,12.0,15.668797956446838,0.0
0.966,50.0,34.3825139706681,12.0,15.643129158490389,0.0
0.967,50.0,34.40813145669743,12.0,15.6174860293319,0.0
0.968,50.0,34.433723325240734,12.0,15.591868543302567,0.0
0.969,50.0,34.45928960191549,12.0,15.566276674759266,0.0
0.97,50.0,34.484830312313576,12.0,15.540710398084506,0.0
0.971,50.0,34.51034548200126,12.0,15.515169687686424,0.0
0.972,50.0,34.53583513651926,12.0,15.489654517998737,0.0
0.973,50.0,34.56129930138274,12.0,15.46416486348074,0.0
0.974,50.0,34.586738002081354,12.0,15.43870069861726,0.0
0.975,50.0,34.61215126407927,12.0,15.413261997918646,0.0
0.976,50.0,34.63753911281519,12.0,15.387848735920727,0.0
0.977,50.0,34.66290157370238,12.0,15.36246088718481,0.0
0.978,50.0,34.688238672128676,12.0,15.337098426297622,0.0
0.979,50.0,34.71355043345655,12.0,15.311761327871324,0.0
0.98,50.0,34.73883688302309,12.0,15.286449566543453,0.0
0.981,50.0,34.76409804614007,12.0,15.26116311697691,0.0
0.982,50.0,34.78933394809393,12.0,15.23590195385993,0.0
0.983,50.0,34.81454461414584,12.0,15.210666051906067,0.0
0.984,50.0,34.83973006953169,12.0,15.185455385854162,0.0
0.985,50.0,34.86489033946216,12.0,15.16026993046831,0.0
0.986,50.0,34.890025449122696,12.0,15.135109660537843,0.0
0.987,50.0,34.915135423673576,12.0,15.109974550877304,0.0
0.988,50.0,34.940220288249904,12.0,15.084864576326424,0.0
0.989,50.0,34.96528006796166,12.0,15.059779711750096,0.0
0.99,50.0,34.990314787893695,12.0,15.034719932038342,0.0
0.991,50.0,35.0153244731058,12.0,15.009685212106305,0.0
0.992,50.0,35.040309148632694,12.0,14.9846755268942,0.0
0.993,50.0,35.06526883948406,12.0,14.959690851367306,0.0
0.994,50.0,35.090203570644576,12.0,14.934731160515938,0.0
0.995,50.0,35.11511336707393,12.0,14.909796429355424,0.0
0.996,50.0,35.13999825370686,12.0,14.884886632926069,0.0
0.997,50.0,35.16485825545315,12.0,14.860001746293143,0.0
0.998,50.0,35.18969339719769,12.0,14.835141744546853,0.0
0.999,50.0,35.214503703800496,12.0,14.810306602802306,0.0
1.0,50.0,35.23928920009669,12.0,14.785496296199504,0.0
1.0010000000000001,50.0,35.264049910896595,12.0,14.760710799903308,0.0
1.002,50.0,35.2887858609857,12.0,14.735950089103405,0.0
1.0030000000000001,50.0,35.313497075124715,12.0,14.711214139014302,0.0
1.004,50.0,35.33818357804959,12.0,14.686502924875285,0.0
1.0050000000000001,50.0,35.362845394471535,12.0,14.661816421950412,0.0
1.006,50.0,35.38748254907706,12.0,14.637154605528465,0.0
1.0070000000000001,50.0,35.41209506652799,12.0,14.612517450922937,0.0
1.008,50.0,35.43668297146146,12.0,14.58790493347201,0.0
1.0090000000000001,50.0,35.461246288489995,12.0,14.563317028538542,0.0
1.01,50.0,35.485785042201506,12.0,14.538753711510005,0.0
1.0110000000000001,50.0,35.5102992571593,12.0,14.514214957798494,0.0
1.012,50.0,35.534788957902144,12.0,14.489700742840697,0.0
1.0130000000000001,50.0,35.55925416894424,12.0,14.465211042097856,0.0
1.014,50.0,35.5836949147753,12.0,14.440745831055757,0.0
1.0150000000000001,50.0,35.608111219860525,12.0,14.4163050852247,0.0
1.016,50.0,35.63250310864066,12.0,14.391888780139475,0.0
1.0170000000000001,50.0,35.65687060553202,12.0,14.367496891359337,0.0
1.018,50.0,35.68121373492649,12.0,14.34312939446798,0.0
1.0190000000000001,50.0,35.70553252119156,12.0,14.318786265073513,0.0
1.02,50.0,35.72982698867037,12.0,14.294467478808443,0.0
1.0210000000000001,50.0,35.7540971616817,12.0,14.270173011329632,0.0
1.022,50.0,35.778343064520016,12.0,14.245902838318301,0.0
1.0230000000000001,50.0,35.8025647214555,12.0,14.221656935479984,0.0
1.024,50.0,35.82676215673404,12.0,14.197435278544503,0.0
1.025,50.0,35.850935394577306,12.0,14.173237843265959,0.0
1.026,50.0,35.87508445918273,12.0,14.149064605422694,0.0
1.027,50.0,35.89920937472355,12.0,14.12491554081727,0.0
1.028,50.0,35.92331016534882,12.0,14.100790625276453,0.0
1.029,50.0,35.947386855183474,12.0,14.076689834651177,0.0
1.03,50.0,35.97143946832829,12.0,14.052613144816526,0.0
1.031,50.0,35.99546802885996,12.0,14.028560531671708,0.0
1.032,50.0,36.0194725608311,12.0,14.00453197114004,0.0
1.033,50.0,36.04345308827027,12.0,13.980527439168903,0.0
1.034,50.0,36.067409635181995,12.0,13.956546911729731,0.0
1.035,50.0,36.09134222554681,12.0,13.932590364818005,0.0
1.036,50.0,36.115250883321266,12.0,13.90865777445319,0.0
1.037,50.0,36.13913563243795,12.0,13.884749116678734,0.0
1.038,50.0,36.16299649680551,12.0,13.860864367562051,0.0
1.039,50.0,36.18683350030871,12.0,13.837003503194488,0.0
1.04,50.0,36.2106466668084,12.0,13.813166499691292,0.0
1.041,50.0,36.234436020141594,12.0,13.789353333191599,0.0
1.042,50.0,36.25820158412145,12.0,13.765563979858406,0.0
1.043,50.0,36.28194338253733,12.0,13.741798415878549,0.0
1.044,50.0,36.30566143915479,12.0,13.718056617462672,0.0
1.045,50.0,36.329355777715634,12.0,13.69433856084521,0.0
1.046,50.0,36.35302642193792,12.0,13.670644222284366,0.0
1.047,50.0,36.37667339551598,12.0,13.646973578062081,0.0
1.048,50.0,36.400296722120466,12.0,13.62332660448402,0.0
1.049,50.0,36.42389642539835,12.0,13.599703277879534,0.0
1.05,50.0,36.44747252897295,12.0,13.576103574601653,0.0
1.051,50.0,36.47102505644398,12.0,13.552527471027048,0.0
1.052,50.0,36.49455403138754,12.0,13.528974943556022,0.0
1.053,50.0,36.51805947735615,12.0,13.505445968612463,0.0
1.054,50.0,36.54154141787879,12.0,13.481940522643853,0.0
1.055,50.0,36.56499987646091,12.0,13.45845858212121,0.0
1.056,50.0,36.58843487658445,12.0,13.43500012353909,0.0
1.057,50.0,36.61184644170787,12.0,13.41156512341555,0.0
1.058,50.0,36.63523459526616,12.0,13.388153558292132,0.0
1.059,50.0,36.6585993606709,12.0,13.364765404733838,0.0
1.06,50.0,36.68194076131023,12.0,13.341400639329102,0.0
1.061,50.0,36.70525882054892,12.0,13.31805923868977,0.0
1.062,50.0,36.72855356172837,12.0,13.29474117945108,0.0
1.063,50.0,36.75182500816664,12.0,13.271446438271632,0.0
1.064,50.0,36.775073183158476,12.0,13.24817499183336,0.0
1.065,50.0,36.79829810997532,12.0,13.224926816841524,0.0
1.066,50.0,36.821499811865344,12.0,13.20170189002468,0.0
1.067,50.0,36.84467831205348,12.0,13.178500188134656,0.0
1.068,50.0,36.86783363374143,12.0,13.155321687946518,0.0
1.069,50.0,36.890965800107686,12.0,13.132166366258573,0.0
1.07,50.0,36.91407483430758,12.0,13.109034199892314,0.0
1.071,50.0,36.93716075947327,12.0,13.085925165692423,0.0
1.072,50.0,36.960223598713796,12.0,13.062839240526728,0.0
1.073,50.0,36.98326337511508,12.0,13.039776401286204,0.0
1.074,50.0,37.00628011173996,12.0,13.01673662488492,0.0
1.075,50.0,37.029273831628224,12.0,12.993719888260038,0.0
1.076,50.0,37.0522445577966,12.0,12.970726168371776,0.0
1.077,50.0,37.0751923132388,12.0,12.947755442203402,0.0
1.078,50.0,37.098117120925565,12.0,12.924807686761199,0.0
1.079,50.0,37.12101900380464,12.0,12.901882879074435,0.0
1.08,50.0,37.14389798480084,12.0,12.87898099619536,0.0
1.081,50.0,37.166754086816034,12.0,12.856102015199163,0.0
1.082,50.0,37.18958733272922,12.0,12.833245913183966,0.0
1.083,50.0,37.21239774539649,12.0,12.810412667270782,0.0
1.084,50.0,37.23518534765109,12.0,12.787602254603513,0.0
1.085,50.0,37.25795016230344,12.0,12.76481465234891,0.0
1.086,50.0,37.28069221214113,12.0,12.742049837696563,0.0
1.087,50.0,37.30341151992899,12.0,12.719307787858867,0.0
1.088,50.0,37.326108108409066,12.0,12.696588480071007,0.0
1.089,50.0,37.34878200030066,12.0,12.673891891590934,0.0
1.09,50.0,37.37143321830036,12.0,12.651217999699341,0.0
1.091,50.0,37.39406178508206,12.0,12.62856678169964,0.0
1.092,50.0,37.416667723296975,12.0,12.605938214917941,0.0
1.093,50.0,37.43925105557368,12.0,12.583332276703025,0.0
1.094,50.0,37.461811804518106,12.0,12.560748944426322,0.0
1.095,50.0,37.48434999271359,12.0,12.538188195481894,0.0
1.096,50.0,37.506865642720875,12.0,12.51565000728641,0.0
1.097,50.0,37.52935877707815,12.0,12.493134357279125,0.0
1.098,50.0,37.551829418301075,12.0,12.470641222921849,0.0
1.099,50.0,37.57427758888277,12.0,12.448170581698925,0.0
1.1,50.0,37.596703311293886,12.0,12.425722411117228,0.0
1.101,50.0,37.619106607982594,12.0,12.403296688706114,0.0
1.102,50.0,37.64148750137461,12.0,12.380893392017406,0.0
1.103,50.0,37.66384601387324,12.0,12.358512498625387,0.0
1.104,50.0,37.686182167859364,12.0,12.33615398612676,0.0
1.105,50.0,37.708495985691506,12.0,12.313817832140636,0.0
1.106,50.0,37.73078748970581,12.0,12.291504014308494,0.0
1.107,50.0,37.75305670221611,12.0,12.269212510294189,0.0
1.108,50.0,37.775303645513894,12.0,12.246943297783893,0.0
1.109,50.0,37.79752834186838,12.0,12.224696354486106,0.0
1.11,50.0,37.81973081352651,12.0,12.202471658131621,0.0
1.111,50.0,37.84191108271298,12.0,12.180269186473488,0.0
1.112,50.0,37.86406917163027,12.0,12.158088917287017,0.0
1.113,50.0,37.88620510245864,12.0,12.13593082836973,0.0
1.114,50.0,37.90831889735618,12.0,12.11379489754136,0.0
1.115,50.0,37.930410578458826,12.0,12.091681102643818,0.0
1.116,50.0,37.95248016788037,12.0,12.069589421541174,0.0
1.117,50.0,37.97452768771249,12.0,12.047519832119633,0.0
1.118,50.0,37.996553160024774,12.0,12.025472312287512,0.0
1.119,50.0,38.01855660686475,12.0,12.003446839975226,0.0
1.12,50.0,38.04053805025789,12.0,11.981443393135251,0.0
1.121,50.0,38.06249751220763,12.0,11.959461949742114,0.0
1.122,50.0,38.08443501469542,12.0,11.937502487792372,0.0
1.123,50.0,38.10635057968073,12.0,11.915564985304577,0.0
1.124,50.0,38.12824422910105,12.0,11.89364942031927,0.0
1.125,50.0,38.150115984871945,12.0,11.87175577089895,0.0
1.1260000000000001,50.0,38.17196586888707,12.0,11.849884015128055,0.0
1.127,50.0,38.19379390301818,12.0,11.82803413111293,0.0
1.1280000000000001,50.0,38.215600109115165,12.0,11.806206096981818,0.0
1.129,50.0,38.23738450900605,12.0,11.784399890884835,0.0
1.1300000000000001,50.0,38.25914712449704,12.0,11.762615490993952,0.0
1.131,50.0,38.280887977372544,12.0,11.74085287550296,0.0
1.1320000000000001,50.0,38.302607089395174,12.0,11.719112022627456,0.0
1.133,50.0,38.32430448230578,12.0,11.697392910604826,0.0
1.1340000000000001,50.0,38.34598017782347,12.0,11.675695517694223,0.0
1.135,50.0,38.36763419764565,12.0,11.65401982217653,0.0
1.1360000000000001,50.0,38.389266563448004,12.0,11.63236580235435,0.0
1.137,50.0,38.41087729688456,12.0,11.610733436551996,0.0
1.1380000000000001,50.0,38.43246641958767,12.0,11.589122703115443,0.0
1.139,50.0,38.45403395316808,12.0,11.56753358041233,0.0
1.1400000000000001,50.0,38.47557991921491,12.0,11.545966046831921,0.0
1.141,50.0,38.497104339295696,12.0,11.524420080785092,0.0
1.1420000000000001,50.0,38.5186072349564,12.0,11.502895660704304,0.0
1.143,50.0,38.540088627721445,12.0,11.481392765043601,0.0
1.1440000000000001,50.0,38.56154853909372,12.0,11.459911372278555,0.0
1.145,50.0,38.58298699055463,12.0,11.438451460906279,0.0
1.1460000000000001,50.0,38.60440400356408,12.0,11.41701300944537,0.0
1.147,50.0,38.625799599560516,12.0,11.395595996435922,0.0
1.1480000000000001,50.0,38.64717379996095,12.0,11.374200400439484,0.0
1.149,50.0,38.66852662616099,12.0,11.352826200039047,0.0
1.1500000000000001,50.0,38.68985809953483,12.0,11.33147337383901,0.0
1.151,50.0,38.711168241435296,12.0,11.310141900465169,0.0
1.1520000000000001,50.0,38.73245707319386,12.0,11.288831758564704,0.0
1.153,50.0,38.75372461612067,12.0,11.267542926806136,0.0
1.154,50.0,38.77497089150455,12.0,11.246275383879329,0.0
1.155,50.0,38.796195920613044,12.0,11.225029108495448,0.0
1.156,50.0,38.81739972469243,12.0,11.203804079386956,0.0
1.157,50.0,38.83858232496774,12.0,11.182600275307571,0.0
1.158,50.0,38.85974374264277,12.0,11.161417675032261,0.0
1.159,50.0,38.880883998900124,12.0,11.14025625735723,0.0
1.16,50.0,38.90200311490123,12.0,11.119116001099876,0.0
1.161,50.0,38.92310111178632,12.0,11.097996885098773,0.0
1.162,50.0,38.944178010674534,12.0,11.076898888213677,0.0
1.163,50.0,38.96523383266386,12.0,11.055821989325466,0.0
1.164,50.0,38.9862685988312,12.0,11.034766167336137,0.0
1.165,50.0,39.00728233023237,12.0,11.013731401168798,0.0
1.166,50.0,39.02827504790214,12.0,10.992717669767629,0.0
1.167,50.0,39.04924677285424,12.0,10.971724952097858,0.0
1.168,50.0,39.07019752608139,12.0,10.95075322714576,0.0
1.169,50.0,39.0911273285553,12.0,10.929802473918613,0.0
1.17,50.0,39.11203620122674,12.0,10.908872671444698,0.0
1.171,50.0,39.132924165025514,12.0,10.887963798773256,0.0
1.172,50.0,39.153791240860485,12.0,10.867075834974486,0.0
1.173,50.0,39.174637449619624,12.0,10.846208759139515,0.0
1.174,50.0,39.19546281217001,12.0,10.825362550380376,0.0
1.175,50.0,39.216267349357835,12.0,10.804537187829993,0.0
1.176,50.0,39.23705108200848,12.0,10.783732650642165,0.0
1.177,50.0,39.25781403092647,12.0,10.762948917991523,0.0
1.178,50.0,39.278556216895545,12.0,10.742185969073532,0.0
1.179,50.0,39.29927766067865,12.0,10.721443783104455,0.0
1.18,50.0,39.31997838301797,12.0,10.700722339321352,0.0
1.181,50.0,39.34065840463495,12.0,10.680021616982032,0.0
1.182,50.0,39.36131774623031,12.0,10.65934159536505,0.0
1.183,50.0,39.38195642848408,12.0,10.638682253769687,0.0
1.184,50.0,39.4025744720556,12.0,10.61804357151592,0.0
1.185,50.0,39.42317189758354,12.0,10.597425527944402,0.0
1.186,50.0,39.44374872568596,12.0,10.576828102416457,0.0
1.187,50.0,39.46430497696027,12.0,10.556251274314043,0.0
1.188,50.0,39.484840671983314,12.0,10.535695023039729,0.0
1.189,50.0,39.50535583131133,12.0,10.515159328016686,0.0
1.19,50.0,39.52585047548001,12.0,10.494644168688673,0.0
1.191,50.0,39.54632462500453,12.0,10.474149524519987,0.0
1.192,50.0,39.566778300379525,12.0,10.45367537499547,0.0
1.193,50.0,39.587211522079144,12.0,10.433221699620475,0.0
1.194,50.0,39.607624310557064,12.0,10.412788477920856,0.0
1.195,50.0,39.628016686246504,12.0,10.392375689442936,0.0
1.196,50.0,39.648388669560255,12.0,10.371983313753496,0.0
1.197,50.0,39.668740280890695,12.0,10.351611330439745,0.0
1.198,50.0,39.6890715406098,12.0,10.331259719109305,0.0
1.199,50.0,39.70938246906919,12.0,10.310928459390198,0.0
1.2,50.0,39.72967308660012,12.0,10.29061753093081,0.0
1.201,50.0,39.74994341351352,12.0,10.270326913399877,0.0
1.202,50.0,39.770193470100004,12.0,10.25005658648648,0.0
1.203,50.0,39.7904232766299,12.0,10.229806529899996,0.0
1.204,50.0,39.81063285335327,12.0,10.209576723370098,0.0
1.205,50.0,39.83082222049992,12.0,10.189367146646731,0.0
1.206,50.0,39.85099139827942,12.0,10.169177779500082,0.0
1.207,50.0,39.87114040688114,12.0,10.149008601720581,0.0
1.208,50.0,39.89126926647426,12.0,10.128859593118861,0.0
1.209,50.0,39.91137799720779,12.0,10.10873073352574,0.0
1.21,50.0,39.93146661921058,12.0,10.088622002792214,0.0
1.211,50.0,39.95153515259137,12.0,10.068533380789418,0.0
1.212,50.0,39.971583617438775,12.0,10.048464847408631,0.0
1.213,50.0,39.99161203382133,12.0,10.028416382561225,0.0
1.214,50.0,40.01162042178751,12.0,10.008387966178667,0.0
1.215,50.0,40.03160880136573,12.0,9.988379578212488,0.0
1.216,50.0,40.05157719256436,12.0,9.968391198634272,0.0
1.217,50.0,40.0715256153718,12.0,9.948422807435641,0.0
1.218,50.0,40.091454089756425,12.0,9.928474384628203,0.0
1.219,50.0,40.111362635666666,12.0,9.908545910243575,0.0
1.22,50.0,40.131251273031,12.0,9.888637364333334,0.0
1.221,50.0,40.15112002175797,12.0,9.868748726969002,0.0
1.222,50.0,40.17096890173621,12.0,9.848879978242032,0.0
1.223,50.0,40.19079793283447,12.0,9.82903109826379,0.0
1.224,50.0,40.210607134901636,12.0,9.80920206716553,0.0
1.225,50.0,40.230396527766736,12.0,9.789392865098364,0.0
1.226,50.0,40.25016613123897,12.0,9.769603472233264,0.0
1.227,50.0,40.26991596510773,12.0,9.74983386876103,0.0
1.228,50.0,40.28964604914262,12.0,9.730084034892272,0.0
1.229,50.0,40.309356403093474,12.0,9.710353950857382,0.0
1.23,50.0,40.329047046690384,12.0,9.690643596906526,0.0
1.231,50.0,40.348717999643696,12.0,9.670952953309616,0.0
1.232,50.0,40.36836928164405,12.0,9.651282000356304,0.0
1.233,50.0,40.38800091236241,12.0,9.63163071835595,0.0
1.234,50.0,40.407612911450045,12.0,9.611999087637592,0.0
1.235,50.0,40.427205298538595,12.0,9.592387088549955,0.0
1.236,50.0,40.446778093240056,12.0,9.572794701461405,0.0
1.237,50.0,40.46633131514682,12.0,9.553221906759944,0.0
1.238,50.0,40.48586498383167,12.0,9.533668684853183,0.0
1.239,50.0,40.505379118847834,12.0,9.514135016168332,0.0
1.24,50.0,40.52487373972899,12.0,9.494620881152166,0.0
1.241,50.0,40.54434886598926,12.0,9.475126260271011,0.0
1.242,50.0,40.563804517123266,12.0,9.455651134010743,0.0
1.243,50.0,40.58324071260614,12.0,9.436195482876734,0.0
1.244,50.0,40.60265747189354,12.0,9.416759287393859,0.0
1.245,50.0,40.622054814421645,12.0,9.397342528106464,0.0
1.246,50.0,40.64143275960723,12.0,9.377945185578355,0.0
1.247,50.0,40.66079132684762,12.0,9.358567240392773,0.0
1.248,50.0,40.680130535520775,12.0,9.339208673152378,0.0
1.249,50.0,40.69945040498526,12.0,9.319869464479225,0.0
1.25,50.0,40.71875095458027,12.0,9.300549595014743,0.0
1.2510000000000001,50.0,40.73803220362569,12.0,9.281249045419727,0.0
1.252,50.0,40.75729417142207,12.0,9.261967796374307,0.0
1.2530000000000001,50.0,40.77653687725064,12.0,9.242705828577932,0.0
1.254,50.0,40.79576034037339,12.0,9.223463122749358,0.0
1.2550000000000001,50.0,40.81496458003302,12.0,9.204239659626609,0.0
1.256,50.0,40.834149615452986,12.0,9.18503541996698,0.0
1.2570000000000001,50.0,40.85331546583753,12.0,9.165850384547014,0.0
1.258,50.0,40.872462150371696,12.0,9.146684534162468,0.0
1.2590000000000001,50.0,40.89158968822132,12.0,9.127537849628304,0.0
1.26,50.0,40.9106980985331,12.0,9.108410311778677,0.0
1.2610000000000001,50.0,40.92978740043457,12.0,9.089301901466897,0.0
1.262,50.0,40.948857613034136,12.0,9.07021259956543,0.0
1.2630000000000001,50.0,40.9679087554211,12.0,9.051142386965864,0.0
1.264,50.0,40.986940846665675,12.0,9.0320912445789,0.0
1.2650000000000001,50.0,41.00595390581901,12.0,9.013059153334325,0.0
1.266,50.0,41.02494795191319,12.0,8.994046094180987,0.0
1.2670000000000001,50.0,41.043923003961275,12.0,8.975052048086809,0.0
1.268,50.0,41.062879080957316,12.0,8.956076996038725,0.0
1.2690000000000001,50.0,41.08181620187636,12.0,8.937120919042684,0.0
1.27,50.0,41.10073438567448,12.0,8.918183798123643,0.0
1.2710000000000001,50.0,41.1196336512888,12.0,8.899265614325522,0.0
1.272,50.0,41.13851401763751,12.0,8.880366348711199,0.0
1.2730000000000001,50.0,41.157375503619875,12.0,8.861485982362488,0.0
1.274,50.0,41.176218128116254,12.0,8.842624496380125,0.0
1.2750000000000001,50.0,41.195041909988134,12.0,8.823781871883746,0.0
1.276,50.0,41.21384686807814,12.0,8.804958090011866,0.0
1.2770000000000001,50.0,41.23263302121006,12.0,8.786153131921857,0.0
1.278,50.0,41.251400388188856,12.0,8.767366978789937,0.0
1.2790000000000001,50.0,41.27014898780067,12.0,8.748599611811144,0.0
1.28,50.0,41.28887883881286,12.0,8.729851012199333,0.0
1.281,50.0,41.30758995997405,12.0,8.711121161187137,0.0
1.282,50.0,41.32628237001408,12.0,8.692410040025948,0.0
1.283,50.0,41.344956087644064,12.0,8.673717629985923,0.0
1.284,50.0,41.36361113155642,12.0,8.655043912355936,0.0
1.285,50.0,41.38224752042486,12.0,8.636388868443582,0.0
1.286,50.0,41.40086527290444,12.0,8.617752479575138,0.0
1.287,50.0,41.41946440763154,12.0,8.59913472709556,0.0
1.288,50.0,41.43804494322391,12.0,8.580535592368463,0.0
1.289,50.0,41.45660689828068,12.0,8.561955056776092,0.0
1.29,50.0,41.4751502913824,12.0,8.543393101719317,0.0
1.291,50.0,41.49367514109102,12.0,8.524849708617602,0.0
1.292,50.0,41.51218146594993,12.0,8.506324858908982,0.0
1.293,50.0,41.53066928448398,12.0,8.48781853405007,0.0
1.294,50.0,41.549138615199496,12.0,8.469330715516023,0.0
1.295,50.0,41.567589476584295,12.0,8.450861384800504,0.0
1.296,50.0,41.58602188710771,12.0,8.432410523415705,0.0
1.297,50.0,41.6044358652206,12.0,8.413978112892288,0.0
1.298,50.0,41.62283142935538,12.0,8.395564134779399,0.0
1.299,50.0,41.641208597926024,12.0,8.37716857064462,0.0
1.3,50.0,41.659567389328096,12.0,8.358791402073976,0.0
1.301,50.0,41.67790782193877,12.0,8.340432610671904,0.0
1.302,50.0,41.69622991411683,12.0,8.322092178061233,0.0
1.303,50.0,41.71453368420271,12.0,8.303770085883173,0.0
1.304,50.0,41.73281915051851,12.0,8.285466315797287,0.0
1.305,50.0,41.75108633136799,12.0,8.267180849481491,0.0
1.306,50.0,41.76933524503662,12.0,8.248913668632007,0.0
1.307,50.0,41.78756590979159,12.0,8.230664754963378,0.0
1.308,50.0,41.8057783438818,12.0,8.212434090208411,0.0
1.309,50.0,41.823972565537915,12.0,8.194221656118202,0.0
1.31,50.0,41.84214859297238,12.0,8.176027434462085,0.0
1.311,50.0,41.860306444379404,12.0,8.157851407027621,0.0
1.312,50.0,41.87844613793502,12.0,8.139693555620596,0.0
1.313,50.0,41.89656769179709,12.0,8.121553862064978,0.0
1.314,50.0,41.91467112410529,12.0,8.103432308202912,0.0
1.315,50.0,41.93275645298119,12.0,8.08532887589471,0.0
1.316,50.0,41.950823696528204,12.0,8.067243547018812,0.0
1.317,50.0,41.968872872831675,12.0,8.049176303471796,0.0
1.318,50.0,41.98690399995884,12.0,8.031127127168325,0.0
1.319,50.0,42.00491709595888,12.0,8.013096000041159,0.0
1.32,50.0,42.022912178862924,12.0,7.995082904041119,0.0
1.321,50.0,42.04088926668406,12.0,7.977087821137076,0.0
1.322,50.0,42.05884837741738,12.0,7.9591107333159385,0.0
1.323,50.0,42.07678952903996,12.0,7.941151622582623,0.0
1.324,50.0,42.09471273951092,12.0,7.9232104709600435,0.0
1.325,50.0,42.11261802677141,12.0,7.905287260489082,0.0
1.326,50.0,42.13050540874464,12.0,7.887381973228592,0.0
1.327,50.0,42.14837490333589,12.0,7.869494591255361,0.0
1.328,50.0,42.16622652843255,12.0,7.851625096664108,0.0
1.329,50.0,42.18406030190412,12.0,7.833773471567447,0.0
1.33,50.0,42.201876241602214,12.0,7.815939698095882,0.0
1.331,50.0,42.21967436536061,12.0,7.798123758397786,0.0
1.332,50.0,42.23745469099525,12.0,7.780325634639389,0.0
1.333,50.0,42.255217236304254,12.0,7.76254530900475,0.0
1.334,50.0,42.27296201906795,12.0,7.744782763695746,0.0
1.335,50.0,42.29068905704888,12.0,7.727037980932053,0.0
1.336,50.0,42.30839836799183,12.0,7.70931094295112,0.0
1.337,50.0,42.32608996962384,12.0,7.691601632008172,0.0
1.338,50.0,42.34376387965421,12.0,7.673910030376163,0.0
1.339,50.0,42.36142011577456,12.0,7.656236120345788,0.0
1.34,50.0,42.379058695658784,12.0,7.638579884225443,0.0
1.341,50.0,42.39667963696313,12.0,7.6209413043412155,0.0
1.342,50.0,42.414282957326165,12.0,7.603320363036872,0.0
1.343,50.0,42.431868674368836,12.0,7.585717042673835,0.0
1.344,50.0,42.44943680569447,12.0,7.568131325631164,0.0
1.345,50.0,42.46698736888877,12.0,7.550563194305532,0.0
1.346,50.0,42.484520381519886,12.0,7.533012631111227,0.0
1.347,50.0,42.50203586113837,12.0,7.515479618480114,0.0
1.348,50.0,42.51953382527723,12.0,7.497964138861633,0.0
1.349,50.0,42.53701429145195,12.0,7.480466174722771,0.0
1.35,50.0,42.5544772771605,12.0,7.462985708548047,0.0
1.351,50.0,42.57192279988334,12.0,7.445522722839499,0.0
1.352,50.0,42.589350877083454,12.0,7.428077200116661,0.0
1.353,50.0,42.60676152620637,12.0,7.410649122916546,0.0
1.354,50.0,42.62415476468016,12.0,7.39323847379363,0.0
1.355,50.0,42.641530609915485,12.0,7.3758452353198365,0.0
1.356,50.0,42.65888907930557,12.0,7.358469390084515,0.0
1.357,50.0,42.67623019022626,12.0,7.341110920694433,0.0
1.358,50.0,42.693553960036034,12.0,7.3237698097737365,0.0
1.359,50.0,42.710860406076,12.0,7.306446039963966,0.0
1.36,50.0,42.72814954566993,12.0,7.2891395939239985,0.0
1.361,50.0,42.74542139612426,12.0,7.271850454330071,0.0
1.362,50.0,42.76267597472813,12.0,7.254578603875743,0.0
1.363,50.0,42.77991329875341,12.0,7.237324025271867,0.0
1.364,50.0,42.79713338545465,12.0,7.2200867012465935,0.0
1.365,50.0,42.8143362520692,12.0,7.20286661454535,0.0
1.366,50.0,42.83152191581713,12.0,7.185663747930803,0.0
1.367,50.0,42.84869039390131,12.0,7.168478084182873,0.0
1.368,50.0,42.86584170350741,12.0,7.1513096060986925,0.0
1.369,50.0,42.8829758618039,12.0,7.134158296492593,0.0
1.37,50.0,42.900092885942094,12.0,7.117024138196101,0.0
1.371,50.0,42.91719279305615,12.0,7.099907114057906,0.0
1.372,50.0,42.9342756002631,12.0,7.082807206943848,0.0
1.373,50.0,42.951341324662835,12.0,7.065724399736901,0.0
1.374,50.0,42.96838998333817,12.0,7.048658675337165,0.0
1.375,50.0,42.98542159335483,12.0,7.03161001666183,0.0
1.3760000000000001,50.0,43.002436171761474,12.0,7.014578406645171,0.0
1.377,50.0,43.019433735589715,12.0,6.997563828238526,0.0
1.3780000000000001,50.0,43.03641430185412,12.0,6.980566264410285,0.0
1.379,50.0,43.053377887552266,12.0,6.963585698145877,0.0
1.3800000000000001,50.0,43.070324509664715,12.0,6.946622112447734,0.0
1.381,50.0,43.087254185155054,12.0,6.929675490335285,0.0
1.3820000000000001,50.0,43.104166930969896,12.0,6.912745814844946,0.0
1.383,50.0,43.121062764038925,12.0,6.895833069030104,0.0
1.3840000000000001,50.0,43.13794170127488,12.0,6.878937235961075,0.0
1.385,50.0,43.15480375957361,12.0,6.862058298725117,0.0
1.3860000000000001,50.0,43.171648955814035,12.0,6.8451962404263895,0.0
1.387,50.0,43.18847730685822,12.0,6.828351044185965,0.0
1.3880000000000001,50.0,43.20528882955136,12.0,6.811522693141782,0.0
1.389,50.0,43.222083540721805,12.0,6.794711170448643,0.0
1.3900000000000001,50.0,43.23886145718108,12.0,6.777916459278195,0.0
1.391,50.0,43.2556225957239,12.0,6.7611385428189195,0.0
1.3920000000000001,50.0,43.27236697312818,12.0,6.744377404276101,0.0
1.393,50.0,43.289094606155054,12.0,6.727633026871821,0.0
1.3940000000000001,50.0,43.3058055115489,12.0,6.710905393844946,0.0
1.395,50.0,43.32249970603735,12.0,6.694194488451103,0.0
1.3960000000000001,50.0,43.339177206331314,12.0,6.677500293962652,0.0
1.397,50.0,43.35583802912498,12.0,6.660822793668686,0.0
1.3980000000000001,50.0,43.372482191095855,12.0,6.644161970875018,0.0
1.399,50.0,43.38910970890476,12.0,6.627517808904145,0.0
1.4000000000000001,50.0,43.40572059919586,12.0,6.610890291095238,0.0
1.401,50.0,43.422314878596666,12.0,6.59427940080414,0.0
1.4020000000000001,50.0,43.43889256371807,12.0,6.577685121403334,0.0
1.403,50.0,43.45545367115435,12.0,6.5611074362819295,0.0
1.4040000000000001,50.0,43.4719982174832,12.0,6.544546328845648,0.0
1.405,50.0,43.488526219265715,12.0,6.528001782516803,0.0
1.4060000000000001,50.0,43.50503769304645,12.0,6.511473780734285,0.0
1.407,50.0,43.5215326553534,12.0,6.494962306953553,0.0
1.408,50.0,43.538011122698045,12.0,6.478467344646603,0.0
1.409,50.0,43.55447311157535,12.0,6.461988877301955,0.0
1.41,50.0,43.57091863846377,12.0,6.445526888424652,0.0
1.411,50.0,43.58734771982531,12.0,6.429081361536227,0.0
1.412,50.0,43.603760372105484,12.0,6.41265228017469,0.0
1.413,50.0,43.62015661173338,12.0,6.396239627894516,0.0
1.414,50.0,43.63653645512164,12.0,6.379843388266622,0.0
1.415,50.0,43.65289991866652,12.0,6.363463544878357,0.0
1.416,50.0,43.66924701874785,12.0,6.34710008133348,0.0
1.417,50.0,43.68557777172911,12.0,6.330752981252147,0.0
1.418,50.0,43.70189219395738,12.0,6.314422228270892,0.0
1.419,50.0,43.71819030176342,12.0,6.298107806042623,0.0
1.42,50.0,43.734472111461656,12.0,6.281809698236579,0.0
1.421,50.0,43.75073763935019,12.0,6.265527888538344,0.0
1.422,50.0,43.766986901710844,12.0,6.249262360649809,0.0
1.423,50.0,43.78321991480913,12.0,6.233013098289156,0.0
1.424,50.0,43.79943669489432,12.0,6.216780085190869,0.0
1.425,50.0,43.81563725819942,12.0,6.200563305105682,0.0
1.426,50.0,43.83182162094123,12.0,6.184362741800577,0.0
1.427,50.0,43.84798979932029,12.0,6.168178379058773,0.0
1.428,50.0,43.864141809520966,12.0,6.152010200679712,0.0
1.429,50.0,43.88027766771145,12.0,6.135858190479034,0.0
1.43,50.0,43.89639739004374,12.0,6.1197223322885534,0.0
1.431,50.0,43.9125009926537,12.0,6.103602609956262,0.0
1.432,50.0,43.928588491661046,12.0,6.0874990073463024,0.0
1.433,50.0,43.94465990316939,12.0,6.071411508338954,0.0
1.434,50.0,43.96071524326622,12.0,6.055340096830612,0.0
1.435,50.0,43.97675452802296,12.0,6.039284756733778,0.0
1.436,50.0,43.992777773494936,12.0,6.023245471977042,0.0
1.437,50.0,44.00878499572144,12.0,6.007222226505064,0.0
1.438,50.0,44.02477621072572,12.0,5.991215004278558,0.0
1.439,50.0,44.040751434514995,12.0,5.975223789274281,0.0
1.44,50.0,44.05671068308048,12.0,5.959248565485005,0.0
1.441,50.0,44.072653972397404,12.0,5.943289316919518,0.0
1.442,50.0,44.08858131842501,12.0,5.927346027602596,0.0
1.443,50.0,44.10449273710658,12.0,5.911418681574993,0.0
1.444,50.0,44.12038824436947,12.0,5.8955072628934175,0.0
1.445,50.0,44.1362678561251,12.0,5.879611755630528,0.0
1.446,50.0,44.15213158826898,12.0,5.863732143874898,0.0
1.447,50.0,44.16797945668071,12.0,5.847868411731021,0.0
1.448,50.0,44.18381147722403,12.0,5.832020543319288,0.0
1.449,50.0,44.19962766574681,12.0,5.816188522775967,0.0
1.45,50.0,44.215428038081065,12.0,5.80037233425319,0.0
1.451,50.0,44.23121261004298,12.0,5.784571961918935,0.0
1.452,50.0,44.24698139743294,12.0,5.768787389957019,0.0
1.453,50.0,44.26273441603551,12.0,5.75301860256706,0.0
1.454,50.0,44.27847168161947,12.0,5.7372655839644935,0.0
1.455,50.0,44.29419320993785,12.0,5.721528318380528,0.0
1.456,50.0,44.30989901672791,12.0,5.705806790062148,0.0
1.457,50.0,44.32558911771118,12.0,5.690100983272089,0.0
1.458,50.0,44.34126352859347,12.0,5.674410882288818,0.0
1.459,50.0,44.35692226506488,12.0,5.658736471406527,0.0
1.46,50.0,44.37256534279982,12.0,5.643077734935119,0.0
1.461,50.0,44.388192777457014,12.0,5.627434657200183,0.0
1.462,50.0,44.403804584679555,12.0,5.611807222542986,0.0
1.463,50.0,44.419400780094875,12.0,5.5961954153204445,0.0
1.464,50.0,44.43498137931478,12.0,5.580599219905125,0.0
1.465,50.0,44.45054639793546,12.0,5.565018620685223,0.0
1.466,50.0,44.466095851537524,12.0,5.549453602064538,0.0
1.467,50.0,44.48162975568599,12.0,5.533904148462476,0.0
1.468,50.0,44.4971481259303,12.0,5.5183702443140135,0.0
1.469,50.0,44.51265097780437,12.0,5.502851874069698,0.0
1.47,50.0,44.528138326826564,12.0,5.48734902219563,0.0
1.471,50.0,44.543610188499734,12.0,5.471861673173436,0.0
1.472,50.0,44.55906657831123,12.0,5.456389811500266,0.0
1.473,50.0,44.57450751173292,12.0,5.440933421688769,0.0
1.474,50.0,44.58993300422119,12.0,5.425492488267082,0.0
1.475,50.0,44.605343071216964,12.0,5.410066995778813,0.0
1.476,50.0,44.62073772814575,12.0,5.394656928783036,0.0
1.477,50.0,44.636116990417605,12.0,5.379262271854252,0.0
1.478,50.0,44.65148087342719,12.0,5.363883009582395,0.0
1.479,50.0,44.666829392553765,12.0,5.3485191265728105,0.0
1.48,50.0,44.682162563161214,12.0,5.333170607446235,0.0
1.481,50.0,44.69748040059805,12.0,5.317837436838786,0.0
1.482,50.0,44.712782920197455,12.0,5.302519599401947,0.0
1.483,50.0,44.72807013727726,12.0,5.287217079802545,0.0
1.484,50.0,44.74334206713998,12.0,5.271929862722743,0.0
1.485,50.0,44.75859872507284,12.0,5.256657932860023,0.0
1.486,50.0,44.773840126347764,12.0,5.2414012749271635,0.0
1.487,50.0,44.78906628622141,12.0,5.226159873652236,0.0
1.488,50.0,44.804277219935194,12.0,5.210933713778587,0.0
1.489,50.0,44.81947294271526,12.0,5.195722780064806,0.0
1.49,50.0,44.83465346977254,12.0,5.180527057284742,0.0
1.491,50.0,44.849818816302765,12.0,5.16534653022746,0.0
1.492,50.0,44.864968997486464,12.0,5.150181183697235,0.0
1.493,50.0,44.88010402848898,12.0,5.135031002513536,0.0
1.494,50.0,44.89522392446049,12.0,5.119895971511021,0.0
1.495,50.0,44.91032870053603,12.0,5.104776075539512,0.0
1.496,50.0,44.92541837183549,12.0,5.089671299463973,0.0
1.497,50.0,44.940492953463654,12.0,5.074581628164509,0.0
1.498,50.0,44.95555246051019,12.0,5.059507046536346,0.0
1.499,50.0,44.97059690804968,12.0,5.044447539489809,0.0
1.5,50.0,44.97812631114163,12.0,5.029403091950321,0.15
1.5010000000000001,50.0,44.98564818483049,12.0,5.021873688858371,0.15
1.502,50.0,44.993162536645656,12.0,5.014351815169512,0.15
1.5030000000000001,50.0,45.00066937410901,12.0,5.006837463354344,0.15
1.504,50.0,45.0081687047349,12.0,4.999330625890991,0.15
1.5050000000000001,50.0,45.01566053603016,12.0,4.991831295265101,0.15
1.506,50.0,45.02314487549413,12.0,4.984339463969839,0.15
1.5070000000000001,50.0,45.03062173061864,12.0,4.976855124505867,0.15
1.508,50.0,45.038091108888025,12.0,4.969378269381359,0.15
1.5090000000000001,50.0,45.045553017779135,12.0,4.961908891111975,0.15
1.51,50.0,45.05300746476136,12.0,4.954446982220865,0.15
1.5110000000000001,50.0,45.06045445729659,12.0,4.946992535238643,0.15
1.512,50.0,45.067894002839296,12.0,4.9395455427034065,0.15
1.5130000000000001,50.0,45.07532610883646,12.0,4.932105997160704,0.15
1.514,50.0,45.08275078272762,12.0,4.924673891163543,0.15
1.5150000000000001,50.0,45.09016803194489,12.0,4.917249217272378,0.15
1.516,50.0,45.097577863912946,12.0,4.909831968055109,0.15
1.5170000000000001,50.0,45.104980286049035,12.0,4.902422136087054,0.15
1.518,50.0,45.11237530576299,12.0,4.8950197139509655,0.15
1.5190000000000001,50.0,45.11976293045723,12.0,4.887624694237012,0.15
1.52,50.0,45.12714316752677,12.0,4.880237069542773,0.15
1.5210000000000001,50.0,45.13451602435924,12.0,4.872856832473232,0.15
1.522,50.0,45.14188150833488,12.0,4.865483975640757,0.15
1.5230000000000001,50.0,45.14923962682655,12.0,4.858118491665117,0.15
1.524,50.0,45.15659038719972,12.0,4.8507603731734505,0.15
1.5250000000000001,50.0,45.16393379681252,12.0,4.843409612800279,0.15
1.526,50.0,45.17126986301571,12.0,4.836066203187478,0.15
1.5270000000000001,50.0,45.17859859315269,12.0,4.828730136984291,0.15
1.528,50.0,45.18591999455954,12.0,4.821401406847308,0.15
1.5290000000000001,50.0,45.193234074564984,12.0,4.814080005440459,0.15
1.53,50.0,45.20054084049042,12.0,4.806765925435016,0.15
1.5310000000000001,50.0,45.20784029964993,12.0,4.799459159509581,0.15
1.532,50.0,45.21513245935028,12.0,4.792159700350069,0.15
1.5330000000000001,50.0,45.22241732689093,12.0,4.784867540649721,0.15
1.534,50.0,45.22969490956404,12.0,4.777582673109073,0.15
1.5350000000000001,50.0,45.236965214654475,12.0,4.770305090435961,0.15
1.536,50.0,45.24422824943982,12.0,4.763034785345525,0.15
1.537,50.0,45.25148402119038,12.0,4.755771750560179,0.15
1.538,50.0,45.25873253716919,12.0,4.748515978809621,0.15
1.539,50.0,45.26597380463202,12.0,4.7412674628308125,0.15
1.54,50.0,45.27320783082739,12.0,4.734026195367981,0.15
1.541,50.0,45.28043462299656,12.0,4.726792169172612,0.15
1.542,50.0,45.287654188373565,12.0,4.719565377003441,0.15
1.543,50.0,45.29486653418519,12.0,4.7123458116264345,0.15
1.544,50.0,45.302071667651006,12.0,4.705133465814811,0.15
1.545,50.0,45.30926959598335,12.0,4.697928332348994,0.15
1.546,50.0,45.31646032638737,12.0,4.690730404016648,0.15
1.547,50.0,45.32364386606098,12.0,4.6835396736126285,0.15
1.548,50.0,45.33082022219492,12.0,4.6763561339390165,0.15
1.549,50.0,45.33798940197273,12.0,4.669179777805077,0.15
1.55,50.0,45.34515141257076,12.0,4.662010598027273,0.15
1.551,50.0,45.35230626115818,12.0,4.6548485874292425,0.15
1.552,50.0,45.35945395489703,12.0,4.6476937388418165,0.15
1.553,50.0,45.36659450094213,12.0,4.6405460451029725,0.15
1.554,50.0,45.37372790644118,12.0,4.633405499057872,0.15
1.555,50.0,45.38085417853474,12.0,4.626272093558818,0.15
1.556,50.0,45.3879733243562,12.0,4.61914582146526,0.15
1.557,50.0,45.395085351031845,12.0,4.612026675643797,0.15
1.558,50.0,45.402190265680815,12.0,4.604914648968155,0.15
1.559,50.0,45.409288075415134,12.0,4.597809734319185,0.15
1.56,50.0,45.41637878733972,12.0,4.590711924584866,0.15
1.561,50.0,45.423462408552375,12.0,4.583621212660283,0.15
1.562,50.0,45.43053894614382,12.0,4.576537591447625,0.15
1.563,50.0,45.43760840719768,12.0,4.56946105385618,0.15
1.564,50.0,45.44467079879048,12.0,4.562391592802321,0.15
1.565,50.0,45.45172612799169,12.0,4.555329201209517,0.15
1.566,50.0,45.4587744018637,12.0,4.548273872008309,0.15
1.567,50.0,45.465815627461836,12.0,4.5412255981363,0.15
1.568,50.0,45.47284981183437,12.0,4.534184372538164,0.15
1.569,50.0,45.47987696202254,12.0,4.527150188165628,0.15
1.57,50.0,45.48689708506051,12.0,4.520123037977463,0.15
1.571,50.0,45.49391018797545,12.0,4.513102914939488,0.15
1.572,50.0,45.500916277787475,12.0,4.506089812024548,0.15
1.573,50.0,45.50791536150969,12.0,4.499083722212525,0.15
1.574,50.0,45.51490744614818,12.0,4.4920846384903115,0.15
1.575,50.0,45.52189253870203,12.0,4.485092553851821,0.15
1.576,50.0,45.528870646163334,12.0,4.4781074612979666,0.15
1.577,50.0,45.53584177551717,12.0,4.471129353836666,0.15
1.578,50.0,45.542805933741654,12.0,4.46415822448283,0.15
1.579,50.0,45.549763127807914,12.0,4.457194066258346,0.15
1.58,50.0,45.55671336468011,12.0,4.450236872192086,0.15
1.581,50.0,45.563656651315426,12.0,4.443286635319893,0.15
1.582,50.0,45.57059299466411,12.0,4.436343348684574,0.15
1.583,50.0,45.57752240166945,12.0,4.429407005335889,0.15
1.584,50.0,45.58444487926778,12.0,4.422477598330552,0.15
1.585,50.0,45.59136043438851,12.0,4.415555120732222,0.15
1.586,50.0,45.59826907395412,12.0,4.408639565611487,0.15
1.587,50.0,45.60517080488017,12.0,4.401730926045879,0.15
1.588,50.0,45.612065634075286,12.0,4.394829195119833,0.15
1.589,50.0,45.61895356844121,12.0,4.387934365924714,0.15
1.59,50.0,45.62583461487277,12.0,4.3810464315587865,0.15
1.591,50.0,45.6327087802579,12.0,4.3741653851272275,0.15
1.592,50.0,45.63957607147764,12.0,4.3672912197421,0.15
1.593,50.0,45.646436495406164,12.0,4.3604239285223585,0.15
1.594,50.0,45.653290058910756,12.0,4.353563504593836,0.15
1.595,50.0,45.66013676885184,12.0,4.3467099410892445,0.15
1.596,50.0,45.66697663208299,12.0,4.339863231148158,0.15
1.597,50.0,45.67380965545091,12.0,4.333023367917008,0.15
1.598,50.0,45.68063584579546,12.0,4.32619034454909,0.15
1.599,50.0,45.68745520994966,12.0,4.319364154204543,0.15
1.6,50.0,45.69426775473971,12.0,4.312544790050339,0.15
1.601,50.0,45.701073486984974,12.0,4.3057322452602875,0.15
1.602,50.0,45.70787241349799,12.0,4.298926513015026,0.15
1.603,50.0,45.71466454108449,12.0,4.292127586502012,0.15
1.604,50.0,45.7214498765434,12.0,4.285335458915512,0.15
1.605,50.0,45.72822842666686,12.0,4.278550123456597,0.15
1.606,50.0,45.73500019824019,12.0,4.27177157333314,0.15
1.607,50.0,45.74176519804195,12.0,4.2649998017598065,0.15
1.608,50.0,45.74852343284391,12.0,4.2582348019580465,0.15
1.609,50.0,45.755274909411064,12.0,4.2514765671560895,0.15
1.61,50.0,45.762019634501655,12.0,4.244725090588936,0.15
1.611,50.0,45.768757614867155,12.0,4.237980365498345,0.15
1.612,50.0,45.77548885725229,12.0,4.231242385132845,0.15
1.613,50.0,45.78221336839504,12.0,4.2245111427477084,0.15
1.614,50.0,45.788931155026646,12.0,4.217786631604959,0.15
1.615,50.0,45.79564222387162,12.0,4.211068844973354,0.15
1.616,50.0,45.80234658164775,12.0,4.204357776128383,0.15
1.617,50.0,45.8090442350661,12.0,4.197653418352253,0.15
1.618,50.0,45.81573519083103,12.0,4.1909557649339035,0.15
1.619,50.0,45.822419455640194,12.0,4.1842648091689725,0.15
1.62,50.0,45.82909703618456,12.0,4.177580544359806,0.15
1.621,50.0,45.835767939148376,12.0,4.170902963815443,0.15
1.622,50.0,45.842432171209225,12.0,4.164232060851624,0.15
1.623,50.0,45.849089739038014,12.0,4.157567828790775,0.15
1.624,50.0,45.85574064929897,12.0,4.150910260961986,0.15
1.625,50.0,45.86238490864967,12.0,4.144259350701027,0.15
1.6260000000000001,50.0,45.86902252374102,12.0,4.137615091350327,0.15
1.627,50.0,45.87565350121728,12.0,4.130977476258977,0.15
1.6280000000000001,50.0,45.88227784771606,12.0,4.124346498782721,0.15
1.629,50.0,45.888895569868346,12.0,4.117722152283939,0.15
1.6300000000000001,50.0,45.89550667429848,12.0,4.111104430131654,0.15
1.631,50.0,45.902111167624184,12.0,4.104493325701519,0.15
1.6320000000000001,50.0,45.90870905645656,12.0,4.097888832375816,0.15
1.633,50.0,45.915300347400105,12.0,4.0912909435434415,0.15
1.6340000000000001,50.0,45.921885047052704,12.0,4.084699652599895,0.15
1.635,50.0,45.92846316200565,12.0,4.0781149529472955,0.15
1.6360000000000001,50.0,45.935034698843644,12.0,4.071536837994351,0.15
1.637,50.0,45.9415996641448,12.0,4.064965301156356,0.15
1.6380000000000001,50.0,45.94815806448066,12.0,4.058400335855197,0.15
1.639,50.0,45.95470990641618,12.0,4.051841935519342,0.15
1.6400000000000001,50.0,45.96125519650976,12.0,4.045290093583823,0.15
1.641,50.0,45.96779394131325,12.0,4.038744803490239,0.15
1.6420000000000001,50.0,45.97432614737194,12.0,4.0322060586867465,0.15
1.643,50.0,45.98085182122457,12.0,4.02567385262806,0.15
1.6440000000000001,50.0,45.987370969403344,12.0,4.019148178775431,0.15
1.645,50.0,45.99388359843394,12.0,4.012629030596656,0.15
1.6460000000000001,50.0,46.00038971483551,12.0,4.006116401566061,0.15
1.647,50.0,46.006889325120675,12.0,3.9996102851644935,0.15
1.6480000000000001,50.0,46.013382435795556,12.0,3.9931106748793255,0.15
1.649,50.0,46.01986905335976,12.0,3.986617564204444,0.15
1.6500000000000001,50.0,46.026349184306405,12.0,3.9801309466402373,0.15
1.651,50.0,46.0328228351221,12.0,3.9736508156935955,0.15
1.6520000000000001,50.0,46.039290012286976,12.0,3.967177164877903,0.15
1.653,50.0,46.04575072227469,12.0,3.960709987713024,0.15
1.6540000000000001,50.0,46.05220497155241,12.0,3.95424927772531,0.15
1.655,50.0,46.05865276658086,12.0,3.9477950284475867,0.15
1.6560000000000001,50.0,46.06509411381428,12.0,3.941347233419137,0.15
1.657,50.0,46.07152901970047,12.0,3.9349058861857173,0.15
1.6580000000000001,50.0,46.07795749068077,12.0,3.9284709802995295,0.15
1.659,50.0,46.08437953319009,12.0,3.9220425093192333,0.15
1.6600000000000001,50.0,46.0907951536569,12.0,3.915620466809912,0.15
1.661,50.0,46.09720435850324,12.0,3.9092048463431013,0.15
1.6620000000000001,50.0,46.10360715414474,12.0,3.902795641496759,0.15
1.663,50.0,46.1100035469906,12.0,3.89639284585526,0.15
1.6640000000000001,50.0,46.11639354344361,12.0,3.8899964530094024,0.15
1.665,50.0,46.122777149900166,12.0,3.883606456556393,0.15
1.666,50.0,46.129154372750264,12.0,3.877222850099834,0.15
1.667,50.0,46.135525218377516,12.0,3.870845627249736,0.15
1.668,50.0,46.141889693159136,12.0,3.8644747816224836,0.15
1.669,50.0,46.14824780346598,12.0,3.8581103068408638,0.15
1.67,50.0,46.154599555662514,12.0,3.8517521965340222,0.15
1.671,50.0,46.16094495610685,12.0,3.8454004443374856,0.15
1.672,50.0,46.16728401115075,12.0,3.839055043893147,0.15
1.673,50.0,46.173616727139596,12.0,3.8327159888492517,0.15
1.674,50.0,46.17994311041246,12.0,3.8263832728604044,0.15
1.675,50.0,46.186263167302045,12.0,3.8200568895875406,0.15
1.676,50.0,46.19257690413474,12.0,3.8137368326979555,0.15
1.677,50.0,46.1988843272306,12.0,3.8074230958652606,0.15
1.678,50.0,46.20518544290337,12.0,3.8011156727693987,0.15
1.679,50.0,46.211480257460465,12.0,3.794814557096629,0.15
1.68,50.0,46.217768777203005,12.0,3.7885197425395347,0.15
1.681,50.0,46.2240510084258,12.0,3.7822312227969945,0.15
1.682,50.0,46.230326957417375,12.0,3.7759489915741966,0.15
1.683,50.0,46.23659663045996,12.0,3.7696730425826246,0.15
1.684,50.0,46.242860033829494,12.0,3.7634033695400433,0.15
1.685,50.0,46.24911717379567,12.0,3.757139966170506,0.15
1.686,50.0,46.25536805662187,12.0,3.7508828262043323,0.15
1.687,50.0,46.26161268856524,12.0,3.744631943378131,0.15
1.688,50.0,46.26785107587668,12.0,3.7383873114347566,0.15
1.689,50.0,46.2740832248008,12.0,3.7321489241233223,0.15
1.69,50.0,46.280309141576,12.0,3.7259167751992024,0.15
1.691,50.0,46.28652883243442,12.0,3.719690858424002,0.15
1.692,50.0,46.29274230360198,12.0,3.7134711675655794,0.15
1.693,50.0,46.29894956129838,12.0,3.707257696398017,0.15
1.694,50.0,46.30515061173708,12.0,3.701050438701621,0.15
1.695,50.0,46.31134546112535,12.0,3.6948493882629165,0.15
1.696,50.0,46.31753411566422,12.0,3.6886545388746512,0.15
1.697,50.0,46.32371658154856,12.0,3.6824658843357767,0.15
1.698,50.0,46.329892864967015,12.0,3.6762834184514404,0.15
1.699,50.0,46.33606297210205,12.0,3.6701071350329855,0.15
1.7,50.0,46.34222690912995,12.0,3.6639370278979513,0.15
1.701,50.0,46.34838468222082,12.0,3.6577730908700516,0.15
1.702,50.0,46.354536297538594,12.0,3.651615317779182,0.15
1.703,50.0,46.360681761241054,12.0,3.645463702461406,0.15
1.704,50.0,46.36682107947981,12.0,3.6393182387589462,0.15
1.705,50.0,46.372954258400334,12.0,3.633178920520187,0.15
1.706,50.0,46.379081304141934,12.0,3.627045741599666,0.15
1.707,50.0,46.38520222283779,12.0,3.620918695858066,0.15
1.708,50.0,46.391317020614956,12.0,3.6147977771622095,0.15
1.709,50.0,46.397425703594344,12.0,3.608682979385044,0.15
1.71,50.0,46.40352827789075,12.0,3.602574296405656,0.15
1.711,50.0,46.40962474961286,12.0,3.59647172210925,0.15
1.712,50.0,46.41571512486325,12.0,3.5903752503871402,0.15
1.713,50.0,46.421799409738384,12.0,3.5842848751367526,0.15
1.714,50.0,46.42787761032864,12.0,3.5782005902616163,0.15
1.715,50.0,46.43394973271832,12.0,3.5721223896713568,0.15
1.716,50.0,46.4400157829856,12.0,3.566050267281682,0.15
1.717,50.0,46.446075767202615,12.0,3.559984217014403,0.15
1.718,50.0,46.45212969143541,12.0,3.5539242327973852,0.15
1.719,50.0,46.45817756174397,12.0,3.5478703085645904,0.15
1.72,50.0,46.46421938418223,12.0,3.541822438256027,0.15
1.721,50.0,46.47025516479805,12.0,3.535780615817771,0.15
1.722,50.0,46.47628490963325,12.0,3.529744835201953,0.15
1.723,50.0,46.482308624723615,12.0,3.52371509036675,0.15
1.724,50.0,46.48832631609889,12.0,3.517691375276385,0.15
1.725,50.0,46.49433798978279,12.0,3.5116736839011082,0.15
1.726,50.0,46.50034365179301,12.0,3.5056620102172076,0.15
1.727,50.0,46.50634330814122,12.0,3.4996563482069902,0.15
1.728,50.0,46.512336964833075,12.0,3.4936566918587815,0.15
1.729,50.0,46.51832462786824,12.0,3.487663035166925,0.15
1.73,50.0,46.52430630324037,12.0,3.481675372131761,0.15
1.731,50.0,46.530281996937134,12.0,3.4756936967596275,0.15
1.732,50.0,46.5362517149402,12.0,3.469718003062866,0.15
1.733,50.0,46.54221546322526,12.0,3.4637482850598005,0.15
1.734,50.0,46.54817324776204,12.0,3.4577845367747386,0.15
1.735,50.0,46.554125074514275,12.0,3.451826752237963,0.15
1.736,50.0,46.56007094943976,12.0,3.4458749254857253,0.15
1.737,50.0,46.566010878490324,12.0,3.439929050560238,0.15
1.738,50.0,46.57194486761183,12.0,3.4339891215096756,0.15
1.739,50.0,46.57787292274422,12.0,3.4280551323881667,0.15
1.74,50.0,46.583795049821475,12.0,3.42212707725578,0.15
1.741,50.0,46.58971125477165,12.0,3.4162049501785248,0.15
1.742,50.0,46.59562154351688,12.0,3.4102887452283497,0.15
1.743,50.0,46.60152592197336,12.0,3.4043784564831228,0.15
1.744,50.0,46.607424396051385,12.0,3.398474078026638,0.15
1.745,50.0,46.61331697165534,12.0,3.3925756039486146,0.15
1.746,50.0,46.61920365468368,12.0,3.386683028344663,0.15
1.747,50.0,46.625084451029,12.0,3.3807963453163197,0.15
1.748,50.0,46.63095936657797,12.0,3.3749155489710034,0.15
1.749,50.0,46.63682840721139,12.0,3.3690406334220313,0.15
1.75,50.0,46.642691578804175,12.0,3.3631715927886106,0.15
1.7510000000000001,50.0,46.648548887225374,12.0,3.3573084211958246,0.15
1.752,50.0,46.65440033833815,12.0,3.351451112774626,0.15
1.7530000000000001,50.0,46.66024593799981,12.0,3.3455996616618506,0.15
1.754,50.0,46.66608569206181,12.0,3.339754062000189,0.15
1.7550000000000001,50.0,46.67191960636975,12.0,3.333914307938187,0.15
1.756,50.0,46.677747686763375,12.0,3.328080393630252,0.15
1.7570000000000001,50.0,46.68356993907661,12.0,3.322252313236625,0.15
1.758,50.0,46.68938636913754,12.0,3.3164300609233877,0.15
1.7590000000000001,50.0,46.6951969827684,12.0,3.3106136308624627,0.15
1.76,50.0,46.701001785785635,12.0,3.304803017231599,0.15
1.7610000000000001,50.0,46.70680078399985,12.0,3.2989982142143646,0.15
1.762,50.0,46.712593983215854,12.0,3.293199216000147,0.15
1.7630000000000001,50.0,46.71838138923264,12.0,3.2874060167841463,0.15
1.764,50.0,46.72416300784341,12.0,3.28161861076736,0.15
1.7650000000000001,50.0,46.729938844835566,12.0,3.2758369921565915,0.15
1.766,50.0,46.73570890599073,12.0,3.2700611551644343,0.15
1.7670000000000001,50.0,46.74147319708474,12.0,3.2642910940092733,0.15
1.768,50.0,46.74723172388765,12.0,3.258526802915263,0.15
1.7690000000000001,50.0,46.75298449216376,12.0,3.2527682761123486,0.15
1.77,50.0,46.7587315076716,12.0,3.247015507836238,0.15
1.7710000000000001,50.0,46.76447277616393,12.0,3.241268492328402,0.15
1.772,50.0,46.77020830338776,12.0,3.2355272238360726,0.15
1.7730000000000001,50.0,46.77593809508437,12.0,3.2297916966122386,0.15
1.774,50.0,46.781662156989285,12.0,3.2240619049156294,0.15
1.7750000000000001,50.0,46.7873804948323,12.0,3.2183378430107155,0.15
1.776,50.0,46.793093114337466,12.0,3.2126195051677016,0.15
1.7770000000000001,50.0,46.79880002122313,12.0,3.2069068856625336,0.15
1.778,50.0,46.80450122120191,12.0,3.20119997877687,0.15
1.7790000000000001,50.0,46.81019671998071,12.0,3.1954987787980897,0.15
1.78,50.0,46.81588652326073,12.0,3.189803280019291,0.15
1.7810000000000001,50.0,46.82157063673747,12.0,3.1841134767392703,0.15
1.782,50.0,46.827249066100734,12.0,3.1784293632625307,0.15
1.7830000000000001,50.0,46.83292181703463,12.0,3.172750933899266,0.15
1.784,50.0,46.8385888952176,12.0,3.167078182965369,0.15
1.7850000000000001,50.0,46.84425030632238,12.0,3.1614111047824025,0.15
1.786,50.0,46.84990605601606,12.0,3.1557496936776204,0.15
1.7870000000000001,50.0,46.855556149960044,12.0,3.15009394398394,0.15
1.788,50.0,46.86120059381008,12.0,3.1444438500399556,0.15
1.7890000000000001,50.0,46.866839393216274,12.0,3.138799406189918,0.15
1.79,50.0,46.87247255382306,12.0,3.1331606067837257,0.15
1.7910000000000001,50.0,46.87810008126924,12.0,3.1275274461769413,0.15
1.792,50.0,46.88372198118797,12.0,3.1218999187307617,0.15
1.793,50.0,46.88933825920678,12.0,3.1162780188120323,0.15
1.794,50.0,46.89494892094758,12.0,3.110661740793219,0.15
1.795,50.0,46.90055397202663,12.0,3.105051079052423,0.15
1.796,50.0,46.9061534180546,12.0,3.0994460279733715,0.15
1.797,50.0,46.911747264636546,12.0,3.0938465819453995,0.15
1.798,50.0,46.91733551737191,12.0,3.0882527353634543,0.15
1.799,50.0,46.92291818185454,12.0,3.08266448262809,0.15
1.8,50.0,46.93599526367269,12.0,3.0770818181454587,0.0
1.801,50.0,46.949059268409016,12.0,3.0640047363273126,0.0
1.802,50.0,46.962110209140604,12.0,3.050940731590984,0.0
1.803,50.0,46.97514809893146,12.0,3.0378897908593956,0.0
1.804,50.0,46.988172950832535,12.0,3.024851901068537,0.0
1.805,50.0,47.001184777881704,12.0,3.011827049167465,0.0
1.806,50.0,47.01418359310382,12.0,2.9988152221182958,0.0
1.807,50.0,47.02716940951072,12.0,2.985816406896177,0.0
1.808,50.0,47.04014224010121,12.0,2.9728305904892807,0.0
1.809,50.0,47.05310209786111,12.0,2.9598577598987887,0.0
1.81,50.0,47.066048995763246,12.0,2.9468979021388932,0.0
1.811,50.0,47.07898294676748,12.0,2.9339510042367536,0.0
1.812,50.0,47.09190396382071,12.0,2.921017053232518,0.0
1.813,50.0,47.10481205985689,12.0,2.9080960361792876,0.0
1.814,50.0,47.117707247797036,12.0,2.89518794014311,0.0
1.815,50.0,47.13058954054924,12.0,2.8822927522029644,0.0
1.816,50.0,47.14345895100869,12.0,2.869410459450762,0.0
1.817,50.0,47.15631549205768,12.0,2.8565410489913106,0.0
1.818,50.0,47.16915917656562,12.0,2.8436845079423207,0.0
1.819,50.0,47.181990017389055,12.0,2.8308408234343787,0.0
1.82,50.0,47.194808027371664,12.0,2.8180099826109455,0.0
1.821,50.0,47.207613219344296,12.0,2.805191972628336,0.0
1.822,50.0,47.22040560612495,12.0,2.792386780655704,0.0
1.823,50.0,47.233185200518825,12.0,2.779594393875051,0.0
1.824,50.0,47.24595201531831,12.0,2.7668147994811747,0.0
1.825,50.0,47.25870606330299,12.0,2.7540479846816908,0.0
1.826,50.0,47.27144735723969,12.0,2.741293936697012,0.0
1.827,50.0,47.28417590988245,12.0,2.728552642760313,0.0
1.828,50.0,47.296891733972565,12.0,2.7158240901175503,0.0
1.829,50.0,47.309594842238596,12.0,2.703108266027435,0.0
1.83,50.0,47.32228524739636,12.0,2.690405157761404,0.0
1.831,50.0,47.334962962148964,12.0,2.6777147526036416,0.0
1.832,50.0,47.34762799918681,12.0,2.665037037851036,0.0
1.833,50.0,47.36028037118763,12.0,2.6523720008131875,0.0
1.834,50.0,47.37292009081644,12.0,2.6397196288123723,0.0
1.835,50.0,47.38554717072563,12.0,2.627079909183557,0.0
1.836,50.0,47.398161623554905,12.0,2.61445282927437,0.0
1.837,50.0,47.41076346193135,12.0,2.6018383764450945,0.0
1.838,50.0,47.42335269846942,12.0,2.589236538068647,0.0
1.839,50.0,47.43592934577095,12.0,2.5766473015305777,0.0
1.84,50.0,47.44849341642518,12.0,2.564070654229049,0.0
1.841,50.0,47.46104492300876,12.0,2.5515065835748203,0.0
1.842,50.0,47.47358387808575,12.0,2.5389550769912432,0.0
1.843,50.0,47.48611029420766,12.0,2.5264161219142522,0.0
1.844,50.0,47.498624183913456,12.0,2.5138897057923373,0.0
1.845,50.0,47.51112555972954,12.0,2.5013758160865436,0.0
1.846,50.0,47.523614434169815,12.0,2.4888744402704575,0.0
1.847,50.0,47.53609081973565,12.0,2.476385565830185,0.0
1.848,50.0,47.54855472891591,12.0,2.463909180264352,0.0
1.849,50.0,47.56100617418699,12.0,2.45144527108409,0.0
1.85,50.0,47.5734451680128,12.0,2.4389938258130073,0.0
1.851,50.0,47.58587172284479,12.0,2.426554831987197,0.0
1.852,50.0,47.59828585112195,12.0,2.414128277155207,0.0
1.853,50.0,47.61068756527083,12.0,2.4017141488780496,0.0
1.854,50.0,47.62307687770556,12.0,2.3893124347291703,0.0
1.855,50.0,47.635453800827854,12.0,2.3769231222944427,0.0
1.856,50.0,47.64781834702703,12.0,2.364546199172146,0.0
1.857,50.0,47.66017052868,12.0,2.3521816529729733,0.0
1.858,50.0,47.67251035815132,12.0,2.3398294713200016,0.0
1.859,50.0,47.68483784779317,12.0,2.327489641848679,0.0
1.86,50.0,47.697153009945374,12.0,2.315162152206831,0.0
1.861,50.0,47.70945585693543,12.0,2.3028469900546256,0.0
1.862,50.0,47.72174640107849,12.0,2.2905441430645723,0.0
1.863,50.0,47.73402465467741,12.0,2.278253598921509,0.0
1.864,50.0,47.746290630022735,12.0,2.2659753453225875,0.0
1.865,50.0,47.758544339392714,12.0,2.2537093699772655,0.0
1.866,50.0,47.77078579505332,12.0,2.2414556606072864,0.0
1.867,50.0,47.783015009258264,12.0,2.229214204946679,0.0
1.868,50.0,47.79523199424901,12.0,2.216984990741736,0.0
1.869,50.0,47.80743676225476,12.0,2.204768005750992,0.0
1.87,50.0,47.81962932549251,12.0,2.19256323774524,0.0
1.871,50.0,47.831809696167014,12.0,2.1803706745074933,0.0
1.872,50.0,47.843977886470846,12.0,2.1681903038329864,0.0
1.873,50.0,47.856133908584376,12.0,2.156022113529154,0.0
1.874,50.0,47.86827777467579,12.0,2.1438660914156245,0.0
1.875,50.0,47.880409496901116,12.0,2.1317222253242107,0.0
1.8760000000000001,50.0,47.89252908740421,12.0,2.119590503098884,0.0
1.877,50.0,47.90463655831681,12.0,2.1074709125957867,0.0
1.8780000000000001,50.0,47.91673192175849,12.0,2.0953634416831903,0.0
1.879,50.0,47.92881518983673,12.0,2.0832680782415096,0.0
1.8800000000000001,50.0,47.940886374646894,12.0,2.071184810163267,0.0
1.881,50.0,47.95294548827225,12.0,2.059113625353106,0.0
1.8820000000000001,50.0,47.964992542783975,12.0,2.047054511727751,0.0
1.883,50.0,47.97702755024119,12.0,2.0350074572160253,0.0
1.8840000000000001,50.0,47.989050522690945,12.0,2.022972449758811,0.0
1.885,50.0,48.00106147216825,12.0,2.0109494773090546,0.0
1.8860000000000001,50.0,48.013060410696085,12.0,1.998938527831747,0.0
1.887,50.0,48.02504735028539,12.0,1.9869395893039155,0.0
1.8880000000000001,50.0,48.03702230293511,12.0,1.9749526497146093,0.0
1.889,50.0,48.048985280632174,12.0,1.9629776970648933,0.0
1.8900000000000001,50.0,48.06093629535154,12.0,1.9510147193678264,0.0
1.891,50.0,48.072875359056184,12.0,1.9390637046484613,0.0
1.8920000000000001,50.0,48.084802483697125,12.0,1.9271246409438163,0.0
1.893,50.0,48.09671768121343,12.0,1.9151975163028752,0.0
1.8940000000000001,50.0,48.10862096353221,12.0,1.903282318786573,0.0
1.895,50.0,48.12051234256868,12.0,1.8913790364677894,0.0
1.8960000000000001,50.0,48.13239183022611,12.0,1.8794876574313193,0.0
1.897,50.0,48.144259438395885,12.0,1.867608169773888,0.0
1.8980000000000001,50.0,48.15611517895749,12.0,1.8557405616041152,0.0
1.899,50.0,48.16795906377853,12.0,1.8438848210425078,0.0
1.9000000000000001,50.0,48.17979110471475,12.0,1.8320409362214676,0.0
1.901,50.0,48.19161131361004,12.0,1.8202088952852478,0.0
1.9020000000000001,50.0,48.20341970229643,12.0,1.8083886863899608,0.0
1.903,50.0,48.215216282594135,12.0,1.7965802977035707,0.0
1.9040000000000001,50.0,48.22700106631154,12.0,1.7847837174058654,0.0
1.905,50.0,48.238774065245224,12.0,1.7729989336884628,0.0
1.9060000000000001,50.0,48.25053529117998,12.0,1.7612259347547763,0.0
1.907,50.0,48.2622847558888,12.0,1.749464708820021,0.0
1.9080000000000001,50.0,48.27402247113291,12.0,1.7377152441112003,0.0
1.909,50.0,48.28574844866178,12.0,1.7259775288670909,0.0
1.9100000000000001,50.0,48.29746270021312,12.0,1.7142515513382222,0.0
1.911,50.0,48.30916523751291,12.0,1.7025372997868828,0.0
1.9120000000000001,50.0,48.3208560722754,12.0,1.6908347624870927,0.0
1.913,50.0,48.33253521620312,12.0,1.6791439277246027,0.0
1.9140000000000001,50.0,48.34420268098692,12.0,1.6674647837968806,0.0
1.915,50.0,48.35585847830593,12.0,1.6557973190130824,0.0
1.9160000000000001,50.0,48.367502619827626,12.0,1.644141521694067,0.0
1.917,50.0,48.379135117207795,12.0,1.6324973801723743,0.0
1.9180000000000001,50.0,48.39075598209059,12.0,1.6208648827922048,0.0
1.919,50.0,48.4023652261085,12.0,1.6092440179094112,0.0
1.92,50.0,48.41396286088239,12.0,1.5976347738914995,0.0
1.921,50.0,48.42554889802151,12.0,1.5860371391176074,0.0
1.922,50.0,48.43712334912349,12.0,1.5744511019784895,0.0
1.923,50.0,48.44868622577437,12.0,1.562876650876511,0.0
1.924,50.0,48.460237539548594,12.0,1.5513137742256333,0.0
1.925,50.0,48.471777302009045,12.0,1.5397624604514064,0.0
1.926,50.0,48.483305524707035,12.0,1.5282226979909552,0.0
1.927,50.0,48.494822219182325,12.0,1.5166944752929652,0.0
1.928,50.0,48.506327396963144,12.0,1.5051777808176752,0.0
1.929,50.0,48.51782106956618,12.0,1.4936726030368561,0.0
1.93,50.0,48.52930324849662,12.0,1.4821789304338182,0.0
1.931,50.0,48.54077394524812,12.0,1.4706967515033824,0.0
1.932,50.0,48.55223317130287,12.0,1.4592260547518805,0.0
1.933,50.0,48.56368093813157,12.0,1.4477668286971266,0.0
1.934,50.0,48.57511725719344,12.0,1.4363190618684314,0.0
1.935,50.0,48.58654213993625,12.0,1.4248827428065596,0.0
1.936,50.0,48.597955597796314,12.0,1.413457860063751,0.0
1.937,50.0,48.60935764219852,12.0,1.4020444022036855,0.0
1.938,50.0,48.62074828455632,12.0,1.3906423578014824,0.0
1.939,50.0,48.63212753627177,12.0,1.3792517154436794,0.0
1.94,50.0,48.6434954087355,12.0,1.367872463728233,0.0
1.941,50.0,48.65485191332676,12.0,1.3565045912645033,0.0
1.942,50.0,48.666197061413435,12.0,1.345148086673241,0.0
1.943,50.0,48.67753086435202,12.0,1.3338029385865653,0.0
1.944,50.0,48.68885333348767,12.0,1.322469135647978,0.0
1.945,50.0,48.700164480154186,12.0,1.3111466665123288,0.0
1.946,50.0,48.71146431567403,12.0,1.2998355198458142,0.0
1.947,50.0,48.72275285135836,12.0,1.2885356843259714,0.0
1.948,50.0,48.734030098507,12.0,1.2772471486416421,0.0
1.949,50.0,48.74529606840849,12.0,1.2659699014930013,0.0
1.95,50.0,48.756550772340084,12.0,1.2547039315915072,0.0
1.951,50.0,48.76779422156775,12.0,1.2434492276599158,0.0
1.952,50.0,48.77902642734618,12.0,1.2322057784322524,0.0
1.953,50.0,48.79024740091884,12.0,1.2209735726538185,0.0
1.954,50.0,48.801457153517916,12.0,1.2097525990811633,0.0
1.955,50.0,48.812655696364395,12.0,1.1985428464820842,0.0
1.956,50.0,48.82384304066803,12.0,1.187344303635605,0.0
1.957,50.0,48.83501919762736,12.0,1.1761569593319692,0.0
1.958,50.0,48.84618417842973,12.0,1.1649808023726393,0.0
1.959,50.0,48.8573379942513,12.0,1.1538158215702694,0.0
1.96,50.0,48.86848065625705,12.0,1.1426620057486971,0.0
1.961,50.0,48.87961217560079,12.0,1.1315193437429514,0.0
1.962,50.0,48.89073256342519,12.0,1.1203878243992094,0.0
1.963,50.0,48.90184183086176,12.0,1.109267436574811,0.0
1.964,50.0,48.9129399890309,12.0,1.0981581691382374,0.0
1.965,50.0,48.924027049041875,12.0,1.0870600109690969,0.0
1.966,50.0,48.93510302199283,12.0,1.0759729509581248,0.0
1.967,50.0,48.946167918970836,12.0,1.0648969780071695,0.0
1.968,50.0,48.95722175105187,12.0,1.0538320810291637,0.0
1.969,50.0,48.96826452930082,12.0,1.0427782489481316,0.0
1.97,50.0,48.97929626477152,12.0,1.0317354706991821,0.0
1.971,50.0,48.99031696850675,12.0,1.02070373522848,0.0
1.972,50.0,49.00132665153824,12.0,1.0096830314932532,0.0
1.973,50.0,49.0123253248867,12.0,0.9986733484617574,0.0
1.974,50.0,49.02331299956182,12.0,0.987674675113297,0.0
1.975,50.0,49.03428968656225,12.0,0.9766870004381829,0.0
1.976,50.0,49.04525539687569,12.0,0.9657103134377465,0.0
1.977,50.0,49.056210141478815,12.0,0.9547446031243112,0.0
1.978,50.0,49.06715393133734,12.0,0.9437898585211855,0.0
1.979,50.0,49.078086777406,12.0,0.9328460686626627,0.0
1.98,50.0,49.089008690628596,12.0,0.9219132225940001,0.0
1.981,50.0,49.09991968193797,12.0,0.9109913093714042,0.0
1.982,50.0,49.11081976225603,12.0,0.9000803180620309,0.0
1.983,50.0,49.121708942493775,12.0,0.8891802377439717,0.0
1.984,50.0,49.132587233551284,12.0,0.8782910575062246,0.0
1.985,50.0,49.143454646317736,12.0,0.8674127664487159,0.0
1.986,50.0,49.15431119167142,12.0,0.8565453536822645,0.0
1.987,50.0,49.16515688047975,12.0,0.8456888083285818,0.0
1.988,50.0,49.17599172359927,12.0,0.8348431195202508,0.0
1.989,50.0,49.18681573187567,12.0,0.8240082764007326,0.0
1.99,50.0,49.19762891614379,12.0,0.8131842681243313,0.0
1.991,50.0,49.20843128722765,12.0,0.8023710838562081,0.0
1.992,50.0,49.21922285594042,12.0,0.791568712772353,0.0
1.993,50.0,49.23000363308448,12.0,0.7807771440595772,0.0
1.994,50.0,49.2407736294514,12.0,0.769996366915521,0.0
1.995,50.0,49.25153285582194,12.0,0.7592263705486033,0.0
1.996,50.0,49.26228132296612,12.0,0.7484671441780577,0.0
1.997,50.0,49.27301904164315,12.0,0.7377186770338824,0.0
1.998,50.0,49.28374602260151,12.0,0.7269809583568474,0.0
1.999,50.0,49.29446227657891,12.0,0.7162539773984875,0.0
2.0,50.0,49.30516781430234,12.0,0.705537723421088,0.0
2.001,50.0,49.315862646488036,12.0,0.6948321856976634,0.0
2.0020000000000002,50.0,49.32654678384155,12.0,0.6841373535119644,0.0
2.003,50.0,49.33722023705771,12.0,0.6734532161584497,0.0
2.004,50.0,49.34788301682065,12.0,0.6627797629422929,0.0
2.005,50.0,49.358535133803834,12.0,0.6521169831793472,0.0
2.0060000000000002,50.0,49.36917659867003,12.0,0.6414648661961664,0.0
2.007,50.0,49.37980742207136,12.0,0.6308234013299696,0.0
2.008,50.0,49.39042761464929,12.0,0.6201925779286412,0.0
2.009,50.0,49.40103718703464,12.0,0.6095723853507096,0.0
2.0100000000000002,50.0,49.4116361498476,12.0,0.598962812965361,0.0
2.011,50.0,49.422224513697756,12.0,0.5883638501523976,0.0
2.012,50.0,49.43280228918406,12.0,0.5777754863022437,0.0
2.013,50.0,49.44336948689487,12.0,0.5671977108159396,0.0
2.0140000000000002,50.0,49.45392611740798,12.0,0.5566305131051266,0.0
2.015,50.0,49.464472191290575,12.0,0.5460738825920188,0.0
2.016,50.0,49.47500771909928,12.0,0.5355278087094248,0.0
2.017,50.0,49.48553271138018,12.0,0.5249922809007188,0.0
2.0180000000000002,50.0,49.4960471786688,12.0,0.5144672886198194,0.0
2.019,50.0,49.506551131490134,12.0,0.5039528213311968,0.0
2.02,50.0,49.51704458035864,12.0,0.4934488685098657,0.0
2.021,50.0,49.52752753577828,12.0,0.4829554196413568,0.0
2.0220000000000002,50.0,49.538000008242506,12.0,0.47247246422171685,0.0
2.023,50.0,49.54846200823426,12.0,0.4619999917574944,0.0
2.024,50.0,49.55891354622602,12.0,0.45153799176573983,0.0
2.025,50.0,49.5693546326798,12.0,0.4410864537739769,0.0
2.0260000000000002,50.0,49.57978527804712,12.0,0.43064536732020287,0.0
2.027,50.0,49.59020549276907,12.0,0.4202147219528811,0.0
2.028,50.0,49.600615287276305,12.0,0.40979450723092725,0.0
2.029,50.0,49.61101467198903,12.0,0.3993847127236947,0.0
2.0300000000000002,50.0,49.621403657317046,12.0,0.38898532801096763,0.0
2.031,50.0,49.63178225365973,12.0,0.37859634268295395,0.0
2.032,50.0,49.64215047140607,12.0,0.36821774634027093,0.0
2.033,50.0,49.652508320934665,12.0,0.35784952859393115,0.0
2.0340000000000003,50.0,49.66285581261373,12.0,0.3474916790653353,0.0
2.035,50.0,49.67319295680112,12.0,0.33714418738627216,0.0
2.036,50.0,49.683519763844316,12.0,0.3268070431988832,0.0
2.037,50.0,49.69383624408047,12.0,0.31648023615568377,0.0
2.0380000000000003,50.0,49.70414240783639,12.0,0.3061637559195276,0.0
2.039,50.0,49.714438265428555,12.0,0.29585759216360685,0.0
2.04,50.0,49.724723827163125,12.0,0.28556173457144496,0.0
2.041,50.0,49.73499910333596,12.0,0.27527617283687533,0.0
2.0420000000000003,50.0,49.745264104232625,12.0,0.26500089666404136,0.0
2.043,50.0,49.755518840128396,12.0,0.2547358957673751,0.0
2.044,50.0,49.76576332128827,12.0,0.24448115987160435,0.0
2.045,50.0,49.77599755796698,12.0,0.23423667871173137,0.0
2.0460000000000003,50.0,49.78622156040901,12.0,0.22400244203301867,0.0
2.047,50.0,49.7964353388486,12.0,0.21377843959098897,0.0
2.048,50.0,49.80663890350976,12.0,0.20356466115139682,0.0
2.049,50.0,49.81683226460625,12.0,0.1933610964902428,0.0
2.05,50.0,49.82701543234164,12.0,0.1831677353937522,0.0
2.051,50.0,49.8371884169093,12.0,0.1729845676583608,0.0
2.052,50.0,49.84735122849239,12.0,0.16281158309070065,0.0
2.053,50.0,49.85749946047602,11.999116642423447,0.15264877150760725,0.0
2.054,50.0,49.867625760679545,11.996759932800453,0.14250053952397934,0.0
2.055,50.0,49.87772298528,11.99297007222721,0.13237423932045544,0.0
2.056,50.0,49.88778416531792,11.987780604639005,0.12227701471999808,0.0
2.057,50.0,49.89780248612245,11.9812209939706,0.11221583468208252,0.0
2.058,50.0,49.90777127508342,11.973318289418442,0.10219751387754883,0.0
2.059,50.0,49.917683994800406,11.964098198414113,0.09222872491658052,0.0
2.06,50.0,49.92753423968002,11.953585774883381,0.08231600519959414,0.0
2.061,50.0,49.937315734728365,11.941805857605015,0.07246576031997876,0.0
2.062,50.0,49.94702233572479,11.928783346230214,0.06268426527163484,0.0
2.063,50.0,49.95664803024824,11.914543371835007,0.05297766427521111,0.0
2.064,50.0,49.966186939212726,11.899111398947648,0.04335196975176103,0.0
2.065,50.0,49.97563331868876,11.882513283049061,0.033813060787274196,0.0
2.066,50.0,49.98498156186576,11.864775299138502,0.024366681311242644,0.0
2.067,50.0,49.99422620106138,11.845924151497071,0.015018438134241308,0.0
2.068,50.0,50.003361909716496,11.825986971235677,0.005773798938619734,0.0
2.069,50.0,50.01238350433634,11.80499130591205,-0.003361909716495859,0.0
2.07,50.0,50.02128594635203,11.782965104004775,-0.012383504336341389,0.0
2.071,50.0,50.03006434388599,11.759936696062166,-0.021285946352030294,0.0
2.072,50.0,50.038713953410664,11.735934773711605,-0.03006434388598933,0.0
2.073,50.0,50.047230181293784,11.710988367306065,-0.03871395341066375,0.0
2.074,50.0,50.05560858522608,11.685126822717873,-0.04723018129378431,0.0
2.075,50.0,50.063844875528936,11.65837977761661,-0.05560858522608214,0.0
2.076,50.0,50.07193491634069,11.630777137456075,-0.06384487552893603,0.0
2.077,50.0,50.079874726680956,11.60234905132137,-0.0719349163406875,0.0
2.078,50.0,50.08766048139298,11.573125887740552,-0.07987472668095563,0.0
2.079,50.0,50.095288511964256,11.54313821053313,-0.08766048139298022,0.0
2.08,50.0,50.10275530722603,11.512416754748344,-0.09528851196425592,0.0
2.081,50.0,50.11005751393247,11.480992402732491,-0.10275530722603321,0.0
2.082,50.0,50.11719193722031,11.448896160355796,-0.11005751393246754,0.0
2.083,50.0,50.12415554095021,11.416159133423811,-0.11719193722031207,0.0
2.084,50.0,50.130945447930735,11.382812504294158,-0.12415554095021264,0.0
2.085,50.0,50.13755894002639,11.348887508717011,-0.13094544793073482,0.0
2.086,50.0,50.14399345815094,11.314415412915627,-0.1375589400263877,0.0
2.087,50.0,50.1502466021474,11.279427490922208,-0.14399345815093767,0.0
2.088,50.0,50.156316130556164,11.243955002183327,-0.15024660214739782,0.0
2.089,50.0,50.16219996027285,11.208029169448224,-0.15631613055616356,0.0
2.09,50.0,50.16789616609734,11.171681156952623,-0.16219996027285077,0.0
2.091,50.0,50.1734029801758,11.13494204891081,-0.1678961660973428,0.0
2.092,50.0,50.17871879133726,11.097842828327073,-0.17340298017580125,0.0
2.093,50.0,50.18384214432662,11.060414356138391,-0.17871879133726054,0.0
2.094,50.0,50.188771738935785,11.022687350698968,-0.1838421443266185,0.0
2.095,50.0,50.19350642903493,10.984692367617408,-0.18877173893578458,0.0
2.096,50.0,50.19804522150568,10.946459779956125,-0.1935064290349331,0.0
2.097,50.0,50.20238727507819,10.908019758803327,-0.19804522150568005,0.0
2.098,50.0,50.20653189907424,10.869402254226545,-0.20238727507818766,0.0
2.099,50.0,50.21047855205825,10.830636976616413,-0.20653189907424263,0.0
2.1,50.0,50.21422684039834,10.791753378429917,-0.21047855205824817,0.0
2.101,50.0,50.21777651673964,10.752780636340436,-0.2142268403983394,0.0
2.102,50.0,50.221127478391914,10.713747633803058,-0.21777651673964016,0.0
2.103,50.0,50.22427976563373,10.674682944041935,-0.2211274783919137,0.0
2.104,50.0,50.227233559935435,10.635614813467127,-0.22427976563373164,0.0
2.105,50.0,50.22998918210313,10.596571145527205,-0.22723355993543493,0.0
2.106,50.0,50.232547090346046,10.55757948500393,-0.22998918210313235,0.0
2.107,50.0,50.234907878269475,10.518667002754647,-0.2325470903460456,0.0
2.108,50.0,50.23707227279574,10.479860480908096,-0.23490787826947468,0.0
2.109,50.0,50.23904113201554,10.441186298518492,-0.23707227279574283,0.0
2.11,50.0,50.24081544297193,10.40267041768222,-0.23904113201553656,0.0
2.111,50.0,50.242396319379566,10.364338370121962,-0.24081544297192892,0.0
2.112,50.0,50.243784999281395,10.326215244241634,-0.24239631937956574,0.0
2.113,50.0,50.24498284264539,10.288325672655853,-0.2437849992813952,0.0
2.114,50.0,50.245991328903735,10.250693820196913,-0.24498284264539194,0.0
2.115,50.0,50.24681205443684,10.213343372401935,-0.24599132890373454,0.0
2.116,50.0,50.24744673000482,10.176297524482873,-0.2468120544368375,0.0
2.117,50.0,50.24789717812872,10.139578970780645,-0.24744673000481754,0.0
2.118,50.0,50.248165330424115,10.103209894705941,-0.24789717812871714,0.0
2.119,50.0,50.248253224889524,10.06721195916699,-0.24816533042411493,0.0
2.12,50.0,50.248163003152065,10.031606297485714,-0.24825322488952395,0.0
2.121,50.0,50.247896907672924,9.996413504802733,-0.2481630031520652,0.0
2.122,50.0,50.24745727891511,9.96165362997125,-0.24789690767292427,0.0
2.123,50.0,50.24684655247589,9.927346167939428,-0.24745727891510683,0.0
2.124,50.0,50.24606725618652,9.893510052621266,-0.24684655247588694,0.0
2.125,50.0,50.24512200718161,9.860163650254488,-0.24606725618652092,0.0
2.126,50.0,50.24401350894065,9.827324753244751,-0.2451220071816067,0.0
2.1270000000000002,50.0,50.242744548304174,9.79501057449403,-0.24401350894064677,0.0
2.128,50.0,50.24131799246693,9.763237742211908,-0.2427445483041737,0.0
2.129,50.0,50.2397367859505,9.732022295207143,-0.2413179924669322,0.0
2.13,50.0,50.238003947557836,9.701379678657332,-0.2397367859504982,0.0
2.1310000000000002,50.0,50.236122567312044,9.671324740353272,-0.23800394755783572,0.0
2.132,50.0,50.23409580338181,9.641871727415744,-0.2361225673120444,0.0
2.133,50.0,50.231926878995836,9.613034283480433,-0.23409580338181257,0.0
2.134,50.0,50.22961907934858,9.584825446347862,-0.23192687899583575,0.0
2.1350000000000002,50.0,50.227175748499704,9.55725764609406,-0.2296190793485806,0.0
2.136,50.0,50.22460028626939,9.53034270363766,-0.2271757484997039,0.0
2.137,50.0,50.22189614513192,9.504091829759059,-0.22460028626939277,0.0
2.138,50.0,50.21906682710962,9.47851562456658,-0.22189614513192168,0.0
2.1390000000000002,50.0,50.216115880669534,9.453624077404806,-0.21906682710962144,0.0
2.14,50.0,50.213046897624864,9.429426567199384,-0.21611588066953402,0.0
2.141,50.0,50.209863510043405,9.405931863233105,-0.21304689762486362,0.0
2.142,50.0,50.206569387165096,9.3831481263473,-0.2098635100434052,0.0
2.1430000000000002,50.0,50.20316823233074,9.361082910562248,-0.20656938716509643,0.0
2.144,50.0,50.19966377992396,9.339743165110661,-0.20316823233073933,0.0
2.145,50.0,50.19605979232843,9.319135236877601,-0.19966377992395934,0.0
2.146,50.0,50.1923600569023,9.29926487324008,-0.19605979232842685,0.0
2.1470000000000002,50.0,50.1885683829719,9.280137225299596,-0.1923600569023023,0.0
2.148,50.0,50.18468859884643,9.261756851500152,-0.18856838297190137,0.0
2.149,50.0,50.18072454885571,9.244127721624892,-0.18468859884642796,0.0
2.15,50.0,50.17668009041267,9.227253221163448,-0.1807245488557072,0.0
2.1510000000000002,50.0,50.17255909110247,9.211136156042905,-0.17668009041266686,0.0
2.152,50.0,50.16836542579994,9.195778757713818,-0.17255909110247103,0.0
2.153,50.0,50.16410297381706,9.181182688584105,-0.16836542579994074,0.0
2.154,50.0,50.1597756160822,9.167349047792047,-0.16410297381705874,0.0
2.1550000000000002,50.0,50.15538723235267,9.154278377310375,-0.15977561608220014,0.0
2.156,50.0,50.150941698462184,9.14197066837325,-0.15538723235267327,0.0
2.157,50.0,50.146442883604806,9.130425368217374,-0.15094169846218364,0.0
2.158,50.0,50.14189464765684,9.119641387128318,-0.14644288360480573,0.0
2.1590000000000003,50.0,50.1373008385381,9.10961710578402,-0.1418946476568408,0.0
2.16,50.0,50.132665289613996,9.100350382885921,-0.1373008385381027,0.0
2.161,50.0,50.12799181713973,9.09183856306909,-0.13266528961399615,0.0
2.162,50.0,50.123284217748,9.084078485082266,-0.12799181713972985,0.0
2.1630000000000003,50.0,50.118546265981394,9.077066490228576,-0.12328421774800091,0.0
2.164,50.0,50.1137817118707,9.070798431057788,-0.11854626598139362,0.0
2.165,50.0,50.10899427856033,9.065269680300862,-0.11378171187070052,0.0
2.166,50.0,50.10418765998196,9.060475140037466,-0.10899427856033128,0.0
2.1670000000000003,50.0,50.099365518577414,9.056409251086874,-0.10418765998196022,0.0
2.168,50.0,50.094531483071904,9.053066002613214,-0.09936551857741449,0.0
2.169,50.0,50.08968914629851,9.050438941935106,-0.09453148307190418,0.0
2.17,50.0,50.084842063074866,9.048521184530566,-0.08968914629851099,0.0
2.1710000000000003,50.0,50.07999374813293,9.047305424227579,-0.0848420630748663,0.0
2.172,50.0,50.075147674102645,9.046783943570626,-0.07999374813292803,0.0
2.173,50.0,50.07030726955031,9.046948624353831,-0.07514767410264511,0.0
2.174,50.0,50.06547591707232,9.047790958311056,-0.07030726955031241,0.0
2.1750000000000003,50.0,50.06065695144501,9.049302057953552,-0.06547591707231959,0.0
2.176,50.0,50.05585365783129,9.051472667545399,-0.06065695144501149,0.0
2.177,50.0,50.0510692700445,9.054293174207265,-0.05585365783129248,0.0
2.178,50.0,50.046306968870155,9.05775361913934,-0.05106927004450057,0.0
2.179,50.0,50.041569880446055,9.061843708953566,-0.046306968870155174,0.0
2.18,50.0,50.036861074701136,9.066552827105836,-0.0415698804460547,0.0
2.181,50.0,50.03218356385353,9.071870045418981,-0.036861074701135976,0.0
2.182,50.0,50.02754030096811,9.07778413568696,-0.03218356385352905,0.0
2.183,50.0,50.0229341785739,9.084283581351256,-0.027540300968112774,0.0
2.184,50.0,50.01836802734152,9.091356589240094,-0.022934178573898123,0.0
2.185,50.0,50.01384461482099,9.098991101361158,-0.01836802734152343,0.0
2.186,50.0,50.00936664423986,9.10717480673927,-0.01384461482098942,0.0
2.187,50.0,50.00493675336207,9.11589515328959,-0.009366644239861444,0.0
2.188,50.0,50.000557513407294,9.125139359717421,-0.004936753362066781,0.0
2.189,50.0,49.99623142803107,9.134894427436185,-0.0005575134072941523,0.0
2.19,50.0,49.99196093236551,9.145147152494605,0.003768571968933543,0.0
2.191,50.0,49.987748392120665,9.15588413750424,0.008039067634491914,0.0
2.192,50.0,49.98359610274634,9.167091803559403,0.012251607879335324,0.0
2.193,50.0,49.9795062886543,9.178756402140642,0.016403897253660205,0.0
2.194,50.0,49.97548110250061,9.190864026993527,0.02049371134570066,0.0
2.195,50.0,49.971522624527985,9.203400625974933,0.024518897499390846,0.0
2.196,50.0,49.96763286196775,9.216352012858064,0.0284773754720149,0.0
2.197,50.0,49.96381374850123,9.22970387908926,0.03236713803224944,0.0
2.198,50.0,49.96006714378017,9.243441805487889,0.036186251498769195,0.0
2.199,50.0,49.9563948330058,9.25755127388214,0.039932856219827784,0.0
2.2,50.0,49.95279852656616,9.272017678673269,0.043605166994197475,0.0
2.201,50.0,49.9492798597312,9.286826338320553,0.04720147343383729,0.0
2.202,50.0,49.94584039240517,9.301962506740153,0.05072014026880112,0.0
2.203,50.0,49.942481608935815,9.317411384610526,0.0541596075948334,0.0
2.204,50.0,49.939204917979765,9.333158130577512,0.05751839106418544,0.0
2.205,50.0,49.936011652423545,9.349187872352509,0.06079508202023476,0.0
2.206,50.0,49.932903069359604,9.365485717696826,0.06398834757645488,0.0
2.207,50.0,49.929880350116676,9.382036765286038,0.06709693064039612,0.0
2.208,50.0,49.9269446003438,9.398826115447969,0.07011964988332409,0.0
2.209,50.0,49.9240968501473,9.415838880768172,0.073055399656198,0.0
2.21,50.0,49.921338054279936,9.43306019655696,0.07590314985269941,0.0
2.211,50.0,49.91866909238151,9.450475231172227,0.07866194572006435,0.0
2.212,50.0,49.91609076927009,9.468069196192447,0.08133090761848649,0.0
2.213,50.0,49.913603815283,9.485827356434545,0.0839092307299083,0.0
2.214,50.0,49.91120888666677,9.503735039811191,0.08639618471700317,0.0
2.215,50.0,49.90890656601522,9.521777647022695,0.08879111333322953,0.0
2.216,50.0,49.90669736275459,9.539940661078235,0.09109343398478131,0.0
2.217,50.0,49.90458171367505,9.55820965664222,0.093302637245408,0.0
2.218,50.0,49.90255998350738,9.576570309200736,0.09541828632494997,0.0
2.219,50.0,49.90063246554409,9.595008404044313,0.09744001649261946,0.0
2.22,50.0,49.89879938230386,9.613509845062262,0.09936753445590796,0.0
2.221,50.0,49.89706088623828,9.632060663344953,0.10120061769614352,0.0
2.222,50.0,49.89541706047999,9.650647025590267,0.10293911376172105,0.0
2.223,50.0,49.89386791963106,9.669255242310571,0.1045829395200073,0.0
2.224,50.0,49.89241341059061,9.687871775836593,0.10613208036893695,0.0
2.225,50.0,49.8910534134206,9.706483248115257,0.10758658940938659,0.0
2.226,50.0,49.88978774224867,9.725076448298374,0.1089465865793997,0.0
2.227,50.0,49.88861614620702,9.743638340119277,0.11021225775132848,0.0
2.228,50.0,49.887538310406086,9.762156069054624,0.11138385379297944,0.0
2.229,50.0,49.88655385694202,9.780616969269202,0.11246168959391412,0.0
2.23,50.0,49.88566234593679,9.799008570341071,0.11344614305797762,0.0
2.231,50.0,49.88486327660968,9.81731860376518,0.11433765406321328,0.0
2.232,50.0,49.884156088379235,9.835535009233556,0.11513672339032155,0.0
2.233,50.0,49.883540161994304,9.853645940690079,0.11584391162076457,0.0
2.234,50.0,49.8830148206931,9.871639772158392,0.11645983800569581,0.0
2.235,50.0,49.88257933138912,9.889505103341756,0.11698517930690144,0.0
2.236,50.0,49.882232905882695,9.907230764993331,0.11742066861088318,0.0
2.237,50.0,49.8819747020971,9.924805824056206,0.1177670941173048,0.0
2.238,50.0,49.88180382533786,9.942219588571847,0.1180252979029035,0.0
2.239,50.0,49.88171932957431,9.959461612356856,0.11819617466213828,0.0
2.24,50.0,49.88172021874197,9.976521699447106,0.11828067042569046,0.0
2.241,50.0,49.881805448064775,9.993389908309144,0.11827978125803185,0.0
2.242,50.0,49.881973925395805,10.01005655581856,0.11819455193522543,0.0
2.243,50.0,49.88222451257544,10.026512221005673,0.11802607460419523,0.0
2.244,50.0,49.88255602680571,10.042747748568132,0.11777548742455934,0.0
2.245,50.0,49.88296724203966,10.058754252151315,0.11744397319429112,0.0
2.246,50.0,49.88345689038461,10.07452311739674,0.11703275796033807,0.0
2.247,50.0,49.88402366351802,10.090046004759229,0.11654310961539238,0.0
2.248,50.0,49.88466621411497,10.10531485209364,0.11597633648197814,0.0
2.249,50.0,49.885383157285915,10.120321877012202,0.11533378588502785,0.0
2.25,50.0,49.886173072023695,10.135059579013383,0.11461684271408501,0.0
2.251,50.0,49.88703450265859,10.149520741383778,0.11382692797630511,0.0
2.2520000000000002,50.0,49.8879659603203,10.163698432874444,0.11296549734141337,0.0
2.253,50.0,49.888965924405746,10.177586009152929,0.11203403967969905,0.0
2.254,50.0,49.890032844051504,10.19117711403321,0.11103407559425449,0.0
2.255,50.0,49.891165139609875,10.204465680484864,0.10996715594849604,0.0
2.2560000000000002,50.0,49.89236120412738,10.217445931423779,0.10883486039012524,0.0
2.257,50.0,49.89361940482469,10.230112380286446,0.10763879587261727,0.0
2.258,50.0,49.894938084576815,10.242459831390018,0.10638059517530962,0.0
2.259,50.0,49.89631556339264,10.25448338008058,0.10506191542318533,0.0
2.2600000000000002,50.0,49.89775013989261,10.266178412671872,0.10368443660735949,0.0
2.261,50.0,49.8992400927836,10.277540606177505,0.10224986010739201,0.0
2.262,50.0,49.90078368233001,10.288565927839016,0.10075990721639982,0.0
2.263,50.0,49.90237915181994,10.299250634452658,0.09921631766999184,0.0
2.2640000000000002,50.0,49.904024729025615,10.30959127149803,0.0976208481800569,0.0
2.265,50.0,49.905718627656945,10.319584672071546,0.0959752709743853,0.0
2.266,50.0,49.907459048807425,10.329227955627637,0.09428137234305467,0.0
2.267,50.0,49.90924418239128,10.338518526531239,0.092540951192575,0.0
2.2680000000000002,50.0,49.91107220857101,10.34745407242482,0.09075581760872353,0.0
2.269,50.0,49.912941299174506,10.356032562413425,0.08892779142899343,0.0
2.27,50.0,49.914849619100686,10.364252245070876,0.08705870082549438,0.0
2.271,50.0,49.91679532771294,10.372111646271547,0.08515038089931437,0.0
2.2720000000000002,50.0,49.91877658021948,10.379609566850425,0.08320467228706008,0.0
2.273,50.0,49.92079152903974,10.386745080095931,0.08122341978052106,0.0
2.274,50.0,49.92283832515609,10.393517529079151,0.07920847096026051,0.0
2.275,50.0,49.924915119450056,10.399926523823193,0.07716167484390724,0.0
2.2760000000000002,50.0,49.92702006402219,10.405971938316764,0.07508488054994444,0.0
2.277,50.0,49.92915131349505,10.411653907376289,0.07297993597781272,0.0
2.278,50.0,49.931307026298356,10.416972823359957,0.07084868650495224,0.0
2.279,50.0,49.93348536593575,10.421929332738705,0.06869297370164418,0.0
2.2800000000000002,50.0,49.935684502232455,10.426524332527682,0.06651463406424796,0.0
2.281,50.0,49.937902612563136,10.430758966582689,0.06431549776754508,0.0
2.282,50.0,49.9401378830594,10.434634621765943,0.06209738743686444,0.0
2.283,50.0,49.94238850979627,10.438152923985415,0.059862116940600174,0.0
2.2840000000000003,50.0,49.94465269995703,10.441315734112067,0.05761149020373324,0.0
2.285,50.0,49.94692867297597,10.444125143779535,0.05534730004296762,0.0
2.286,50.0,49.949214661658345,10.446583471070602,0.05307132702402839,0.0
2.287,50.0,49.95150891327716,10.448693256094804,0.05078533834165455,0.0
2.2880000000000003,50.0,49.95380969064619,10.450457256461904,0.04849108672284075,0.0
2.289,50.0,49.95611527316882,10.45187844265563,0.04619030935381119,0.0
2.29,50.0,49.95842395786221,10.452959993312037,0.04388472683118039,0.0
2.291,50.0,49.96073406035638,10.453705290407319,0.04157604213779109,0.0
2.2920000000000003,50.0,49.96304391586782,10.45411791435934,0.03926593964362013,0.0
2.293,50.0,49.96535188014719,10.454201639047564,0.036956084132178546,0.0
2.294,50.0,49.96765633040082,10.453960426756078,0.03464811985281102,0.0
2.295,50.0,49.96995566618564,10.45339842304377,0.03234366959917878,0.0
2.2960000000000003,50.0,49.97224831027719,10.452519951546877,0.030044333814359447,0.0
2.297,50.0,49.9745327095105,10.451329508717924,0.0277516897228125,0.0
2.298,50.0,49.97680733559351,10.449831758505697,0.025467290489501693,0.0
2.299,50.0,49.97907068589282,10.44803152698099,0.02319266440648704,0.0
2.3000000000000003,50.0,49.98132128419149,10.445933796912314,0.020929314107178243,0.0
2.301,50.0,49.98355768141878,10.443543702296285,0.018678715808512436,0.0
2.302,50.0,49.985778456351596,10.440866522846946,0.016442318581219695,0.0
2.303,50.0,49.98798221628749,10.437907678448756,0.014221543648403667,0.0
2.3040000000000003,50.0,49.99016759768909,10.434672723577124,0.01201778371250839,0.0
2.305,50.0,49.992333266799854,10.431167341691575,0.009832402310912869,0.0
2.306,50.0,49.99447792023108,10.427397339605102,0.007666733200146325,0.0
2.307,50.0,49.99660028552002,10.423368641834745,0.005522079768923049,0.0
2.308,50.0,49.998699121659186,10.419087284937131,0.003399714479982663,0.0
2.309,50.0,50.000773219596695,10.414559411833379,0.001300878340813938,0.0
2.31,50.0,50.00282140270774,10.409791266127705,-0.0007732195966951849,0.0
2.311,50.0,50.004842527237145,10.404789186423466,-0.0028214027077382298,0.0
2.312,50.0,50.006835482713115,10.39955960064116,-0.004842527237144623,0.0
2.313,50.0,50.00879919233211,10.39410902034203,-0.006835482713114516,0.0
2.314,50.0,50.01073261331509,10.38844403506172,-0.008799192332112682,0.0
2.315,50.0,50.01263473723506,10.382571306657287,-0.01073261331509201,0.0
2.316,50.0,50.014504590316186,10.376497563672022,-0.012634737235060811,0.0
2.317,50.0,50.01634123370447,10.370229595721378,-0.014504590316185784,0.0
2.318,50.0,50.01814376371029,10.363774247904308,-0.016341233704473268,0.0
2.319,50.0,50.0199113120228,10.357138415243039,-0.018143763710291694,0.0
2.32,50.0,50.02164304589655,10.350329037155563,-0.019911312022799166,0.0
2.321,50.0,50.023338168310474,10.343353091963825,-0.021643045896553303,0.0
2.322,50.0,50.02499591809937,10.336217591441365,-0.02333816831047386,0.0
2.323,50.0,50.02661557005829,10.328929575403842,-0.024995918099371295,0.0
2.324,50.0,50.02819643501996,10.321496106345764,-0.02661557005828996,0.0
2.325,50.0,50.029737859905566,10.31392426412644,-0.028196435019957278,0.0
2.326,50.0,50.031239227749204,10.306221140708677,-0.02973785990556621,0.0
2.327,50.0,50.032699957696224,10.298393834953156,-0.031239227749203735,0.0
2.328,50.0,50.034119504975884,10.290449447471554,-0.03269995769622369,0.0
2.329,50.0,50.035497360848616,10.282395075541391,-0.034119504975883785,0.0
2.33,50.0,50.036833052528195,10.274237808085214,-0.03549736084861621,0.0
2.331,50.0,50.03812614307925,10.265984720717515,-0.0368330525281948,0.0
2.332,50.0,50.03937623129048,10.257642870861398,-0.03812614307925344,0.0
2.333,50.0,50.04058295152388,10.24921929293804,-0.03937623129048262,0.0
2.334,50.0,50.041745973540515,10.240720993631479,-0.040582951523880695,0.0
2.335,50.0,50.04286500230313,10.232154947230864,-0.04174597354051457,0.0
2.336,50.0,50.043939777756094,10.223528091053005,-0.04286500230313095,0.0
2.337,50.0,50.04497007458308,10.214847320947143,-0.043939777756094145,0.0
2.338,50.0,50.045955701942916,10.206119486884221,-0.04497007458307678,0.0
2.339,50.0,50.046896503184136,10.19735138863294,-0.04595570194291554,0.0
2.34,50.0,50.047792355538576,10.188549771524361,-0.04689650318413641,0.0
2.341,50.0,50.04864316979457,10.179721322307188,-0.04779235553857575,0.0
2.342,50.0,50.049448889950256,10.17087266509558,-0.04864316979457328,0.0
2.343,50.0,50.05020949284736,10.162010357411017,-0.04944888995025565,0.0
2.344,50.0,50.05092498778611,10.153140886320209,-0.050209492847358206,0.0
2.345,50.0,50.05159541612168,10.144270664670382,-0.050924987786110876,0.0
2.346,50.0,50.05222085084267,10.1354060274236,-0.051595416121678284,0.0
2.347,50.0,50.05280139613229,10.126553228091476,-0.05222085084267292,0.0
2.348,50.0,50.053337186912515,10.117718435271374,-0.0528013961322884,0.0
2.349,50.0,50.05382838837203,10.108907729285821,-0.05333718691251477,0.0
2.35,50.0,50.05427519547829,10.100127098925748,-0.05382838837203252,0.0
2.351,50.0,50.054677832474304,10.0913824382989,-0.05427519547829007,0.0
2.352,50.0,50.055036552360754,10.082679543784332,-0.054677832474304466,0.0
2.353,50.0,50.05535163636386,10.074024111093754,-0.05503655236075389,0.0
2.354,50.0,50.0556233933897,10.065421732440818,-0.05535163636385931,0.0
2.355,50.0,50.0558521594654,10.05687789381847,-0.0556233933897019,0.0
2.356,50.0,50.056038297167866,10.048397972385795,-0.05585215946540245,0.0
2.357,50.0,50.05618219504052,10.039987233963968,-0.05603829716786635,0.0
2.358,50.0,50.056284266998695,10.031650830642613,-0.056182195040520355,0.0
2.359,50.0,50.05634495172418,10.02339379849634,-0.05628426699869493,0.0
2.36,50.0,50.056364712049515,10.01522105541196,-0.05634495172417786,0.0
2.361,50.0,50.0563440343326,10.007137399026565,-0.056364712049514765,0.0
2.362,50.0,50.056283427822144,9.999147504776667,-0.05634403433259649,0.0
2.363,50.0,50.05618342401461,9.991255924058175,-0.05628342782214446,0.0
2.364,50.0,50.05604457600309,9.98346708249746,-0.056183424014612626,0.0
2.365,50.0,50.05586745781875,9.97578527833324,-0.056044576003088764,0.0
2.366,50.0,50.05565266376548,9.968214680909115,-0.055867457818749244,0.0
2.367,50.0,50.05540080774809,9.960759329276247,-0.055652663765478394,0.0
2.368,50.0,50.055112522594875,9.953423130906447,-0.05540080774809297,0.0
2.369,50.0,50.054788459374855,9.946209860514424,-0.0551125225948752,0.0
2.37,50.0,50.05442928671042,9.93912315898935,-0.05478845937485488,0.0
2.371,50.0,50.05403569008589,9.932166532434977,-0.05442928671042324,0.0
2.372,50.0,50.05360837115239,9.925343351317272,-0.0540356900858896,0.0
2.373,50.0,50.053148047029836,9.918656849719689,-0.05360837115239292,0.0
2.374,50.0,50.05265544960633,9.91211012470446,-0.05314804702983622,0.0
2.375,50.0,50.05213132483562,9.905706135779427,-0.052655449606326954,0.0
2.376,50.0,50.05157643203313,9.89944770446968,-0.052131324835620774,0.0
2.3770000000000002,50.0,50.05099154317106,9.893337513992801,-0.051576432033130004,0.0
2.378,50.0,50.05037744217307,9.88737810903644,-0.05099154317105814,0.0
2.379,50.0,50.04973492420909,9.881571895637745,-0.050377442173072495,0.0
2.38,50.0,50.0490647949907,9.87592114116306,-0.049734924209090536,0.0
2.3810000000000002,50.0,50.04836787006764,9.87042797438659,-0.0490647949906986,0.0
2.382,50.0,50.04764497412591,9.86509438566711,-0.04836787006764354,0.0
2.383,50.0,50.04689694028789,9.859922227221222,-0.047644974125908846,0.0
2.384,50.0,50.04612460941506,9.85491321349163,-0.046896940287886935,0.0
2.3850000000000002,50.0,50.04532882941369,9.85006892160936,-0.04612460941505958,0.0
2.386,50.0,50.04451045454402,9.84539079194822,-0.045328829413691096,0.0
2.387,50.0,50.04367034473332,9.840880128769836,-0.044510454544017364,0.0
2.388,50.0,50.04280936489338,9.836538100958037,-0.04367034473332154,0.0
2.3890000000000002,50.0,50.04192838424269,9.832365742840757,-0.04280936489337961,0.0
2.39,50.0,50.041028275633934,9.828363955097887,-0.041928384242687855,0.0
2.391,50.0,50.04010991488707,9.824533505753179,-0.041028275633934186,0.0
2.392,50.0,50.03917418012843,9.820875031248834,-0.0401099148870685,0.0
2.3930000000000002,50.0,50.0382219511363,9.817389037600686,-0.03917418012842688,0.0
2.394,50.0,50.037254108693325,9.814075901632226,-0.03822195113630045,0.0
2.395,50.0,50.03627153394606,9.810935872285706,-0.03725410869332535,0.0
2.396,50.0,50.03527510777216,9.807969072008474,-0.03627153394606353,0.0
2.3970000000000002,50.0,50.034265710155445,9.805175498212552,-0.03527510777215781,0.0
2.398,50.0,50.03324421956932,9.802555024805349,-0.034265710155445106,0.0
2.399,50.0,50.0322115123687,9.800107403789951,-0.033244219569319,0.0
2.4,50.0,50.03116846219099,9.797832266932831,-0.032211512368697015,0.0
2.4010000000000002,50.0,50.03011593936628,9.795729127496557,-0.031168462190990454,0.0
2.402,50.0,50.0290548103371,9.793797382036189,-0.030115939366282873,0.0
2.403,50.0,50.02798593708805,9.79203631225679,-0.02905481033710089,0.0
2.404,50.0,50.02691017658561,9.79044508693016,-0.027985937088047308,0.0
2.4050000000000002,50.0,50.02582838022837,9.789022763868529,-0.026910176585609236,0.0
2.406,50.0,50.024741393307906,9.787768291953451,-0.02582838022836853,0.0
2.407,50.0,50.02365005448068,9.786680513217533,-0.024741393307905923,0.0
2.408,50.0,50.02255519525109,9.785758164976727,-0.023650054480683025,0.0
2.4090000000000003,50.0,50.02145763946589,9.784999882011405,-0.022555195251086957,0.0
2.41,50.0,50.0203582028204,9.784404198793913,-0.021457639465893408,0.0
2.411,50.0,50.01925769237638,9.783969551760238,-0.020358202820396798,0.0
2.412,50.0,50.01815690609212,9.783694281623944,-0.01925769237637809,0.0
2.4130000000000003,50.0,50.01705663236468,9.783576635730055,-0.018156906092123393,0.0
2.414,50.0,50.01595764958455,9.783614770446775,-0.017056632364678137,0.0
2.415,50.0,50.01486072570293,9.78380675359262,-0.015957649584549927,0.0
2.416,50.0,50.01376661781172,9.784150566897436,-0.014860725702931177,0.0
2.4170000000000003,50.0,50.01267607173638,9.784644108494309,-0.013766617811718618,0.0
2.418,50.0,50.01158982164185,9.785285195440842,-0.012676071736379413,0.0
2.419,50.0,50.01050858965154,9.786071566267312,-0.01158982164184863,0.0
2.42,50.0,50.00943308547964,9.78700088354978,-0.010508589651543332,0.0
2.4210000000000003,50.0,50.00836400607669,9.788070736505773,-0.0094330854796425,0.0
2.422,50.0,50.00730203528867,9.789278643610698,-0.008364006076689634,0.0
2.423,50.0,50.00624784352954,9.790622055232475,-0.007302035288667241,0.0
2.424,50.0,50.00520208746743,9.792098356282807,-0.006247843529543218,0.0
2.4250000000000003,50.0,50.00416540972438,9.793704868882497,-0.005202087467431227,0.0
2.426,50.0,50.00313843858985,9.795438855039038,-0.004165409724379288,0.0
2.427,50.0,50.00212178774793,9.797297519334311,-0.003138438589850523,0.0
2.428,50.0,50.00111605601828,9.799278011620336,-0.0021217877479315916,0.0
2.4290000000000003,50.0,50.000121827110874,9.801377429721171,-0.0011160560182830181,0.0
2.43,50.0,49.99913966939446,9.803592822138754,-0.00012182711087405096,0.0
2.431,50.0,49.99817013567887,9.805921190761046,0.0008603306055405824,0.0
2.432,50.0,49.99721376301104,9.80835949357003,0.0018298643211309695,0.0
2.433,50.0,49.99627107248477,9.810904647348021,0.002786236988960411,0.0
2.434,50.0,49.995342569064185,9.813553530380357,0.003728927515233238,0.0
2.435,50.0,49.99442874142088,9.816302985152333,0.0046574309358149435,0.0
2.436,50.0,49.993530061784654,9.819149821038852,0.005571258579117,0.0
2.437,50.0,49.992646985807795,9.822090816984646,0.00646993821534636,0.0
2.438,50.0,49.991779952442855,9.825122724173427,0.00735301419220491,0.0
2.439,50.0,49.99092938383384,9.828242268684438,0.008220047557145449,0.0
2.44,50.0,49.99009568522067,9.831446154134026,0.009070616166162893,0.0
2.441,50.0,49.98927924485696,9.834731064301334,0.00990431477932674,0.0
2.442,50.0,49.98848043394078,9.838093665735665,0.010720755143040606,0.0
2.443,50.0,49.987699606558564,9.841530610344556,0.011519566059220665,0.0
2.444,50.0,49.98693709964181,9.845038537960416,0.01230039344143563,0.0
2.445,50.0,49.986193232936586,9.848614078884628,0.01306290035819302,0.0
2.446,50.0,49.98546830898569,9.852253856407025,0.013806767063414327,0.0
2.447,50.0,49.9847626131232,9.855954489299778,0.014531691014312287,0.0
2.448,50.0,49.984076413481496,9.8597125942841,0.015237386876798098,0.0
2.449,50.0,49.98340996101035,9.86352478846792,0.015923586518503896,0.0
2.45,50.0,49.98276348950811,9.86738769175371,0.016590038989647837,0.0
2.451,50.0,49.98213721566467,9.871297929214865,0.01723651049189101,0.0
2.452,50.0,49.9815313391162,9.875252133439288,0.017862784335328286,0.0
2.453,50.0,49.98094604251128,9.879246946838899,0.01846866088379784,0.0
2.454,50.0,49.98038149158839,9.883279023924056,0.019053957488722517,0.0
2.455,50.0,49.979837835264505,9.887345033541315,0.019618508411610946,0.0
2.456,50.0,49.97931520573461,9.891441661073909,0.02016216473549548,0.0
2.457,50.0,49.97881371858189,9.895565610603109,0.02068479426539227,0.0
2.458,50.0,49.978333472898456,9.899713607030208,0.021186281418110298,0.0
2.459,50.0,49.97787455141634,9.903882398157558,0.021666527101544375,0.0
2.46,50.0,49.977437020648566,9.908068756727705,0.02212544858365817,0.0
2.461,50.0,49.977020931040016,9.91226948241999,0.022562979351434365,0.0
2.462,50.0,49.976626317127995,9.91648140380352,0.022979068959983806,0.0
2.463,50.0,49.9762531977121,9.920701380245438,0.023373682872005475,0.0
2.464,50.0,49.97590157603326,9.924926303774148,0.023746802287902824,0.0
2.465,50.0,49.975571439961705,9.929153100896341,0.024098423966741223,0.0
2.466,50.0,49.97526276219358,9.933378734367233,0.02442856003829519,0.0
2.467,50.0,49.974975500455955,9.937600204913187,0.0247372378064199,0.0
2.468,50.0,49.97470959772003,9.941814552906482,0.025024499544045398,0.0
2.469,50.0,49.97446498242226,9.946018859991083,0.025290402279971147,0.0
2.47,50.0,49.97424156869314,9.950210250659085,0.025535017577738017,0.0
2.471,50.0,49.97403925659333,9.954385893777472,0.02575843130686195,0.0
2.472,50.0,49.973857932357056,9.958543004064586,0.025960743406670872,0.0
2.473,50.0,49.97369746864228,9.962678843515523,0.0261420676429438,0.0
2.474,50.0,49.97355772478752,9.966790722776762,0.026302531357721648,0.0
2.475,50.0,49.97343854707508,9.970876002469163,0.026442275212481547,0.0
2.476,50.0,49.9733397690003,9.974932094458973,0.0265614529249234,0.0
2.477,50.0,49.973261211546685,9.978956463077008,0.026660230999702605,0.0
2.478,50.0,49.97320268346657,9.982946626285337,0.02673878845331501,0.0
2.479,50.0,49.97316398156706,9.986900156791538,0.026797316533432536,0.0
2.48,50.0,49.97314489100105,9.99081468311022,0.026836018432938147,0.0
2.481,50.0,49.973145185562906,9.99468789057182,0.026855108998951494,0.0
2.482,50.0,49.97316462798874,9.998517522278535,0.02685481443709392,0.0
2.483,50.0,49.973202970260786,10.002301380007285,0.026835372011262848,0.0
2.484,50.0,49.97325995391583,10.006037325059971,0.02679702973921394,0.0
2.485,50.0,49.973335310357214,10.00972327906068,0.026740046084171354,0.0
2.486,50.0,49.97342876117036,10.013357224700318,0.026664689642785788,0.0
2.487,50.0,49.973540018441334,10.01693720642832,0.0265712388296393,0.0
2.488,50.0,49.97366878507835,10.02046133109221,0.026459981558666357,0.0
2.489,50.0,49.9738147551359,10.023927768524564,0.026331214921647472,0.0
2.49,50.0,49.97397761414115,10.027334752077925,0.02618524486410223,0.0
2.491,50.0,49.97415703942255,10.030680579108049,0.02602238585885175,0.0
2.492,50.0,49.97435270044016,10.033963611405289,0.025842960577449503,0.0
2.493,50.0,49.97456425911759,10.037182275575153,0.025647299559842907,0.0
2.494,50.0,49.97479137017531,10.040335063367621,0.025435740882407742,0.0
2.495,50.0,49.975033681464915,10.04342053195613,0.02520862982468941,0.0
2.496,50.0,49.97529083430428,10.046437304166501,0.024966318535085463,0.0
2.497,50.0,49.97556246381326,10.049384068656252,0.024709165695718127,0.0
2.498,50.0,49.975848199249675,10.052259580044723,0.024437536186738384,0.0
2.499,50.0,49.9761476643454,10.055062658994627,0.024151800750324526,0.0
2.5,50.0,49.97646047764228,10.057792192245461,0.02385233565460254,0.0
2.501,50.0,49.97678625282763,10.060447132599322,0.02353952235772283,0.0
2.5020000000000002,50.0,49.9771245990691,10.063026498859935,0.023213747172370347,0.0
2.503,50.0,49.977475121348654,10.06552937572528,0.022875400930900014,0.0
2.504,50.0,49.97783742079548,10.067954913634528,0.022524878651346114,0.0
2.505,50.0,49.978211095017535,10.070302328569916,0.022162579204518806,0.0
2.5060000000000002,50.0,49.97859573843159,10.07257090181454,0.021788904982464885,0.0
2.507,50.0,49.978990942591494,10.074759979666135,0.02140426156840647,0.0
2.508,50.0,49.979396296514444,10.076868973108418,0.021009057408505782,0.0
2.509,50.0,49.97981138700513,10.078897357440004,0.020603703485555513,0.0
2.5100000000000002,50.0,49.98023579897743,10.080844671862138,0.020188612994871846,0.0
2.511,50.0,49.98066911577359,10.082710519025884,0.019764201022567818,0.0
2.512,50.0,49.981110919480514,10.084494564539561,0.019330884226413048,0.0
2.513,50.0,49.98156079124322,10.086196536437418,0.0188890805194859,0.0
2.5140000000000002,50.0,49.982018311575025,10.08781622461013,0.01843920875678151,0.0
2.515,50.0,49.98248306066444,10.089353480198154,0.017981688424974607,0.0
2.516,50.0,49.98295461867853,10.090808214949005,0.017516939335557424,0.0
2.517,50.0,49.98343256606254,10.092180400539005,0.017045381321473485,0.0
2.5180000000000002,50.0,49.98391648383578,10.093470067860682,0.016567433937460407,0.0
2.519,50.0,49.984405953883325,10.09467730627645,0.016083516164222544,0.0
2.52,50.0,49.98490055924364,10.09580226284001,0.015594046116675031,0.0
2.521,50.0,49.985399884391825,10.096845141486023,0.015099440756358717,0.0
2.5220000000000002,50.0,49.98590351551838,10.097806202188995,0.014600115608175201,0.0
2.523,50.0,49.986411040803326,10.098685760092575,0.014096484481619598,0.0
2.524,50.0,49.98692205068557,10.09948418461032,0.013588959196674466,0.0
2.525,50.0,49.98743613812738,10.10020189849845,0.01307794931442885,0.0
2.5260000000000002,50.0,49.987952898873765,10.10083937690205,0.012563861872621374,0.0
2.527,50.0,49.98847193170677,10.101397146375687,0.012047101126235304,0.0
2.528,50.0,49.98899283869446,10.101875783879187,0.011528068293230831,0.0
2.529,50.0,49.98951522543451,10.102275915749724,0.011007161305542468,0.0
2.5300000000000002,50.0,49.990038701292335,10.102598216651396,0.010484774565490795,0.0
2.531,50.0,49.99056287963356,10.102843408503055,0.009961298707665378,0.0
2.532,50.0,49.99108737805085,10.103012259385755,0.009437120366442286,0.0
2.533,50.0,49.99161181858495,10.103105582430334,0.008912621949150434,0.0
2.5340000000000003,50.0,49.9921358279398,10.103124234686657,0.008388181415050155,0.0
2.535,50.0,49.99265903769174,10.103069115975437,0.00786417206020218,0.0
2.536,50.0,49.99318108449266,10.102941167723406,0.007340962308262533,0.0
2.537,50.0,49.99370161026709,10.102741371783246,0.0068189155073383745,0.0
2.5380000000000003,50.0,49.99422026240302,10.10247074923888,0.006298389732911858,0.0
2.539,50.0,49.9947366939366,10.10213035919771,0.005779737596981249,0.0
2.54,50.0,49.995250563730515,10.101721297570268,0.005263306063397977,0.0
2.541,50.0,49.99576153664598,10.101244695838544,0.004749436269484875,0.0
2.5420000000000003,50.0,49.9962692837084,10.10070171981417,0.004238463354020894,0.0
2.543,50.0,49.996773482266626,10.100093568387269,0.0037307162915993786,0.0
2.544,50.0,49.99727381614569,10.099421472266801,0.0032265177333741235,0.0
2.545,50.0,49.99776997579312,10.098686692713901,0.002726183854306896,0.0
2.5460000000000003,50.0,49.99826165841867,10.097890520268795,0.0022300242068808984,0.0
2.547,50.0,49.99874856812762,10.097034273472408,0.0017383415813299052,0.0
2.548,50.0,49.99923041604741,10.09611929758356,0.0012514318723830797,0.0
2.549,50.0,49.99970692044783,10.09514696329299,0.0007695839525894144,0.0
2.5500000000000003,50.0,50.00017780685455,10.094118665434795,0.0002930795521720597,0.0
2.551,50.0,50.00064280815618,10.093035821696429,-0.0001778068545519318,0.0
2.552,50.0,50.00110166470466,10.091899871328243,-0.000642808156179342,0.0
2.553,50.0,50.001554124409225,10.090712273853464,-0.0011016647046631078,0.0
2.5540000000000003,50.0,50.001999942823716,10.08947450777934,-0.0015541244092247553,0.0
2.555,50.0,50.00243888322745,10.088188069310617,-0.001999942823715628,0.0
2.556,50.0,50.002870716699555,10.08685447106618,-0.0024388832274482297,0.0
2.557,50.0,50.00329522218685,10.08547524079952,-0.002870716699554521,0.0
2.5580000000000003,50.0,50.00371218656528,10.084051920124201,-0.0032952221868498555,0.0
2.559,50.0,50.00412140469494,10.082586063244879,-0.0037121865652807173,0.0
2.56,50.0,50.00452267946872,10.081079235695022,-0.0041214046949420435,0.0
2.561,50.0,50.00491582185466,10.079533013082,-0.00452267946872098,0.0
2.562,50.0,50.00530065093201,10.077948979840091,-0.004915821854659441,0.0
2.563,50.0,50.005676993921035,10.076328727992657,-0.005300650932007045,0.0
2.564,50.0,50.006044686206735,10.074673855924104,-0.005676993921035489,0.0
2.565,50.0,50.00640357135634,10.072985967162008,-0.00604468620673515,0.0
2.566,50.0,50.00675350113084,10.071266669170859,-0.006403571356337068,0.0
2.567,50.0,50.00709433549049,10.069517572157404,-0.006753501130837947,0.0
2.568,50.0,50.007425942594445,10.06774028788896,-0.007094335490492654,0.0
2.569,50.0,50.007748198794474,10.065936428524727,-0.007425942594444734,0.0
2.57,50.0,50.00806098862299,10.064107605461379,-0.0077481987944736375,0.0
2.571,50.0,50.00836420477533,10.06225542819324,-0.008060988622986542,0.0
2.572,50.0,50.0086577480865,10.06038150318769,-0.00836420477533295,0.0
2.573,50.0,50.008941527502294,10.058487432776587,-0.008657748086498884,0.0
2.574,50.0,50.00921546004511,10.0565748140641,-0.008941527502294377,0.0
2.575,50.0,50.00947947077432,10.054645237851618,-0.009215460045112422,0.0
2.576,50.0,50.009733492741454,10.052700287580453,-0.009479470774323318,0.0
2.577,50.0,50.00997746694018,10.0507415382925,-0.009733492741453631,0.0
2.578,50.0,50.01021134225129,10.048770555609838,-0.009977466940178203,0.0
2.579,50.0,50.0104350753827,10.046788894733329,-0.010211342251288613,0.0
2.58,50.0,50.010648630804624,10.044798099460952,-0.010435075382702053,0.0
2.581,50.0,50.01085198067995,10.04279970122628,-0.010648630804624304,0.0
2.582,50.0,50.01104510479006,10.040795218157605,-0.010851980679952078,0.0
2.583,50.0,50.01122799045606,10.038786154157988,-0.011045104790056826,0.0
2.584,50.0,50.01140063245563,10.036773998006588,-0.011227990456056602,0.0
2.585,50.0,50.01156303293559,10.034760222482056,-0.011400632455632831,0.0
2.586,50.0,50.01171520132019,10.032746283507754,-0.011563032935590911,0.0
2.587,50.0,50.01185715421547,10.030733619319722,-0.011715201320193103,0.0
2.588,50.0,50.01198891530954,10.028723649657127,-0.011857154215469734,0.0
2.589,50.0,50.01211051526911,10.026717774976087,-0.011988915309537163,0.0
2.59,50.0,50.01222199163227,10.02471737568669,-0.012110515269107225,0.0
2.591,50.0,50.01232338869771,10.022723811413725,-0.012221991632273443,0.0
2.592,50.0,50.01241475741042,10.020738420281274,-0.012323388697708992,0.0
2.593,50.0,50.012496155244115,10.018762518221251,-0.012414757410418531,0.0
2.594,50.0,50.012567646080406,10.016797398306428,-0.01249615524411496,0.0
2.595,50.0,50.01262930008487,10.014844330107756,-0.012567646080405837,0.0
2.596,50.0,50.012681193580164,10.012904559076421,-0.012629300084867623,0.0
2.597,50.0,50.01272340891634,10.010979305950586,-0.012681193580164063,0.0
2.598,50.0,50.01275603433835,10.009069766186968,-0.01272340891633661,0.0
2.599,50.0,50.0127791638511,10.00717710941756,-0.012756034338352151,0.0
2.6,50.0,50.01279289708191,10.00530247893122,-0.012779163851099895,0.0
2.601,50.0,50.01279733914073,10.003446991180518,-0.01279289708190845,0.0
2.602,50.0,50.01279260047816,10.001611735313777,-0.012797339140732333,0.0
2.603,50.0,50.01277879674134,9.99979777273217,-0.012792600478157112,0.0
2.604,50.0,50.012756048627956,9.998006136672027,-0.012778796741336862,0.0
2.605,50.0,50.01272448173839,9.996237831812499,-0.012756048627956318,0.0
2.606,50.0,50.01268422642619,9.99449383390833,-0.01272448173838825,0.0
2.607,50.0,50.012635417647,9.992775089447584,-0.012684226426188161,0.0
2.608,50.0,50.012578194806025,9.991082515334607,-0.012635417646997382,0.0
2.609,50.0,50.01251270160421,9.989416998597912,-0.012578194806025067,0.0
2.61,50.0,50.012439085883216,9.987779396122978,-0.012512701604208587,0.0
2.611,50.0,50.01235749946938,9.986170534409702,-0.01243908588321574,0.0
2.612,50.0,50.01226809801668,9.984591209354528,-0.012357499469381139,0.0
2.613,50.0,50.012171040848955,9.983042186057224,-0.012268098016683382,0.0
2.614,50.0,50.01206649080137,9.981524198651718,-0.012171040848954817,0.0
2.615,50.0,50.01195461406137,9.980037950161327,-0.01206649080136657,0.0
2.616,50.0,50.0118355800092,9.978584112377776,-0.011954614061373547,0.0
2.617,50.0,50.01170956105801,9.977163325764067,-0.0118355800091976,0.0
2.618,50.0,50.01157673249386,9.97577619938072,-0.011709561058012241,0.0
2.619,50.0,50.01143727231554,9.974423310835682,-0.011576732493857378,0.0
2.62,50.0,50.011291361074505,9.973105206256792,-0.011437272315539815,0.0
2.621,50.0,50.01113918171487,9.971822400287365,-0.011291361074505346,0.0
2.622,50.0,50.010980919413676,9.970575376104179,-0.011139181714867163,0.0
2.623,50.0,50.01081676142155,9.969364585457699,-0.01098091941367585,0.0
2.624,50.0,50.0106468969038,9.968190448734248,-0.010816761421551746,0.0
2.625,50.0,50.0104715167821,9.967053355039678,-0.010646896903800496,0.0
2.626,50.0,50.01029081357684,9.965953662304397,-0.010471516782097012,0.0
2.6270000000000002,50.0,50.01010498125031,9.964891697409438,-0.010290813576837365,0.0
2.628,50.0,50.00991421505072,9.963867756332942,-0.010104981250307787,0.0
2.629,50.0,50.00971871135725,9.962882104317025,-0.009914215050720543,0.0
2.63,50.0,50.009518667526166,9.961934976054469,-0.009718711357251664,0.0
2.6310000000000002,50.0,50.00931428173811,9.961026575894905,-0.009518667526165814,0.0
2.632,50.0,50.00910575284673,9.960157078070207,-0.00931428173811355,0.0
2.633,50.0,50.00889328022858,9.959326626938454,-0.009105752846728876,0.0
2.634,50.0,50.00867706363458,9.958535337246387,-0.008893280228576828,0.0
2.6350000000000002,50.0,50.008457303042995,9.957783294409621,-0.008677063634578985,0.0
2.636,50.0,50.008234198514,9.957070554810365,-0.008457303042995079,0.0
2.637,50.0,50.00800795004605,9.956397146112401,-0.00823419851400331,0.0
2.638,50.0,50.00777875743397,9.955763067592395,-0.008007950046049928,0.0
2.6390000000000002,50.0,50.00754682012897,9.955168290487592,-0.007778757433968053,0.0
2.64,50.0,50.00731233710064,9.954612758359302,-0.0075468201289723424,0.0
2.641,50.0,50.0070755067009,9.95409638747143,-0.0073123371006431626,0.0
2.642,50.0,50.00683652653012,9.953619067184174,-0.0070755067009002914,0.0
2.6430000000000002,50.0,50.0065955933054,9.953180660361754,-0.006836526530122455,0.0
2.644,50.0,50.00635290273107,9.952781003794382,-0.006595593305398495,0.0
2.645,50.0,50.006108649371505,9.952419908633317,-0.006352902731066479,0.0
2.646,50.0,50.00586302652633,9.95209716083927,-0.006108649371505237,0.0
2.6470000000000002,50.0,50.00561622610802,9.951812521643015,-0.0058630265263275305,0.0
2.648,50.0,50.005368438522,9.951565728017966,-0.005616226108017486,0.0
2.649,50.0,50.0051198525493,9.951356493164594,-0.005368438521998087,0.0
2.65,50.0,50.00487065523178,9.951184507005493,-0.005119852549299253,0.0
2.6510000000000002,50.0,50.00462103176,9.951049436691283,-0.004870655231776766,0.0
2.652,50.0,50.00437116536382,9.950950927116377,-0.004621031760002836,0.0
2.653,50.0,50.00412123720568,9.950888601444474,-0.004371165363821206,0.0
2.654,50.0,50.00387142627669,9.950862061642878,-0.0041212372056804725,0.0
2.6550000000000002,50.0,50.00362190929554,9.950870889025758,-0.003871426276688794,0.0
2.656,50.0,50.00337286061027,9.95091464480516,-0.003621909295539183,0.0
2.657,50.0,50.00312445210291,9.950992870649753,-0.0033728606102698677,0.0
2.658,50.0,50.002876853097064,9.95110508925075,-0.0031244521029094585,0.0
2.6590000000000003,50.0,50.00263023026844,9.951250804894306,-0.0028768530970637585,0.0
2.66,50.0,50.00238474755837,9.951429504040167,-0.002630230268437117,0.0
2.661,50.0,50.00214056609034,9.951640655905793,-0.0023847475583664846,0.0
2.662,50.0,50.00189784408953,9.951883713055768,-0.002140566090339746,0.0
2.6630000000000003,50.0,50.001656736805415,9.95215811199598,-0.0018978440895267568,0.0
2.664,50.0,50.00141739643747,9.952463273771643,-0.0016567368054154485,0.0
2.665,50.0,50.00117997206388,9.952798604569365,-0.001417396437467744,0.0
2.666,50.0,50.00094460957343,9.953163496322286,-0.001179972063880541,0.0
2.6670000000000003,50.0,50.000711451600445,9.953557327318089,-0.0009446095734304549,0.0
2.668,50.0,50.00048063746289,9.953979462809162,-0.0007114516004449456,0.0
2.669,50.0,50.00025230310355,9.954429255624614,-0.00048063746289273013,0.0
2.67,50.0,50.00002658103437,9.954906046783927,-0.00025230310355084384,0.0
2.6710000000000003,50.0,49.99980360028389,9.955409166111075,-2.6581034369144163e-05,0.0
2.672,50.0,49.99958348634785,9.955937932849592,0.00019639971610985185,0.0
2.673,50.0,49.99936636114289,9.956491656277285,0.0004165136521478985,0.0
2.674,50.0,49.99915234296335,9.95706963632071,0.000633638857109986,0.0
2.6750000000000003,50.0,49.99894154644123,9.957671164168861,0.0008476570366511282,0.0
2.676,50.0,49.998734082509216,9.958295522885399,0.0010584535587696564,0.0
2.677,50.0,49.9985300583668,9.958941988019399,0.0012659174907838633,0.0
2.678,50.0,49.9983295774495,9.959609828213809,0.0014699416331964699,0.0
2.6790000000000003,50.0,49.998132739401115,9.960298305811504,0.001670422550496653,0.0
2.68,50.0,49.997939640049005,9.961006677458323,0.001867260598885423,0.0
2.681,50.0,49.99775037138247,9.961734194703016,0.002060359950995405,0.0
2.682,50.0,49.99756502153406,9.962480104593123,0.0022496286175268665,0.0
2.6830000000000003,50.0,49.99738367476386,9.963243650267156,0.0024349784659420948,0.0
2.684,50.0,49.997206411446804,9.964024071542061,0.0026163252361399714,0.0
2.685,50.0,49.99703330806284,9.964820605495996,0.0027935885531960025,0.0
2.686,50.0,49.996864437190006,9.96563248704583,0.0029666919371607037,0.0
2.6870000000000003,50.0,49.99669986750041,9.96645894951935,0.0031355628099944965,0.0
2.688,50.0,49.996539663759016,9.967299225221279,0.003300132499589381,0.0
2.689,50.0,49.99638388682522,9.96815254599333,0.0034603362409839633,0.0
2.69,50.0,49.99623259365723,9.96901814376772,0.0036161131747789454,0.0
2.691,50.0,49.99608583731914,9.969895251113721,0.0037674063427672877,0.0
2.692,50.0,49.99594366699071,9.970783101777242,0.003914162680857203,0.0
2.693,50.0,49.99580612797978,9.971680931212838,0.004056333009287982,0.0
2.694,50.0,49.995673261737345,9.97258797710814,0.004193872020216816,0.0
2.695,50.0,49.99554510587511,9.973503479900025,0.004326738262655283,0.0
2.696,50.0,49.99542169418565,9.974426683282838,0.004454894124890529,0.0
2.697,50.0,49.99530305666501,9.975356834707844,0.004578305814348482,0.0
2.698,50.0,49.995189219537714,9.97629318587397,0.004696943334991488,0.0
2.699,50.0,49.995080205284225,9.977234993209539,0.004810780462285891,0.0
2.7,50.0,49.994976032670664,9.978181518344643,0.004919794715775083,0.0
2.701,50.0,49.994876716780865,9.979132028574178,0.0050239673293361875,0.0
2.702,50.0,49.99478226905064,9.980085797311041,0.005123283219134578,0.0
2.703,50.0,49.99469269730424,9.981042104529552,0.00521773094936151,0.0
2.704,50.0,49.99460800579293,9.982000237198584,0.005307302695761962,0.0
2.705,50.0,49.99452819523566,9.982959489704683,0.0053919942070734805,0.0
2.706,50.0,49.99445326286175,9.9839191642644,0.005471804764340504,0.0
2.707,50.0,49.994383202455516,9.98487857132631,0.005546737138253377,0.0
2.708,50.0,49.99431800440287,9.985837029962001,0.0056167975444836316,0.0
2.709,50.0,49.9942576557397,9.986793868246258,0.00568199559712923,0.0
2.71,50.0,49.99420214020209,9.987748423626142,0.005742344260298182,0.0
2.711,50.0,49.99415143827829,9.988700043278945,0.0057978597979087,0.0
2.712,50.0,49.9941055272623,9.98964808445861,0.005848561721712997,0.0
2.713,50.0,49.994064381309194,9.990591914831093,0.005894472737701051,0.0
2.714,50.0,49.994027971491874,9.99153091279774,0.005935618690806166,0.0
2.715,50.0,49.99399626585942,9.992464467807526,0.005972028508125504,0.0
2.716,50.0,49.99396922949685,9.993391980657227,0.006003734140577421,0.0
2.717,50.0,49.99394682458625,9.99431286378006,0.006030770503151928,0.0
2.718,50.0,49.99392901046928,9.995226541522298,0.006053175413747169,0.0
2.719,50.0,49.99391574371085,9.996132450408235,0.006070989530719828,0.0
2.72,50.0,49.993906978164105,9.997030039393067,0.006084256289149437,0.0
2.721,50.0,49.99390266503646,9.99791877010379,0.006093021835894774,0.0
2.722,50.0,49.993902752956764,9.998798117068288,0.006097334963541812,0.0
2.723,50.0,49.993907188043465,9.999667567932212,0.006097247043236109,0.0
2.724,50.0,49.993915913973744,10.00052662366406,0.006092811956534661,0.0
2.725,50.0,49.99392887205351,10.001374798747998,0.006084086026255875,0.0
2.726,50.0,49.99394600128828,10.002211621365007,0.006071127946491117,0.0
2.727,50.0,49.9939672384548,10.003036633561692,0.006053998711720965,0.0
2.728,50.0,49.993992518173386,10.003849391407401,0.006032761545199605,0.0
2.729,50.0,49.99402177298091,10.004649465139341,0.00600748182661448,0.0
2.73,50.0,49.994054933404406,10.00543643929582,0.00597822701909223,0.0
2.731,50.0,49.99409192803519,10.006209912837544,0.005945066595593573,0.0
2.732,50.0,49.99413268360344,10.006969499257384,0.0059080719648108015,0.0
2.733,50.0,49.99417712505323,10.007714826678226,0.0058673163965607955,0.0
2.734,50.0,49.99422517561787,10.00844553793928,0.005822874946773027,0.0
2.735,50.0,49.99427675689561,10.009161290670862,0.005774824382129395,0.0
2.736,50.0,49.9943317889255,10.009861757357637,0.005723243104391429,0.0
2.737,50.0,49.99439019026353,10.010546625390589,0.005668211074500107,0.0
2.738,50.0,49.994451878058804,10.011215597107574,0.005609809736469629,0.0
2.739,50.0,49.99451676812986,10.011868389822972,0.005548121941195916,0.0
2.74,50.0,49.99458477504096,10.012504735845962,0.005483231870137217,0.0
2.741,50.0,49.994655812178365,10.013124382488236,0.005415224959037346,0.0
2.742,50.0,49.99472979182649,10.013727092060575,0.005344187821634705,0.0
2.743,50.0,49.99480662524395,10.014312641859117,0.005270208173513424,0.0
2.744,50.0,49.99488622273941,10.014880824140727,0.005193374756046865,0.0
2.745,50.0,49.99496849374711,10.015431446088353,0.0051137772605898135,0.0
2.746,50.0,49.99505334690219,10.015964329765964,0.005031506252890949,0.0
2.747,50.0,49.995140690115605,10.016479312063442,0.004946653097810838,0.0
2.748,50.0,49.99523043064865,10.016976244631618,0.004859309884395202,0.0
2.749,50.0,49.99532247518704,10.017454993807613,0.004769569351353198,0.0
2.75,50.0,49.9954167299145,10.01791544053047,0.0046775248129620195,0.0
2.751,50.0,49.995513100585825,10.018357480247593,0.004583270085497304,0.0
2.7520000000000002,50.0,49.995611492599295,10.018781022811815,0.004486899414175127,0.0
2.753,50.0,49.995711811068546,10.019185992369575,0.004388507400705066,0.0
2.754,50.0,49.99581396089368,10.019572327240157,0.004288188931454329,0.0
2.755,50.0,49.995917846831716,10.01993997978651,0.004186039106322426,0.0
2.7560000000000002,50.0,49.996023373566274,10.020288916277318,0.004082153168283753,0.0
2.757,50.0,49.996130445776416,10.020619116741072,0.003976626433725983,0.0
2.758,50.0,49.9962389682047,10.0209305748121,0.0038695542235842595,0.0
2.759,50.0,49.99634884572434,10.021223297568666,0.0037610317952996297,0.0
2.7600000000000002,50.0,49.99645998340544,10.021497305363496,0.0036511542756585413,0.0
2.761,50.0,49.99657228658027,10.021752631647017,0.0035400165945631556,0.0
2.762,50.0,49.9966856609076,10.021989322783282,0.00342771341973247,0.0
2.763,50.0,49.99680001243599,10.022207437858999,0.0033143390923981997,0.0
2.7640000000000002,50.0,49.99691524766598,10.022407048485768,0.003199987564009632,0.0
2.765,50.0,49.9970312736113,10.022588238595969,0.0030847523340185035,0.0
2.766,50.0,49.997147997858846,10.022751104232077,0.0029687263887012705,0.0
2.767,50.0,49.99726532862764,10.022895753330278,0.0028520021411537755,0.0
2.7680000000000002,50.0,49.9973831748265,10.023022305497816,0.0027346713723588323,0.0
2.769,50.0,49.997501446110604,10.023130891785195,0.0026168251734972614,0.0
2.77,50.0,49.99762005293675,10.02322165445262,0.0024985538893957937,0.0
2.771,50.0,49.99773890661747,10.0232947467316,0.0023799470632468456,0.0
2.7720000000000002,50.0,49.99785791937376,10.023350332581359,0.0022610933825291113,0.0
2.773,50.0,49.99797700438659,10.023388586440838,0.0021420806262426595,0.0
2.774,50.0,49.99809607584709,10.023409692976074,0.0020229956134087956,0.0
2.775,50.0,49.99821504900536,10.023413846823562,0.0019039241529128503,0.0
2.7760000000000002,50.0,49.998333840218,10.023401252329373,0.0017849509946401554,0.0
2.777,50.0,49.99845236699421,10.023372123284766,0.0016661597819975782,0.0
2.778,50.0,49.998570548040504,10.023326682658212,0.0015476330057921928,0.0
2.779,50.0,49.998688303304085,10.023265162324142,0.001429451959495509,0.0
2.7800000000000002,50.0,49.99880555401472,10.023187802788701,0.001311696695914577,0.0
2.781,50.0,49.99892222272527,10.023094852912697,0.0011944459852770706,0.0
2.782,50.0,49.9990382333507,10.022986569631893,0.0010777772747303516,0.0
2.783,50.0,49.999153511205726,10.022863217675077,0.0009617666492971466,0.0
2.7840000000000003,50.0,49.99926798304092,10.022725069279986,0.0008464887942736254,0.0
2.785,50.0,49.99938157707742,10.022572403907272,0.0007320169590769865,0.0
2.786,50.0,49.99949422304011,10.02240550795297,0.0006184229225780769,0.0
2.787,50.0,49.99960585218937,10.0222246744594,0.0005057769598906248,0.0
2.7880000000000003,50.0,49.99971639735131,10.022030202824835,0.00039414781063129567,0.0
2.789,50.0,49.99982579294652,10.02182239851239,0.0002836026486932042,0.0
2.79,50.0,49.99993397501736,10.021601572757966,0.00017420705348314414,0.0
2.791,50.0,50.00004088125373,10.021368042277615,6.602498263674761e-05,0.0
2.7920000000000003,50.0,50.00014645101735,10.021122128974847,-4.088125373158391e-05,0.0
2.793,50.0,50.00025062536457,10.020864159647406,-0.00014645101735055732,0.0
2.794,50.0,50.00035334706768,10.020594465694522,-0.00025062536457198803,0.0
2.795,50.0,50.000454560634736,10.020313382824291,-0.0003533470676799766,0.0
2.7960000000000003,50.0,50.000554212327906,10.020021250761486,-0.0004545606347363673,0.0
2.797,50.0,50.00065225018036,10.019718412956303,-0.0005542123279056455,0.0
2.798,50.0,50.00074862401165,10.01940521629367,-0.0006522501803587488,0.0
2.799,50.0,50.00084328544166,10.019082010804057,-0.0007486240116492127,0.0
2.8000000000000003,50.0,50.00093618790309,10.01874914937532,-0.0008432854416611235,0.0
2.801,50.0,50.00102728665252,10.018406987466115,-0.0009361879030933551,0.0
2.802,50.0,50.001116538779975,10.018055882820837,-0.0010272866525227187,0.0
2.803,50.0,50.00120390321713,10.017696195186758,-0.0011165387799749737,0.0
2.8040000000000003,50.0,50.00128934074408,10.01732828603281,-0.0012039032171315966,0.0
2.805,50.0,50.00137281399469,10.016952518270857,-0.0012893407440799365,0.0
2.806,50.0,50.0014542874606,10.016569255979158,-0.0013728139946920237,0.0
2.807,50.0,50.00153372749378,10.016178864128516,-0.001454287460596504,0.0
2.8080000000000003,50.0,50.00161110230784,10.01578170831109,-0.0015337274937792245,0.0
2.809,50.0,50.00168638197789,10.01537815447202,-0.0016111023078408948,0.0
2.81,50.0,50.00175953843913,10.014968568644194,-0.0016863819778905054,0.0
2.811,50.0,50.001830545484125,10.014553316686087,-0.0017595384391313473,0.0
2.8120000000000003,50.0,50.00189937875876,10.014132764023007,-0.0018305454841254232,0.0
2.813,50.0,50.001966015756956,10.013707275391862,-0.001899378758757564,0.0
2.814,50.0,50.00203043581415,10.013277214589369,-0.0019660157569560965,0.0
2.815,50.0,50.002092620099454,10.012842944224072,-0.0020304358141487455,0.0
2.816,50.0,50.00215255160672,10.012404825472467,-0.002092620099453768,0.0
2.817,50.0,50.00221021514431,10.0119632178387,-0.00215255160672001,0.0
2.818,50.0,50.002265597323756,10.011518478918852,-0.002210215144309302,0.0
2.819,50.0,50.00231868654728,10.011070964169152,-0.0022655973237561966,0.0
2.82,50.0,50.002369472994125,10.010621026678585,-0.002318686547276627,0.0
2.821,50.0,50.00241794860586,10.010169016946142,-0.0023694729941254877,0.0
2.822,50.0,50.002464107070566,10.009715282662581,-0.0024179486058599764,0.0
2.823,50.0,50.00250794380598,10.009260168496631,-0.0024641070705655466,0.0
2.824,50.0,50.002549455941605,10.008804015886273,-0.002507943805980517,0.0
2.825,50.0,50.002588642299834,10.008347162834793,-0.002549455941604606,0.0
2.826,50.0,50.002625503376095,10.007889943711616,-0.002588642299834021,0.0
2.827,50.0,50.00266004131801,10.007432689058309,-0.0026255033760946844,0.0
2.828,50.0,50.00269225990369,10.006975725399808,-0.002660041318009121,0.0
2.829,50.0,50.002722164519085,10.006519375060487,-0.0026922599036893757,0.0
2.83,50.0,50.00274976213449,10.00606395598578,-0.002722164519084913,0.0
2.831,50.0,50.002775061280204,10.005609781568918,-0.002749762134492073,0.0
2.832,50.0,50.00279807202134,10.005157160483128,-0.002775061280203772,0.0
2.833,50.0,50.002818805931916,10.004706396519273,-0.0027980720213420796,0.0
2.834,50.0,50.00283727606813,10.004257788428863,-0.0028188059319163017,0.0
2.835,50.0,50.00285349694092,10.003811629772573,-0.002837276068127892,0.0
2.836,50.0,50.00286748448785,10.003368208774445,-0.0028534969409221844,0.0
2.837,50.0,50.002879256044274,10.002927808181587,-0.002867484487850902,0.0
2.838,50.0,50.00288883031388,10.00249070512944,-0.002879256044273859,0.0
2.839,50.0,50.00289622733863,10.002057171012906,-0.002888830313878543,0.0
2.84,50.0,50.00290146846811,10.00162747136286,-0.002896227338631263,0.0
2.841,50.0,50.002904576328284,10.00120186572856,-0.0029014684681101244,0.0
2.842,50.0,50.002905574789786,10.000780607565725,-0.002904576328283781,0.0
2.843,50.0,50.00290448893565,10.000363944130175,-0.002905574789785703,0.0
2.844,50.0,50.0029013450286,9.999952116377479,-0.0029044889356484305,0.0
2.845,50.0,50.00289617047791,9.999545358868092,-0.002901345028597291,0.0
2.846,50.0,50.002888993805826,9.999143899678192,-0.0028961704779106867,0.0
2.847,50.0,50.0028798446136,9.998747960316495,-0.002888993805825635,0.0
2.848,50.0,50.00286875354722,9.998357755646492,-0.002879844613602245,0.0
2.849,50.0,50.00285575226275,9.997973493814486,-0.0028687535472187164,0.0
2.85,50.0,50.0028408733914,9.997595376183261,-0.0028557522627465914,0.0
2.851,50.0,50.00282415050437,9.997223597271589,-0.002840873391399157,0.0
2.852,50.0,50.00280561807736,9.996858344698989,-0.002824150504366685,0.0
2.853,50.0,50.002785311454964,9.996499799136451,-0.00280561807736035,0.0
2.854,50.0,50.002763266814824,9.996148134262535,-0.002785311454964301,0.0
2.855,50.0,50.00273952113164,9.995803516724921,-0.0027632668148243056,0.0
2.856,50.0,50.00271411214104,9.995466106107674,-0.0027395211316374457,0.0
2.857,50.0,50.00268707830342,9.995136054903783,-0.0027141121410423352,0.0
2.858,50.0,50.00265845876758,9.994813508493035,-0.0026870783034169676,0.0
2.859,50.0,50.00262829333444,9.9944986051254,-0.0026584587675770877,0.0
2.86,50.0,50.002596622420654,9.994191475909624,-0.002628293334439036,0.0
2.861,50.0,50.00256348702227,9.993892244807084,-0.002596622420654171,0.0
2.862,50.0,50.0025289286784,9.99360102863071,-0.0025634870222717154,0.0
2.863,50.0,50.00249298943497,9.993317937049182,-0.0025289286784015985,0.0
2.864,50.0,50.002455711808516,9.993043072595965,-0.0024929894349696724,0.0
2.865,50.0,50.002417138750126,9.992776530683573,-0.0024557118085155594,0.0
2.866,50.0,50.002377313609486,9.992518399622536,-0.0024171387501255026,0.0
2.867,50.0,50.0023362800991,9.99226876064529,-0.0023773136094860092,0.0
2.868,50.0,50.00229408225868,9.992027687934765,-0.002336280099100918,0.0
2.869,50.0,50.002250764419706,9.991795248657702,-0.0022940822586789977,0.0
2.87,50.0,50.0022063711703,9.991571503002666,-0.002250764419706286,0.0
2.871,50.0,50.00216094732024,9.991356504222212,-0.0022063711703026456,0.0
2.872,50.0,50.00211453786632,9.991150298680003,-0.002160947320241746,0.0
2.873,50.0,50.00206718795796,9.99095292590177,-0.0021145378663192105,0.0
2.874,50.0,50.00201894286316,9.990764418630826,-0.0020671879579623464,0.0
2.875,50.0,50.00196984793474,9.9905848028877,-0.002018942863159623,0.0
2.876,50.0,50.00191994857697,9.990414098033714,-0.0019698479347383113,0.0
2.8770000000000002,50.0,50.00186929021258,9.990252316838712,-0.0019199485769689772,0.0
2.878,50.0,50.00181791825013,9.990099465552381,-0.0018692902125820865,0.0
2.879,50.0,50.00176587805178,9.989955543979658,-0.0018179182501327773,0.0
2.88,50.0,50.00171321490153,9.989820545559738,-0.0017658780517777473,0.0
2.8810000000000002,50.0,50.001659973973865,9.989694457448385,-0.0017132149015282039,0.0
2.882,50.0,50.00160620030291,9.98957726060422,-0.001659973973865192,0.0
2.883,50.0,50.001551938751994,9.989468929877777,-0.0016062003029091443,0.0
2.884,50.0,50.00149723398376,9.98936943410432,-0.0015519387519944416,0.0
2.8850000000000002,50.0,50.001442130430775,9.989278736199621,-0.0014972339837626691,0.0
2.886,50.0,50.00138667226664,9.989196793258728,-0.0014421304307745686,0.0
2.887,50.0,50.001330903377664,9.98912355665773,-0.0013866722666406872,0.0
2.888,50.0,50.00127486733508,9.989058972158514,-0.001330903377663617,0.0
2.8890000000000002,50.0,50.001218607367825,9.989002980015918,-0.00127486733507709,0.0
2.89,50.0,50.001162166335895,9.98895551508773,-0.0012186073678250864,0.0
2.891,50.0,50.0011055867043,9.98891650694727,-0.001162166335895165,0.0
2.892,50.0,50.00104891051758,9.988885879998026,-0.0011055867042983891,0.0
2.8930000000000002,50.0,50.00099217937502,9.988863553591004,-0.0010489105175821578,0.0
2.894,50.0,50.000935434406365,9.988849442143824,-0.000992179375018054,0.0
2.895,50.0,50.00087871624827,9.988843455262197,-0.000935434406365232,0.0
2.896,50.0,50.00082206502134,9.988845497863263,-0.0008787162482732924,0.0
2.8970000000000002,50.0,50.00076552030782,9.988855470300697,-0.0008220650213388581,0.0
2.898,50.0,50.00070912112997,9.988873268491448,-0.0007655203078229533,0.0
2.899,50.0,50.000652905929066,9.988898784044459,-0.0007091211299723454,0.0
2.9,50.0,50.00059691254509,9.988931904390455,-0.0006529059290656392,0.0
2.9010000000000002,50.0,50.00054117819711,9.988972512913405,-0.0005969125450917545,0.0
2.902,50.0,50.00048573946433,9.989020489083202,-0.0005411781971105256,0.0
2.903,50.0,50.000430632267815,9.989075708589317,-0.0004857394643309476,0.0
2.904,50.0,50.000375891852926,9.989138043475903,-0.0004306322678147012,0.0
2.9050000000000002,50.0,50.00032155277246,9.989207362277492,-0.0003758918529257471,0.0
2.906,50.0,50.00026764887047,9.989283530155653,-0.0003215527724620415,0.0
2.907,50.0,50.00021421326678,9.98936640903649,-0.00026764887046937247,0.0
2.908,50.0,50.000161278342254,9.989455857748615,-0.00021421326677995012,0.0
2.9090000000000003,50.0,50.00010887572472,9.989551732161681,-0.00016127834225443394,0.0
2.91,50.0,50.00005703627562,9.989653885325385,-0.00010887572472029206,0.0
2.911,50.0,50.00000579007739,9.989762167608783,-5.7036275620703236e-05,0.0
2.912,50.0,49.99995516642151,9.9898764268397,-5.790077388212467e-06,0.0
2.9130000000000003,50.0,49.99990519379731,9.98999650844441,4.4833578492387005e-05,0.0
2.914,50.0,49.999855899881446,9.99012225558714,9.480620268931261e-05,0.0
2.915,50.0,49.999807311528116,9.99025350930974,0.00014410011855403582,0.0
2.916,50.0,49.99975945475994,9.990390108670756,0.0001926884718841393,0.0
2.9170000000000003,50.0,49.9997123547596,9.990531890884741,0.0002405452400608965,0.0
2.918,50.0,49.99966603586215,9.990678691460635,0.00028764524039814887,0.0
2.919,50.0,49.99962052154799,9.990830344340079,0.00033396413785169443,0.0
2.92,50.0,49.99957583443662,9.990986682035008,0.00037947845201102837,0.0
2.9210000000000003,50.0,49.99953199628101,9.991147535764503,0.0004241655633805408,0.0
2.922,50.0,49.99948902796268,9.991312735591027,0.00046800371899280435,0.0
2.923,50.0,49.9994469494875,9.991482110555728,0.0005109720373184246,0.0
2.924,50.0,49.99940577998208,9.991655488812828,0.0005530505125008744,0.0
2.9250000000000003,50.0,49.99936553769091,9.99183269776309,0.0005942200179234192,0.0
2.926,50.0,49.99932623997415,9.992013564186045,0.000634462309086814,0.0
2.927,50.0,49.99928790330603,9.992197914371207,0.000673760025847514,0.0
2.928,50.0,49.999250543273966,9.99238557424784,0.0007120966939666573,0.0
2.9290000000000003,50.0,49.99921417457826,9.992576369513568,0.0007494567260337703,0.0
2.93,50.0,49.99917881103249,9.992770125761494,0.0007858254217367744,0.0
2.931,50.0,49.99914446556449,9.992966668605913,0.0008211889675067141,0.0
2.932,50.0,49.999111150217956,9.993165823806306,0.0008555344355087868,0.0
2.9330000000000003,50.0,49.99907887615469,9.99336741738992,0.0008888497820436214,0.0
2.934,50.0,49.9990476536574,9.993571275772458,0.0009211238453090687,0.0
2.935,50.0,49.99901749213313,9.993777225877285,0.0009523463426006629,0.0
2.936,50.0,49.998988400117256,9.993985095252487,0.000982507866872595,0.0
2.9370000000000003,50.0,49.99896038527807,9.994194712186289,0.0010115998827444628,0.0
2.938,50.0,49.998933454421895,9.99440590582045,0.0010396147219324803,0.0
2.939,50.0,49.99890761349878,9.99461850626164,0.0010665455781051492,0.0
2.94,50.0,49.998882867608735,9.99483234469093,0.0010923865012202327,0.0
2.9410000000000003,50.0,49.99885922100848,9.99504725347085,0.0011171323912648745,0.0
2.942,50.0,49.998836677118724,9.995263066250624,0.0011407789915196531,0.0
2.943,50.0,49.998815238531954,9.995479618069044,0.0011633228812755192,0.0
2.944,50.0,49.998794907020695,9.995696745455081,0.001184761468046247,0.0
2.945,50.0,49.998775683546306,9.99591428652634,0.0012050929793048226,0.0
2.946,50.0,49.99875756826818,9.996132081084914,0.0012243164536940299,0.0
2.947,50.0,49.99874056055347,9.996349970711197,0.0012424317318178169,0.0
2.948,50.0,49.99872465898719,9.99656779885498,0.0012594394465281766,0.0
2.949,50.0,49.99870986138283,9.996785410924373,0.0012753410128070186,0.0
2.95,50.0,49.99869616479331,9.997002654371972,0.0012901386171719764,0.0
2.951,50.0,49.998683565522406,9.997219378778706,0.0013038352066914172,0.0
2.952,50.0,49.99867205913656,9.99743543593515,0.0013164344775944414,0.0
2.953,50.0,49.998661640477025,9.997650679920005,0.0013279408634403467,0.0
2.954,50.0,49.99865230367243,9.997864967176389,0.001338359522975452,0.0
2.955,50.0,49.99864404215168,9.99807815658521,0.0013476963275707021,0.0
2.956,50.0,49.99863684865721,9.998290109535981,0.0013559578483182122,0.0
2.957,50.0,49.99863071525853,9.99850068999498,0.0013631513427867503,0.0
2.958,50.0,49.998625633366125,9.998709764570885,0.001369284741471688,0.0
2.959,50.0,49.998621593745646,9.998917202577362,0.0013743666338754679,0.0
2.96,50.0,49.998618586532366,9.999122876093384,0.0013784062543535924,0.0
2.961,50.0,49.998616601245935,9.999326660020575,0.001381413467633763,0.0
2.962,50.0,49.99861562680538,9.999528432137861,0.0013833987540650128,0.0
2.963,50.0,49.99861565154434,9.999728073153468,0.0013843731946181492,0.0
2.964,50.0,49.99861666322657,9.999925466754297,0.0013843484556588237,0.0
2.965,50.0,49.998618649061605,10.000120499652194,0.0013833367734292779,0.0
2.966,50.0,49.998621595720685,10.000313061628022,0.0013813509383950873,0.0
2.967,50.0,49.998625489352825,10.000503045572525,0.0013784042793147933,0.0
2.968,50.0,49.9986303156011,10.000690347524836,0.0013745106471745316,0.0
2.969,50.0,49.99863605961904,10.000874866707969,0.0013696843989023932,0.0
2.97,50.0,49.99864270608723,10.001056505561884,0.001363940380961992,0.0
2.971,50.0,49.99865023923001,10.001235169773654,0.001357293912768398,0.0
2.972,50.0,49.998658642832304,10.001410768305083,0.0013497607699903824,0.0
2.973,50.0,49.99866790025656,10.001583213417431,0.0013413571676963443,0.0
2.974,50.0,49.99867799445977,10.001752420693814,0.0013320997434433934,0.0
2.975,50.0,49.9986889080106,10.001918309058677,0.0013220055402314301,0.0
2.976,50.0,49.998700623106565,10.002080800794822,0.0013110919894003814,0.0
2.977,50.0,49.998713121591244,10.002239821557662,0.001299376893435067,0.0
2.978,50.0,49.99872638497159,10.002395300387162,0.0012868784087558538,0.0
2.979,50.0,49.9987403944352,10.002547169716843,0.0012736150284098358,0.0
2.98,50.0,49.99875513086767,10.002695365380674,0.001259605564797539,0.0
2.981,50.0,49.99877057486989,10.002839826617102,0.0012448691323285743,0.0
2.982,50.0,49.99878670677537,10.00298049607084,0.0012294251301128156,0.0
2.983,50.0,49.99880350666756,10.003117319792048,0.001213293224630263,0.0
2.984,50.0,49.998820954397054,10.003250247233193,0.0011964933324435378,0.0
2.985,50.0,49.99883902959888,10.003379231243558,0.001179045602945905,0.0
2.986,50.0,49.99885771170958,10.003504228061189,0.0011609704011235067,0.0
2.987,50.0,49.99887697998439,10.003625197302808,0.0011422882904170706,0.0
2.988,50.0,49.99889681351416,10.003742101951175,0.0011230200156120418,0.0
2.989,50.0,49.99891719124235,10.00385490834042,0.0011031864858424,0.0
2.99,50.0,49.9989380919818,10.003963586138967,0.0010828087576513212,0.0
2.991,50.0,49.99895949443147,10.004068108330557,0.001061908018201052,0.0
2.992,50.0,49.998981377193,10.004168451192768,0.0010405055685325237,0.0
2.993,50.0,49.99900371878717,10.004264594273787,0.0010186228070026004,0.0
2.994,50.0,49.99902649767022,10.004356520366958,0.0009962812128279097,0.0
2.995,50.0,49.99904969224997,10.004444215483378,0.0009735023297778866,0.0
2.996,50.0,49.99907328090183,10.004527668822572,0.0009503077500312429,0.0
2.997,50.0,49.999097241984636,10.004606872741087,0.0009267190981674389,0.0
2.998,50.0,49.99912155385625,10.004681822719453,0.0009027580153642134,0.0
2.999,50.0,49.99914619488903,10.004752517327127,0.0008784461437514324,0.0
